[  778527ms] [ERROR] [ERROR] FATAL UNHANDLED EXCEPTION: System.StackOverflowException: The requested operation caused a stack overflow. @ http://localhost:8090/_framework/blazor.webassembly.js:0
[  778527ms] [ERROR] at System.Globalization.TextInfo.ChangeCaseCommon<System.Globalization.TextInfo/ToLowerConversion> (string) <0xfff9c63e> @ http://localhost:8090/_framework/blazor.webassembly.js:0
[  778527ms] [ERROR] at string.ToLower (System.Globalization.CultureInfo) [0x00010] in <479cae8b6b5746a086ce8c44ecc3783b>:0 @ http://localhost:8090/_framework/blazor.webassembly.js:0
[  778527ms] [ERROR] at Nori.LineFont.Get (string) [0x00015] in <d74c70f944404a48bd19ff5e27c91c79>:0 @ http://localhost:8090/_framework/blazor.webassembly.js:0
[  778527ms] [ERROR] at Nori.LineFont.Get (string) [0x00082] in <d74c70f944404a48bd19ff5e27c91c79>:0 @ http://localhost:8090/_framework/blazor.webassembly.js:0
[  778527ms] [ERROR] at Nori.LineFont.Get (string) [0x00082] in <d74c70f944404a48bd19ff5e27c91c79>:0 @ http://localhost:8090/_framework/blazor.webassembly.js:0
[  778527ms] [ERROR] at Nori.LineFont.Get (string) [0x00082] in <d74c70f944404a48bd19ff5e27c91c79>:0 @ http://localhost:8090/_framework/blazor.webassembly.js:0
[  778528ms] [ERROR] at Nori.LineFont.Get (string) [0x00082] in <d74c70f944404a48bd19ff5e27c91c79>:0 @ http://localhost:8090/_framework/blazor.webassembly.js:0
[  778528ms] [ERROR] at Nori.LineFont.Get (string) [0x00082] in <d74c70f944404a48bd19ff5e27c91c79>:0 @ http://localhost:8090/_framework/blazor.webassembly.js:0
[  778528ms] [ERROR] at Nori.LineFont.Get (string) [0x00082] in <d74c70f944404a48bd19ff5e27c91c79>:0 @ http://localhost:8090/_framework/blazor.webassembly.js:0
[  778528ms] [ERROR] at Nori.LineFont.Get (string) [0x00082] in <d74c70f944404a48bd19ff5e27c91c79>:0 @ http://localhost:8090/_framework/blazor.webassembly.js:0
[  778528ms] [ERROR] at Nori.LineFont.Get (string) [0x00082] in <d74c70f944404a48bd19ff5e27c91c79>:0 @ http://localhost:8090/_framework/blazor.webassembly.js:0
[  778528ms] [ERROR] at Nori.LineFont.Get (string) [0x00082] in <d74c70f944404a48bd19ff5e27c91c79>:0 @ http://localhost:8090/_framework/blazor.webassembly.js:0
[  778528ms] [ERROR] at Nori.LineFont.Get (string) [0x00082] in <d74c70f944404a48bd19ff5e27c91c79>:0 @ http://localhost:8090/_framework/blazor.webassembly.js:0
[  778528ms] [ERROR] at Nori.LineFont.Get (string) [0x00082] in <d74c70f944404a48bd19ff5e27c91c79>:0 @ http://localhost:8090/_framework/blazor.webassembly.js:0
[  778528ms] [ERROR] at Nori.LineFont.Get (string) [0x00082] in <d74c70f944404a48bd19ff5e27c91c79>:0 @ http://localhost:8090/_framework/blazor.webassembly.js:0
[  778528ms] [ERROR] at Nori.LineFont.Get (string) [0x00082] in <d74c70f944404a48bd19ff5e27c91c79>:0 @ http://localhost:8090/_framework/blazor.webassembly.js:0
[  778528ms] [ERROR] at Nori.LineFont.Get (string) [0x00082] in <d74c70f944404a48bd19ff5e27c91c79>:0 @ http://localhost:8090/_framework/blazor.webassembly.js:0
[  778529ms] [ERROR] at Nori.LineFont.Get (string) [0x00082] in <d74c70f944404a48bd19ff5e27c91c79>:0 @ http://localhost:8090/_framework/blazor.webassembly.js:0
[  778529ms] [ERROR] at Nori.LineFont.Get (string) [0x00082] in <d74c70f944404a48bd19ff5e27c91c79>:0 @ http://localhost:8090/_framework/blazor.webassembly.js:0
[  778529ms] [ERROR] at Nori.LineFont.Get (string) [0x00082] in <d74c70f944404a48bd19ff5e27c91c79>:0 @ http://localhost:8090/_framework/blazor.webassembly.js:0
[  778529ms] [ERROR] at Nori.LineFont.Get (string) [0x00082] in <d74c70f944404a48bd19ff5e27c91c79>:0 @ http://localhost:8090/_framework/blazor.webassembly.js:0
[  778529ms] [ERROR] at Nori.LineFont.Get (string) [0x00082] in <d74c70f944404a48bd19ff5e27c91c79>:0 @ http://localhost:8090/_framework/blazor.webassembly.js:0
[  778529ms] [ERROR] at Nori.LineFont.Get (string) [0x00082] in <d74c70f944404a48bd19ff5e27c91c79>:0 @ http://localhost:8090/_framework/blazor.webassembly.js:0
[  778529ms] [ERROR] at Nori.LineFont.Get (string) [0x00082] in <d74c70f944404a48bd19ff5e27c91c79>:0 @ http://localhost:8090/_framework/blazor.webassembly.js:0
[  778529ms] [ERROR] at Nori.LineFont.Get (string) [0x00082] in <d74c70f944404a48bd19ff5e27c91c79>:0 @ http://localhost:8090/_framework/blazor.webassembly.js:0
[  778529ms] [ERROR] at Nori.LineFont.Get (string) [0x00082] in <d74c70f944404a48bd19ff5e27c91c79>:0 @ http://localhost:8090/_framework/blazor.webassembly.js:0
[  778529ms] [ERROR] at Nori.LineFont.Get (string) [0x00082] in <d74c70f944404a48bd19ff5e27c91c79>:0 @ http://localhost:8090/_framework/blazor.webassembly.js:0
[  778529ms] [ERROR] at Nori.LineFont.Get (string) [0x00082] in <d74c70f944404a48bd19ff5e27c91c79>:0 @ http://localhost:8090/_framework/blazor.webassembly.js:0
[  778529ms] [ERROR] at Nori.LineFont.Get (string) [0x00082] in <d74c70f944404a48bd19ff5e27c91c79>:0 @ http://localhost:8090/_framework/blazor.webassembly.js:0
[  778530ms] [ERROR] at Nori.LineFont.Get (string) [0x00082] in <d74c70f944404a48bd19ff5e27c91c79>:0 @ http://localhost:8090/_framework/blazor.webassembly.js:0
[  778530ms] [ERROR] at Nori.LineFont.Get (string) [0x00082] in <d74c70f944404a48bd19ff5e27c91c79>:0 @ http://localhost:8090/_framework/blazor.webassembly.js:0
[  778530ms] [ERROR] at Nori.LineFont.Get (string) [0x00082] in <d74c70f944404a48bd19ff5e27c91c79>:0 @ http://localhost:8090/_framework/blazor.webassembly.js:0
[  778530ms] [ERROR] at Nori.LineFont.Get (string) [0x00082] in <d74c70f944404a48bd19ff5e27c91c79>:0 @ http://localhost:8090/_framework/blazor.webassembly.js:0
[  778530ms] [ERROR] at Nori.LineFont.Get (string) [0x00082] in <d74c70f944404a48bd19ff5e27c91c79>:0 @ http://localhost:8090/_framework/blazor.webassembly.js:0
[  778530ms] [ERROR] at Nori.LineFont.Get (string) [0x00082] in <d74c70f944404a48bd19ff5e27c91c79>:0 @ http://localhost:8090/_framework/blazor.webassembly.js:0
[  778530ms] [ERROR] at Nori.LineFont.Get (string) [0x00082] in <d74c70f944404a48bd19ff5e27c91c79>:0 @ http://localhost:8090/_framework/blazor.webassembly.js:0
[  778530ms] [ERROR] at Nori.LineFont.Get (string) [0x00082] in <d74c70f944404a48bd19ff5e27c91c79>:0 @ http://localhost:8090/_framework/blazor.webassembly.js:0
[  778530ms] [ERROR] at Nori.LineFont.Get (string) [0x00082] in <d74c70f944404a48bd19ff5e27c91c79>:0 @ http://localhost:8090/_framework/blazor.webassembly.js:0
[  778530ms] [ERROR] at Nori.LineFont.Get (string) [0x00082] in <d74c70f944404a48bd19ff5e27c91c79>:0 @ http://localhost:8090/_framework/blazor.webassembly.js:0
[  778530ms] [ERROR] at Nori.LineFont.Get (string) [0x00082] in <d74c70f944404a48bd19ff5e27c91c79>:0 @ http://localhost:8090/_framework/blazor.webassembly.js:0
[  778530ms] [ERROR] at Nori.LineFont.Get (string) [0x00082] in <d74c70f944404a48bd19ff5e27c91c79>:0 @ http://localhost:8090/_framework/blazor.webassembly.js:0
[  778531ms] [ERROR] at Nori.LineFont.Get (string) [0x00082] in <d74c70f944404a48bd19ff5e27c91c79>:0 @ http://localhost:8090/_framework/blazor.webassembly.js:0
[  778531ms] [ERROR] at Nori.LineFont.Get (string) [0x00082] in <d74c70f944404a48bd19ff5e27c91c79>:0 @ http://localhost:8090/_framework/blazor.webassembly.js:0
[  778531ms] [ERROR] at Nori.LineFont.Get (string) [0x00082] in <d74c70f944404a48bd19ff5e27c91c79>:0 @ http://localhost:8090/_framework/blazor.webassembly.js:0
[  778531ms] [ERROR] at Nori.LineFont.Get (string) [0x00082] in <d74c70f944404a48bd19ff5e27c91c79>:0 @ http://localhost:8090/_framework/blazor.webassembly.js:0
[  778531ms] [ERROR] at Nori.LineFont.Get (string) [0x00082] in <d74c70f944404a48bd19ff5e27c91c79>:0 @ http://localhost:8090/_framework/blazor.webassembly.js:0
[  778531ms] [ERROR] at Nori.LineFont.Get (string) [0x00082] in <d74c70f944404a48bd19ff5e27c91c79>:0 @ http://localhost:8090/_framework/blazor.webassembly.js:0
[  778531ms] [ERROR] at Nori.LineFont.Get (string) [0x00082] in <d74c70f944404a48bd19ff5e27c91c79>:0 @ http://localhost:8090/_framework/blazor.webassembly.js:0
[  778531ms] [ERROR] at Nori.LineFont.Get (string) [0x00082] in <d74c70f944404a48bd19ff5e27c91c79>:0 @ http://localhost:8090/_framework/blazor.webassembly.js:0
[  778531ms] [ERROR] at Nori.LineFont.Get (string) [0x00082] in <d74c70f944404a48bd19ff5e27c91c79>:0 @ http://localhost:8090/_framework/blazor.webassembly.js:0
[  778531ms] [ERROR] at Nori.LineFont.Get (string) [0x00082] in <d74c70f944404a48bd19ff5e27c91c79>:0 @ http://localhost:8090/_framework/blazor.webassembly.js:0
[  778531ms] [ERROR] at Nori.LineFont.Get (string) [0x00082] in <d74c70f944404a48bd19ff5e27c91c79>:0 @ http://localhost:8090/_framework/blazor.webassembly.js:0
[  778531ms] [ERROR] at Nori.LineFont.Get (string) [0x00082] in <d74c70f944404a48bd19ff5e27c91c79>:0 @ http://localhost:8090/_framework/blazor.webassembly.js:0
[  778531ms] [ERROR] at Nori.LineFont.Get (string) [0x00082] in <d74c70f944404a48bd19ff5e27c91c79>:0 @ http://localhost:8090/_framework/blazor.webassembly.js:0
[  778532ms] [ERROR] at Nori.LineFont.Get (string) [0x00082] in <d74c70f944404a48bd19ff5e27c91c79>:0 @ http://localhost:8090/_framework/blazor.webassembly.js:0
[  778532ms] [ERROR] at Nori.LineFont.Get (string) [0x00082] in <d74c70f944404a48bd19ff5e27c91c79>:0 @ http://localhost:8090/_framework/blazor.webassembly.js:0
[  778532ms] [ERROR] at Nori.LineFont.Get (string) [0x00082] in <d74c70f944404a48bd19ff5e27c91c79>:0 @ http://localhost:8090/_framework/blazor.webassembly.js:0
[  778532ms] [ERROR] at Nori.LineFont.Get (string) [0x00082] in <d74c70f944404a48bd19ff5e27c91c79>:0 @ http://localhost:8090/_framework/blazor.webassembly.js:0
[  778532ms] [ERROR] at Nori.LineFont.Get (string) [0x00082] in <d74c70f944404a48bd19ff5e27c91c79>:0 @ http://localhost:8090/_framework/blazor.webassembly.js:0
[  778532ms] [ERROR] at Nori.LineFont.Get (string) [0x00082] in <d74c70f944404a48bd19ff5e27c91c79>:0 @ http://localhost:8090/_framework/blazor.webassembly.js:0
[  778532ms] [ERROR] at Nori.LineFont.Get (string) [0x00082] in <d74c70f944404a48bd19ff5e27c91c79>:0 @ http://localhost:8090/_framework/blazor.webassembly.js:0
[  778532ms] [ERROR] at Nori.LineFont.Get (string) [0x00082] in <d74c70f944404a48bd19ff5e27c91c79>:0 @ http://localhost:8090/_framework/blazor.webassembly.js:0
[  778532ms] [ERROR] at Nori.LineFont.Get (string) [0x00082] in <d74c70f944404a48bd19ff5e27c91c79>:0 @ http://localhost:8090/_framework/blazor.webassembly.js:0
[  778532ms] [ERROR] at Nori.LineFont.Get (string) [0x00082] in <d74c70f944404a48bd19ff5e27c91c79>:0 @ http://localhost:8090/_framework/blazor.webassembly.js:0
[  778533ms] [ERROR] at Nori.LineFont.Get (string) [0x00082] in <d74c70f944404a48bd19ff5e27c91c79>:0 @ http://localhost:8090/_framework/blazor.webassembly.js:0
[  778533ms] [ERROR] at Nori.LineFont.Get (string) [0x00082] in <d74c70f944404a48bd19ff5e27c91c79>:0 @ http://localhost:8090/_framework/blazor.webassembly.js:0
[  778533ms] [ERROR] at Nori.LineFont.Get (string) [0x00082] in <d74c70f944404a48bd19ff5e27c91c79>:0 @ http://localhost:8090/_framework/blazor.webassembly.js:0
[  778533ms] [ERROR] at Nori.LineFont.Get (string) [0x00082] in <d74c70f944404a48bd19ff5e27c91c79>:0 @ http://localhost:8090/_framework/blazor.webassembly.js:0
[  778533ms] [ERROR] at Nori.LineFont.Get (string) [0x00082] in <d74c70f944404a48bd19ff5e27c91c79>:0 @ http://localhost:8090/_framework/blazor.webassembly.js:0
[  778533ms] [ERROR] at Nori.LineFont.Get (string) [0x00082] in <d74c70f944404a48bd19ff5e27c91c79>:0 @ http://localhost:8090/_framework/blazor.webassembly.js:0
[  778533ms] [ERROR] at Nori.LineFont.Get (string) [0x00082] in <d74c70f944404a48bd19ff5e27c91c79>:0 @ http://localhost:8090/_framework/blazor.webassembly.js:0
[  778533ms] [ERROR] at Nori.LineFont.Get (string) [0x00082] in <d74c70f944404a48bd19ff5e27c91c79>:0 @ http://localhost:8090/_framework/blazor.webassembly.js:0
[  778533ms] [ERROR] at Nori.LineFont.Get (string) [0x00082] in <d74c70f944404a48bd19ff5e27c91c79>:0 @ http://localhost:8090/_framework/blazor.webassembly.js:0
[  778533ms] [ERROR] at Nori.LineFont.Get (string) [0x00082] in <d74c70f944404a48bd19ff5e27c91c79>:0 @ http://localhost:8090/_framework/blazor.webassembly.js:0
[  778533ms] [ERROR] at Nori.LineFont.Get (string) [0x00082] in <d74c70f944404a48bd19ff5e27c91c79>:0 @ http://localhost:8090/_framework/blazor.webassembly.js:0
[  778533ms] [ERROR] at Nori.LineFont.Get (string) [0x00082] in <d74c70f944404a48bd19ff5e27c91c79>:0 @ http://localhost:8090/_framework/blazor.webassembly.js:0
[  778533ms] [ERROR] at Nori.LineFont.Get (string) [0x00082] in <d74c70f944404a48bd19ff5e27c91c79>:0 @ http://localhost:8090/_framework/blazor.webassembly.js:0
[  778534ms] [ERROR] at Nori.LineFont.Get (string) [0x00082] in <d74c70f944404a48bd19ff5e27c91c79>:0 @ http://localhost:8090/_framework/blazor.webassembly.js:0
[  778534ms] [ERROR] at Nori.LineFont.Get (string) [0x00082] in <d74c70f944404a48bd19ff5e27c91c79>:0 @ http://localhost:8090/_framework/blazor.webassembly.js:0
[  778534ms] [ERROR] at Nori.LineFont.Get (string) [0x00082] in <d74c70f944404a48bd19ff5e27c91c79>:0 @ http://localhost:8090/_framework/blazor.webassembly.js:0
[  778534ms] [ERROR] at Nori.LineFont.Get (string) [0x00082] in <d74c70f944404a48bd19ff5e27c91c79>:0 @ http://localhost:8090/_framework/blazor.webassembly.js:0
[  778534ms] [ERROR] at Nori.LineFont.Get (string) [0x00082] in <d74c70f944404a48bd19ff5e27c91c79>:0 @ http://localhost:8090/_framework/blazor.webassembly.js:0
[  778534ms] [ERROR] at Nori.LineFont.Get (string) [0x00082] in <d74c70f944404a48bd19ff5e27c91c79>:0 @ http://localhost:8090/_framework/blazor.webassembly.js:0
[  778534ms] [ERROR] at Nori.LineFont.Get (string) [0x00082] in <d74c70f944404a48bd19ff5e27c91c79>:0 @ http://localhost:8090/_framework/blazor.webassembly.js:0
[  778534ms] [ERROR] at Nori.LineFont.Get (string) [0x00082] in <d74c70f944404a48bd19ff5e27c91c79>:0 @ http://localhost:8090/_framework/blazor.webassembly.js:0
[  778534ms] [ERROR] at Nori.LineFont.Get (string) [0x00082] in <d74c70f944404a48bd19ff5e27c91c79>:0 @ http://localhost:8090/_framework/blazor.webassembly.js:0
[  778534ms] [ERROR] at Nori.LineFont.Get (string) [0x00082] in <d74c70f944404a48bd19ff5e27c91c79>:0 @ http://localhost:8090/_framework/blazor.webassembly.js:0
[  778534ms] [ERROR] at Nori.LineFont.Get (string) [0x00082] in <d74c70f944404a48bd19ff5e27c91c79>:0 @ http://localhost:8090/_framework/blazor.webassembly.js:0
[  778534ms] [ERROR] at Nori.LineFont.Get (string) [0x00082] in <d74c70f944404a48bd19ff5e27c91c79>:0 @ http://localhost:8090/_framework/blazor.webassembly.js:0
[  778534ms] [ERROR] at Nori.LineFont.Get (string) [0x00082] in <d74c70f944404a48bd19ff5e27c91c79>:0 @ http://localhost:8090/_framework/blazor.webassembly.js:0
[  778534ms] [ERROR] at Nori.LineFont.Get (string) [0x00082] in <d74c70f944404a48bd19ff5e27c91c79>:0 @ http://localhost:8090/_framework/blazor.webassembly.js:0
[  778535ms] [ERROR] at Nori.LineFont.Get (string) [0x00082] in <d74c70f944404a48bd19ff5e27c91c79>:0 @ http://localhost:8090/_framework/blazor.webassembly.js:0
[  778535ms] [ERROR] at Nori.LineFont.Get (string) [0x00082] in <d74c70f944404a48bd19ff5e27c91c79>:0 @ http://localhost:8090/_framework/blazor.webassembly.js:0
[  778535ms] [ERROR] at Nori.LineFont.Get (string) [0x00082] in <d74c70f944404a48bd19ff5e27c91c79>:0 @ http://localhost:8090/_framework/blazor.webassembly.js:0
[  778535ms] [ERROR] at Nori.LineFont.Get (string) [0x00082] in <d74c70f944404a48bd19ff5e27c91c79>:0 @ http://localhost:8090/_framework/blazor.webassembly.js:0
[  778535ms] [ERROR] at Nori.LineFont.Get (string) [0x00082] in <d74c70f944404a48bd19ff5e27c91c79>:0 @ http://localhost:8090/_framework/blazor.webassembly.js:0
[  778535ms] [ERROR] at Nori.LineFont.Get (string) [0x00082] in <d74c70f944404a48bd19ff5e27c91c79>:0 @ http://localhost:8090/_framework/blazor.webassembly.js:0
[  778535ms] [ERROR] at Nori.LineFont.Get (string) [0x00082] in <d74c70f944404a48bd19ff5e27c91c79>:0 @ http://localhost:8090/_framework/blazor.webassembly.js:0
[  778535ms] [ERROR] at Nori.LineFont.Get (string) [0x00082] in <d74c70f944404a48bd19ff5e27c91c79>:0 @ http://localhost:8090/_framework/blazor.webassembly.js:0
[  778535ms] [ERROR] at Nori.LineFont.Get (string) [0x00082] in <d74c70f944404a48bd19ff5e27c91c79>:0 @ http://localhost:8090/_framework/blazor.webassembly.js:0
[  778535ms] [ERROR] at Nori.LineFont.Get (string) [0x00082] in <d74c70f944404a48bd19ff5e27c91c79>:0 @ http://localhost:8090/_framework/blazor.webassembly.js:0
[  778535ms] [ERROR] at Nori.LineFont.Get (string) [0x00082] in <d74c70f944404a48bd19ff5e27c91c79>:0 @ http://localhost:8090/_framework/blazor.webassembly.js:0
[  778535ms] [ERROR] at Nori.LineFont.Get (string) [0x00082] in <d74c70f944404a48bd19ff5e27c91c79>:0 @ http://localhost:8090/_framework/blazor.webassembly.js:0
[  778535ms] [ERROR] at Nori.LineFont.Get (string) [0x00082] in <d74c70f944404a48bd19ff5e27c91c79>:0 @ http://localhost:8090/_framework/blazor.webassembly.js:0
[  778536ms] [ERROR] at Nori.LineFont.Get (string) [0x00082] in <d74c70f944404a48bd19ff5e27c91c79>:0 @ http://localhost:8090/_framework/blazor.webassembly.js:0
[  778536ms] [ERROR] at Nori.LineFont.Get (string) [0x00082] in <d74c70f944404a48bd19ff5e27c91c79>:0 @ http://localhost:8090/_framework/blazor.webassembly.js:0
[  778536ms] [ERROR] at Nori.LineFont.Get (string) [0x00082] in <d74c70f944404a48bd19ff5e27c91c79>:0 @ http://localhost:8090/_framework/blazor.webassembly.js:0
[  778536ms] [ERROR] at Nori.LineFont.Get (string) [0x00082] in <d74c70f944404a48bd19ff5e27c91c79>:0 @ http://localhost:8090/_framework/blazor.webassembly.js:0
[  778536ms] [ERROR] at Nori.LineFont.Get (string) [0x00082] in <d74c70f944404a48bd19ff5e27c91c79>:0 @ http://localhost:8090/_framework/blazor.webassembly.js:0
[  778536ms] [ERROR] at Nori.LineFont.Get (string) [0x00082] in <d74c70f944404a48bd19ff5e27c91c79>:0 @ http://localhost:8090/_framework/blazor.webassembly.js:0
[  778536ms] [ERROR] at Nori.LineFont.Get (string) [0x00082] in <d74c70f944404a48bd19ff5e27c91c79>:0 @ http://localhost:8090/_framework/blazor.webassembly.js:0
[  778536ms] [ERROR] at Nori.LineFont.Get (string) [0x00082] in <d74c70f944404a48bd19ff5e27c91c79>:0 @ http://localhost:8090/_framework/blazor.webassembly.js:0
[  778536ms] [ERROR] at Nori.LineFont.Get (string) [0x00082] in <d74c70f944404a48bd19ff5e27c91c79>:0 @ http://localhost:8090/_framework/blazor.webassembly.js:0
[  778536ms] [ERROR] at Nori.LineFont.Get (string) [0x00082] in <d74c70f944404a48bd19ff5e27c91c79>:0 @ http://localhost:8090/_framework/blazor.webassembly.js:0
[  778536ms] [ERROR] at Nori.LineFont.Get (string) [0x00082] in <d74c70f944404a48bd19ff5e27c91c79>:0 @ http://localhost:8090/_framework/blazor.webassembly.js:0
[  778536ms] [ERROR] at Nori.LineFont.Get (string) [0x00082] in <d74c70f944404a48bd19ff5e27c91c79>:0 @ http://localhost:8090/_framework/blazor.webassembly.js:0
[  778536ms] [ERROR] at Nori.LineFont.Get (string) [0x00082] in <d74c70f944404a48bd19ff5e27c91c79>:0 @ http://localhost:8090/_framework/blazor.webassembly.js:0
[  778536ms] [ERROR] at Nori.LineFont.Get (string) [0x00082] in <d74c70f944404a48bd19ff5e27c91c79>:0 @ http://localhost:8090/_framework/blazor.webassembly.js:0
[  778537ms] [ERROR] at Nori.LineFont.Get (string) [0x00082] in <d74c70f944404a48bd19ff5e27c91c79>:0 @ http://localhost:8090/_framework/blazor.webassembly.js:0
[  778537ms] [ERROR] at Nori.LineFont.Get (string) [0x00082] in <d74c70f944404a48bd19ff5e27c91c79>:0 @ http://localhost:8090/_framework/blazor.webassembly.js:0
[  778537ms] [ERROR] at Nori.LineFont.Get (string) [0x00082] in <d74c70f944404a48bd19ff5e27c91c79>:0 @ http://localhost:8090/_framework/blazor.webassembly.js:0
[  778537ms] [ERROR] at Nori.LineFont.Get (string) [0x00082] in <d74c70f944404a48bd19ff5e27c91c79>:0 @ http://localhost:8090/_framework/blazor.webassembly.js:0
[  778537ms] [ERROR] at Nori.LineFont.Get (string) [0x00082] in <d74c70f944404a48bd19ff5e27c91c79>:0 @ http://localhost:8090/_framework/blazor.webassembly.js:0
[  778537ms] [ERROR] at Nori.LineFont.Get (string) [0x00082] in <d74c70f944404a48bd19ff5e27c91c79>:0 @ http://localhost:8090/_framework/blazor.webassembly.js:0
[  778537ms] [ERROR] at Nori.LineFont.Get (string) [0x00082] in <d74c70f944404a48bd19ff5e27c91c79>:0 @ http://localhost:8090/_framework/blazor.webassembly.js:0
[  778537ms] [ERROR] at Nori.LineFont.Get (string) [0x00082] in <d74c70f944404a48bd19ff5e27c91c79>:0 @ http://localhost:8090/_framework/blazor.webassembly.js:0
[  778537ms] [ERROR] at Nori.LineFont.Get (string) [0x00082] in <d74c70f944404a48bd19ff5e27c91c79>:0 @ http://localhost:8090/_framework/blazor.webassembly.js:0
[  778537ms] [ERROR] at Nori.LineFont.Get (string) [0x00082] in <d74c70f944404a48bd19ff5e27c91c79>:0 @ http://localhost:8090/_framework/blazor.webassembly.js:0
[  778537ms] [ERROR] at Nori.LineFont.Get (string) [0x00082] in <d74c70f944404a48bd19ff5e27c91c79>:0 @ http://localhost:8090/_framework/blazor.webassembly.js:0
[  778537ms] [ERROR] at Nori.LineFont.Get (string) [0x00082] in <d74c70f944404a48bd19ff5e27c91c79>:0 @ http://localhost:8090/_framework/blazor.webassembly.js:0
[  778537ms] [ERROR] at Nori.LineFont.Get (string) [0x00082] in <d74c70f944404a48bd19ff5e27c91c79>:0 @ http://localhost:8090/_framework/blazor.webassembly.js:0
[  778537ms] [ERROR] at Nori.LineFont.Get (string) [0x00082] in <d74c70f944404a48bd19ff5e27c91c79>:0 @ http://localhost:8090/_framework/blazor.webassembly.js:0
[  778538ms] [ERROR] at Nori.LineFont.Get (string) [0x00082] in <d74c70f944404a48bd19ff5e27c91c79>:0 @ http://localhost:8090/_framework/blazor.webassembly.js:0
[  778538ms] [ERROR] at Nori.LineFont.Get (string) [0x00082] in <d74c70f944404a48bd19ff5e27c91c79>:0 @ http://localhost:8090/_framework/blazor.webassembly.js:0
[  778538ms] [ERROR] at Nori.LineFont.Get (string) [0x00082] in <d74c70f944404a48bd19ff5e27c91c79>:0 @ http://localhost:8090/_framework/blazor.webassembly.js:0
[  778538ms] [ERROR] at Nori.LineFont.Get (string) [0x00082] in <d74c70f944404a48bd19ff5e27c91c79>:0 @ http://localhost:8090/_framework/blazor.webassembly.js:0
[  778538ms] [ERROR] at Nori.LineFont.Get (string) [0x00082] in <d74c70f944404a48bd19ff5e27c91c79>:0 @ http://localhost:8090/_framework/blazor.webassembly.js:0
[  778538ms] [ERROR] at Nori.LineFont.Get (string) [0x00082] in <d74c70f944404a48bd19ff5e27c91c79>:0 @ http://localhost:8090/_framework/blazor.webassembly.js:0
[  778538ms] [ERROR] at Nori.LineFont.Get (string) [0x00082] in <d74c70f944404a48bd19ff5e27c91c79>:0 @ http://localhost:8090/_framework/blazor.webassembly.js:0
[  778538ms] [ERROR] at Nori.LineFont.Get (string) [0x00082] in <d74c70f944404a48bd19ff5e27c91c79>:0 @ http://localhost:8090/_framework/blazor.webassembly.js:0
[  778538ms] [ERROR] at Nori.LineFont.Get (string) [0x00082] in <d74c70f944404a48bd19ff5e27c91c79>:0 @ http://localhost:8090/_framework/blazor.webassembly.js:0
[  778538ms] [ERROR] at Nori.LineFont.Get (string) [0x00082] in <d74c70f944404a48bd19ff5e27c91c79>:0 @ http://localhost:8090/_framework/blazor.webassembly.js:0
[  778538ms] [ERROR] at Nori.LineFont.Get (string) [0x00082] in <d74c70f944404a48bd19ff5e27c91c79>:0 @ http://localhost:8090/_framework/blazor.webassembly.js:0
[  778538ms] [ERROR] at Nori.LineFont.Get (string) [0x00082] in <d74c70f944404a48bd19ff5e27c91c79>:0 @ http://localhost:8090/_framework/blazor.webassembly.js:0
[  778538ms] [ERROR] at Nori.LineFont.Get (string) [0x00082] in <d74c70f944404a48bd19ff5e27c91c79>:0 @ http://localhost:8090/_framework/blazor.webassembly.js:0
[  778539ms] [ERROR] at Nori.LineFont.Get (string) [0x00082] in <d74c70f944404a48bd19ff5e27c91c79>:0 @ http://localhost:8090/_framework/blazor.webassembly.js:0
[  778539ms] [ERROR] at Nori.LineFont.Get (string) [0x00082] in <d74c70f944404a48bd19ff5e27c91c79>:0 @ http://localhost:8090/_framework/blazor.webassembly.js:0
[  778539ms] [ERROR] at Nori.LineFont.Get (string) [0x00082] in <d74c70f944404a48bd19ff5e27c91c79>:0 @ http://localhost:8090/_framework/blazor.webassembly.js:0
[  778539ms] [ERROR] at Nori.LineFont.Get (string) [0x00082] in <d74c70f944404a48bd19ff5e27c91c79>:0 @ http://localhost:8090/_framework/blazor.webassembly.js:0
[  778539ms] [ERROR] at Nori.LineFont.Get (string) [0x00082] in <d74c70f944404a48bd19ff5e27c91c79>:0 @ http://localhost:8090/_framework/blazor.webassembly.js:0
[  778539ms] [ERROR] at Nori.LineFont.Get (string) [0x00082] in <d74c70f944404a48bd19ff5e27c91c79>:0 @ http://localhost:8090/_framework/blazor.webassembly.js:0
[  778539ms] [ERROR] at Nori.LineFont.Get (string) [0x00082] in <d74c70f944404a48bd19ff5e27c91c79>:0 @ http://localhost:8090/_framework/blazor.webassembly.js:0
[  778539ms] [ERROR] at Nori.LineFont.Get (string) [0x00082] in <d74c70f944404a48bd19ff5e27c91c79>:0 @ http://localhost:8090/_framework/blazor.webassembly.js:0
[  778539ms] [ERROR] at Nori.LineFont.Get (string) [0x00082] in <d74c70f944404a48bd19ff5e27c91c79>:0 @ http://localhost:8090/_framework/blazor.webassembly.js:0
[  778539ms] [ERROR] at Nori.LineFont.Get (string) [0x00082] in <d74c70f944404a48bd19ff5e27c91c79>:0 @ http://localhost:8090/_framework/blazor.webassembly.js:0
[  778539ms] [ERROR] at Nori.LineFont.Get (string) [0x00082] in <d74c70f944404a48bd19ff5e27c91c79>:0 @ http://localhost:8090/_framework/blazor.webassembly.js:0
[  778540ms] [ERROR] at Nori.LineFont.Get (string) [0x00082] in <d74c70f944404a48bd19ff5e27c91c79>:0 @ http://localhost:8090/_framework/blazor.webassembly.js:0
[  778540ms] [ERROR] at Nori.LineFont.Get (string) [0x00082] in <d74c70f944404a48bd19ff5e27c91c79>:0 @ http://localhost:8090/_framework/blazor.webassembly.js:0
[  778540ms] [ERROR] at Nori.LineFont.Get (string) [0x00082] in <d74c70f944404a48bd19ff5e27c91c79>:0 @ http://localhost:8090/_framework/blazor.webassembly.js:0
[  778540ms] [ERROR] at Nori.LineFont.Get (string) [0x00082] in <d74c70f944404a48bd19ff5e27c91c79>:0 @ http://localhost:8090/_framework/blazor.webassembly.js:0
[  778540ms] [ERROR] at Nori.LineFont.Get (string) [0x00082] in <d74c70f944404a48bd19ff5e27c91c79>:0 @ http://localhost:8090/_framework/blazor.webassembly.js:0
[  778540ms] [ERROR] at Nori.LineFont.Get (string) [0x00082] in <d74c70f944404a48bd19ff5e27c91c79>:0 @ http://localhost:8090/_framework/blazor.webassembly.js:0
[  778540ms] [ERROR] at Nori.LineFont.Get (string) [0x00082] in <d74c70f944404a48bd19ff5e27c91c79>:0 @ http://localhost:8090/_framework/blazor.webassembly.js:0
[  778540ms] [ERROR] at Nori.LineFont.Get (string) [0x00082] in <d74c70f944404a48bd19ff5e27c91c79>:0 @ http://localhost:8090/_framework/blazor.webassembly.js:0
[  778540ms] [ERROR] at Nori.LineFont.Get (string) [0x00082] in <d74c70f944404a48bd19ff5e27c91c79>:0 @ http://localhost:8090/_framework/blazor.webassembly.js:0
[  778540ms] [ERROR] at Nori.LineFont.Get (string) [0x00082] in <d74c70f944404a48bd19ff5e27c91c79>:0 @ http://localhost:8090/_framework/blazor.webassembly.js:0
[  778540ms] [ERROR] at Nori.LineFont.Get (string) [0x00082] in <d74c70f944404a48bd19ff5e27c91c79>:0 @ http://localhost:8090/_framework/blazor.webassembly.js:0
[  778540ms] [ERROR] at Nori.LineFont.Get (string) [0x00082] in <d74c70f944404a48bd19ff5e27c91c79>:0 @ http://localhost:8090/_framework/blazor.webassembly.js:0
[  778540ms] [ERROR] at Nori.LineFont.Get (string) [0x00082] in <d74c70f944404a48bd19ff5e27c91c79>:0 @ http://localhost:8090/_framework/blazor.webassembly.js:0
[  778540ms] [ERROR] at Nori.LineFont.Get (string) [0x00082] in <d74c70f944404a48bd19ff5e27c91c79>:0 @ http://localhost:8090/_framework/blazor.webassembly.js:0
[  778541ms] [ERROR] at Nori.LineFont.Get (string) [0x00082] in <d74c70f944404a48bd19ff5e27c91c79>:0 @ http://localhost:8090/_framework/blazor.webassembly.js:0
[  778541ms] [ERROR] at Nori.LineFont.Get (string) [0x00082] in <d74c70f944404a48bd19ff5e27c91c79>:0 @ http://localhost:8090/_framework/blazor.webassembly.js:0
[  778541ms] [ERROR] at Nori.LineFont.Get (string) [0x00082] in <d74c70f944404a48bd19ff5e27c91c79>:0 @ http://localhost:8090/_framework/blazor.webassembly.js:0
[  778541ms] [ERROR] at Nori.LineFont.Get (string) [0x00082] in <d74c70f944404a48bd19ff5e27c91c79>:0 @ http://localhost:8090/_framework/blazor.webassembly.js:0
[  778541ms] [ERROR] at Nori.LineFont.Get (string) [0x00082] in <d74c70f944404a48bd19ff5e27c91c79>:0 @ http://localhost:8090/_framework/blazor.webassembly.js:0
[  778541ms] [ERROR] at Nori.LineFont.Get (string) [0x00082] in <d74c70f944404a48bd19ff5e27c91c79>:0 @ http://localhost:8090/_framework/blazor.webassembly.js:0
[  778541ms] [ERROR] at Nori.LineFont.Get (string) [0x00082] in <d74c70f944404a48bd19ff5e27c91c79>:0 @ http://localhost:8090/_framework/blazor.webassembly.js:0
[  778541ms] [ERROR] at Nori.LineFont.Get (string) [0x00082] in <d74c70f944404a48bd19ff5e27c91c79>:0 @ http://localhost:8090/_framework/blazor.webassembly.js:0
[  778541ms] [ERROR] at Nori.LineFont.Get (string) [0x00082] in <d74c70f944404a48bd19ff5e27c91c79>:0 @ http://localhost:8090/_framework/blazor.webassembly.js:0
[  778541ms] [ERROR] at Nori.LineFont.Get (string) [0x00082] in <d74c70f944404a48bd19ff5e27c91c79>:0 @ http://localhost:8090/_framework/blazor.webassembly.js:0
[  778541ms] [ERROR] at Nori.LineFont.Get (string) [0x00082] in <d74c70f944404a48bd19ff5e27c91c79>:0 @ http://localhost:8090/_framework/blazor.webassembly.js:0
[  778541ms] [ERROR] at Nori.LineFont.Get (string) [0x00082] in <d74c70f944404a48bd19ff5e27c91c79>:0 @ http://localhost:8090/_framework/blazor.webassembly.js:0
[  778541ms] [ERROR] at Nori.LineFont.Get (string) [0x00082] in <d74c70f944404a48bd19ff5e27c91c79>:0 @ http://localhost:8090/_framework/blazor.webassembly.js:0
[  778542ms] [ERROR] at Nori.LineFont.Get (string) [0x00082] in <d74c70f944404a48bd19ff5e27c91c79>:0 @ http://localhost:8090/_framework/blazor.webassembly.js:0
[  778542ms] [ERROR] at Nori.LineFont.Get (string) [0x00082] in <d74c70f944404a48bd19ff5e27c91c79>:0 @ http://localhost:8090/_framework/blazor.webassembly.js:0
[  778542ms] [ERROR] at Nori.LineFont.Get (string) [0x00082] in <d74c70f944404a48bd19ff5e27c91c79>:0 @ http://localhost:8090/_framework/blazor.webassembly.js:0
[  778542ms] [ERROR] at Nori.LineFont.Get (string) [0x00082] in <d74c70f944404a48bd19ff5e27c91c79>:0 @ http://localhost:8090/_framework/blazor.webassembly.js:0
[  778542ms] [ERROR] at Nori.LineFont.Get (string) [0x00082] in <d74c70f944404a48bd19ff5e27c91c79>:0 @ http://localhost:8090/_framework/blazor.webassembly.js:0
[  778542ms] [ERROR] at Nori.LineFont.Get (string) [0x00082] in <d74c70f944404a48bd19ff5e27c91c79>:0 @ http://localhost:8090/_framework/blazor.webassembly.js:0
[  778542ms] [ERROR] at Nori.LineFont.Get (string) [0x00082] in <d74c70f944404a48bd19ff5e27c91c79>:0 @ http://localhost:8090/_framework/blazor.webassembly.js:0
[  778542ms] [ERROR] at Nori.LineFont.Get (string) [0x00082] in <d74c70f944404a48bd19ff5e27c91c79>:0 @ http://localhost:8090/_framework/blazor.webassembly.js:0
[  778542ms] [ERROR] at Nori.LineFont.Get (string) [0x00082] in <d74c70f944404a48bd19ff5e27c91c79>:0 @ http://localhost:8090/_framework/blazor.webassembly.js:0
[  778542ms] [ERROR] at Nori.LineFont.Get (string) [0x00082] in <d74c70f944404a48bd19ff5e27c91c79>:0 @ http://localhost:8090/_framework/blazor.webassembly.js:0
[  778542ms] [ERROR] at Nori.LineFont.Get (string) [0x00082] in <d74c70f944404a48bd19ff5e27c91c79>:0 @ http://localhost:8090/_framework/blazor.webassembly.js:0
[  778542ms] [ERROR] at Nori.LineFont.Get (string) [0x00082] in <d74c70f944404a48bd19ff5e27c91c79>:0 @ http://localhost:8090/_framework/blazor.webassembly.js:0
[  778542ms] [ERROR] at Nori.LineFont.Get (string) [0x00082] in <d74c70f944404a48bd19ff5e27c91c79>:0 @ http://localhost:8090/_framework/blazor.webassembly.js:0
[  778542ms] [ERROR] at Nori.LineFont.Get (string) [0x00082] in <d74c70f944404a48bd19ff5e27c91c79>:0 @ http://localhost:8090/_framework/blazor.webassembly.js:0
[  778543ms] [ERROR] at Nori.LineFont.Get (string) [0x00082] in <d74c70f944404a48bd19ff5e27c91c79>:0 @ http://localhost:8090/_framework/blazor.webassembly.js:0
[  778543ms] [ERROR] at Nori.LineFont.Get (string) [0x00082] in <d74c70f944404a48bd19ff5e27c91c79>:0 @ http://localhost:8090/_framework/blazor.webassembly.js:0
[  778543ms] [ERROR] at Nori.LineFont.Get (string) [0x00082] in <d74c70f944404a48bd19ff5e27c91c79>:0 @ http://localhost:8090/_framework/blazor.webassembly.js:0
[  778543ms] [ERROR] at Nori.LineFont.Get (string) [0x00082] in <d74c70f944404a48bd19ff5e27c91c79>:0 @ http://localhost:8090/_framework/blazor.webassembly.js:0
[  778543ms] [ERROR] at Nori.LineFont.Get (string) [0x00082] in <d74c70f944404a48bd19ff5e27c91c79>:0 @ http://localhost:8090/_framework/blazor.webassembly.js:0
[  778543ms] [ERROR] at Nori.LineFont.Get (string) [0x00082] in <d74c70f944404a48bd19ff5e27c91c79>:0 @ http://localhost:8090/_framework/blazor.webassembly.js:0
[  778543ms] [ERROR] at Nori.LineFont.Get (string) [0x00082] in <d74c70f944404a48bd19ff5e27c91c79>:0 @ http://localhost:8090/_framework/blazor.webassembly.js:0
[  778543ms] [ERROR] at Nori.LineFont.Get (string) [0x00082] in <d74c70f944404a48bd19ff5e27c91c79>:0 @ http://localhost:8090/_framework/blazor.webassembly.js:0
[  778543ms] [ERROR] at Nori.LineFont.Get (string) [0x00082] in <d74c70f944404a48bd19ff5e27c91c79>:0 @ http://localhost:8090/_framework/blazor.webassembly.js:0
[  778543ms] [ERROR] at Nori.LineFont.Get (string) [0x00082] in <d74c70f944404a48bd19ff5e27c91c79>:0 @ http://localhost:8090/_framework/blazor.webassembly.js:0
[  778543ms] [ERROR] at Nori.LineFont.Get (string) [0x00082] in <d74c70f944404a48bd19ff5e27c91c79>:0 @ http://localhost:8090/_framework/blazor.webassembly.js:0
[  778544ms] [ERROR] at Nori.LineFont.Get (string) [0x00082] in <d74c70f944404a48bd19ff5e27c91c79>:0 @ http://localhost:8090/_framework/blazor.webassembly.js:0
[  778544ms] [ERROR] at Nori.LineFont.Get (string) [0x00082] in <d74c70f944404a48bd19ff5e27c91c79>:0 @ http://localhost:8090/_framework/blazor.webassembly.js:0
[  778544ms] [ERROR] at Nori.LineFont.Get (string) [0x00082] in <d74c70f944404a48bd19ff5e27c91c79>:0 @ http://localhost:8090/_framework/blazor.webassembly.js:0
[  778544ms] [ERROR] at Nori.LineFont.Get (string) [0x00082] in <d74c70f944404a48bd19ff5e27c91c79>:0 @ http://localhost:8090/_framework/blazor.webassembly.js:0
[  778544ms] [ERROR] at Nori.LineFont.Get (string) [0x00082] in <d74c70f944404a48bd19ff5e27c91c79>:0 @ http://localhost:8090/_framework/blazor.webassembly.js:0
[  778544ms] [ERROR] at Nori.LineFont.Get (string) [0x00082] in <d74c70f944404a48bd19ff5e27c91c79>:0 @ http://localhost:8090/_framework/blazor.webassembly.js:0
[  778544ms] [ERROR] at Nori.LineFont.Get (string) [0x00082] in <d74c70f944404a48bd19ff5e27c91c79>:0 @ http://localhost:8090/_framework/blazor.webassembly.js:0
[  778544ms] [ERROR] at Nori.LineFont.Get (string) [0x00082] in <d74c70f944404a48bd19ff5e27c91c79>:0 @ http://localhost:8090/_framework/blazor.webassembly.js:0
[  778544ms] [ERROR] at Nori.LineFont.Get (string) [0x00082] in <d74c70f944404a48bd19ff5e27c91c79>:0 @ http://localhost:8090/_framework/blazor.webassembly.js:0
[  778544ms] [ERROR] at Nori.LineFont.Get (string) [0x00082] in <d74c70f944404a48bd19ff5e27c91c79>:0 @ http://localhost:8090/_framework/blazor.webassembly.js:0
[  778544ms] [ERROR] at Nori.LineFont.Get (string) [0x00082] in <d74c70f944404a48bd19ff5e27c91c79>:0 @ http://localhost:8090/_framework/blazor.webassembly.js:0
[  778544ms] [ERROR] at Nori.LineFont.Get (string) [0x00082] in <d74c70f944404a48bd19ff5e27c91c79>:0 @ http://localhost:8090/_framework/blazor.webassembly.js:0
[  778545ms] [ERROR] at Nori.LineFont.Get (string) [0x00082] in <d74c70f944404a48bd19ff5e27c91c79>:0 @ http://localhost:8090/_framework/blazor.webassembly.js:0
[  778545ms] [ERROR] at Nori.LineFont.Get (string) [0x00082] in <d74c70f944404a48bd19ff5e27c91c79>:0 @ http://localhost:8090/_framework/blazor.webassembly.js:0
[  778545ms] [ERROR] at Nori.LineFont.Get (string) [0x00082] in <d74c70f944404a48bd19ff5e27c91c79>:0 @ http://localhost:8090/_framework/blazor.webassembly.js:0
[  778545ms] [ERROR] at Nori.LineFont.Get (string) [0x00082] in <d74c70f944404a48bd19ff5e27c91c79>:0 @ http://localhost:8090/_framework/blazor.webassembly.js:0
[  778545ms] [ERROR] at Nori.LineFont.Get (string) [0x00082] in <d74c70f944404a48bd19ff5e27c91c79>:0 @ http://localhost:8090/_framework/blazor.webassembly.js:0
[  778545ms] [ERROR] at Nori.LineFont.Get (string) [0x00082] in <d74c70f944404a48bd19ff5e27c91c79>:0 @ http://localhost:8090/_framework/blazor.webassembly.js:0
[  778545ms] [ERROR] at Nori.LineFont.Get (string) [0x00082] in <d74c70f944404a48bd19ff5e27c91c79>:0 @ http://localhost:8090/_framework/blazor.webassembly.js:0
[  778545ms] [ERROR] at Nori.LineFont.Get (string) [0x00082] in <d74c70f944404a48bd19ff5e27c91c79>:0 @ http://localhost:8090/_framework/blazor.webassembly.js:0
[  778545ms] [ERROR] at Nori.LineFont.Get (string) [0x00082] in <d74c70f944404a48bd19ff5e27c91c79>:0 @ http://localhost:8090/_framework/blazor.webassembly.js:0
[  778545ms] [ERROR] at Nori.LineFont.Get (string) [0x00082] in <d74c70f944404a48bd19ff5e27c91c79>:0 @ http://localhost:8090/_framework/blazor.webassembly.js:0
[  778545ms] [ERROR] at Nori.LineFont.Get (string) [0x00082] in <d74c70f944404a48bd19ff5e27c91c79>:0 @ http://localhost:8090/_framework/blazor.webassembly.js:0
[  778545ms] [ERROR] at Nori.LineFont.Get (string) [0x00082] in <d74c70f944404a48bd19ff5e27c91c79>:0 @ http://localhost:8090/_framework/blazor.webassembly.js:0
[  778546ms] [ERROR] at Nori.LineFont.Get (string) [0x00082] in <d74c70f944404a48bd19ff5e27c91c79>:0 @ http://localhost:8090/_framework/blazor.webassembly.js:0
[  778546ms] [ERROR] at Nori.LineFont.Get (string) [0x00082] in <d74c70f944404a48bd19ff5e27c91c79>:0 @ http://localhost:8090/_framework/blazor.webassembly.js:0
[  778546ms] [ERROR] at Nori.LineFont.Get (string) [0x00082] in <d74c70f944404a48bd19ff5e27c91c79>:0 @ http://localhost:8090/_framework/blazor.webassembly.js:0
[  778546ms] [ERROR] at Nori.LineFont.Get (string) [0x00082] in <d74c70f944404a48bd19ff5e27c91c79>:0 @ http://localhost:8090/_framework/blazor.webassembly.js:0
[  778546ms] [ERROR] at Nori.LineFont.Get (string) [0x00082] in <d74c70f944404a48bd19ff5e27c91c79>:0 @ http://localhost:8090/_framework/blazor.webassembly.js:0
[  778546ms] [ERROR] at Nori.LineFont.Get (string) [0x00082] in <d74c70f944404a48bd19ff5e27c91c79>:0 @ http://localhost:8090/_framework/blazor.webassembly.js:0
[  778546ms] [ERROR] at Nori.LineFont.Get (string) [0x00082] in <d74c70f944404a48bd19ff5e27c91c79>:0 @ http://localhost:8090/_framework/blazor.webassembly.js:0
[  778546ms] [ERROR] at Nori.LineFont.Get (string) [0x00082] in <d74c70f944404a48bd19ff5e27c91c79>:0 @ http://localhost:8090/_framework/blazor.webassembly.js:0
[  778546ms] [ERROR] at Nori.LineFont.Get (string) [0x00082] in <d74c70f944404a48bd19ff5e27c91c79>:0 @ http://localhost:8090/_framework/blazor.webassembly.js:0
[  778546ms] [ERROR] at Nori.LineFont.Get (string) [0x00082] in <d74c70f944404a48bd19ff5e27c91c79>:0 @ http://localhost:8090/_framework/blazor.webassembly.js:0
[  778546ms] [ERROR] at Nori.LineFont.Get (string) [0x00082] in <d74c70f944404a48bd19ff5e27c91c79>:0 @ http://localhost:8090/_framework/blazor.webassembly.js:0
[  778546ms] [ERROR] at Nori.LineFont.Get (string) [0x00082] in <d74c70f944404a48bd19ff5e27c91c79>:0 @ http://localhost:8090/_framework/blazor.webassembly.js:0
[  778546ms] [ERROR] at Nori.LineFont.Get (string) [0x00082] in <d74c70f944404a48bd19ff5e27c91c79>:0 @ http://localhost:8090/_framework/blazor.webassembly.js:0
[  778546ms] [ERROR] at Nori.LineFont.Get (string) [0x00082] in <d74c70f944404a48bd19ff5e27c91c79>:0 @ http://localhost:8090/_framework/blazor.webassembly.js:0
[  778546ms] [ERROR] at Nori.LineFont.Get (string) [0x00082] in <d74c70f944404a48bd19ff5e27c91c79>:0 @ http://localhost:8090/_framework/blazor.webassembly.js:0
[  778547ms] [ERROR] at Nori.LineFont.Get (string) [0x00082] in <d74c70f944404a48bd19ff5e27c91c79>:0 @ http://localhost:8090/_framework/blazor.webassembly.js:0
[  778547ms] [ERROR] at Nori.LineFont.Get (string) [0x00082] in <d74c70f944404a48bd19ff5e27c91c79>:0 @ http://localhost:8090/_framework/blazor.webassembly.js:0
[  778547ms] [ERROR] at Nori.LineFont.Get (string) [0x00082] in <d74c70f944404a48bd19ff5e27c91c79>:0 @ http://localhost:8090/_framework/blazor.webassembly.js:0
[  778547ms] [ERROR] at Nori.LineFont.Get (string) [0x00082] in <d74c70f944404a48bd19ff5e27c91c79>:0 @ http://localhost:8090/_framework/blazor.webassembly.js:0
[  778547ms] [ERROR] at Nori.LineFont.Get (string) [0x00082] in <d74c70f944404a48bd19ff5e27c91c79>:0 @ http://localhost:8090/_framework/blazor.webassembly.js:0
[  778547ms] [ERROR] at Nori.LineFont.Get (string) [0x00082] in <d74c70f944404a48bd19ff5e27c91c79>:0 @ http://localhost:8090/_framework/blazor.webassembly.js:0
[  778547ms] [ERROR] at Nori.LineFont.Get (string) [0x00082] in <d74c70f944404a48bd19ff5e27c91c79>:0 @ http://localhost:8090/_framework/blazor.webassembly.js:0
[  778547ms] [ERROR] at Nori.LineFont.Get (string) [0x00082] in <d74c70f944404a48bd19ff5e27c91c79>:0 @ http://localhost:8090/_framework/blazor.webassembly.js:0
[  778547ms] [ERROR] at Nori.LineFont.Get (string) [0x00082] in <d74c70f944404a48bd19ff5e27c91c79>:0 @ http://localhost:8090/_framework/blazor.webassembly.js:0
[  778547ms] [ERROR] at Nori.LineFont.Get (string) [0x00082] in <d74c70f944404a48bd19ff5e27c91c79>:0 @ http://localhost:8090/_framework/blazor.webassembly.js:0
[  778547ms] [ERROR] at Nori.LineFont.Get (string) [0x00082] in <d74c70f944404a48bd19ff5e27c91c79>:0 @ http://localhost:8090/_framework/blazor.webassembly.js:0
[  778547ms] [ERROR] at Nori.LineFont.Get (string) [0x00082] in <d74c70f944404a48bd19ff5e27c91c79>:0 @ http://localhost:8090/_framework/blazor.webassembly.js:0
[  778547ms] [ERROR] at Nori.LineFont.Get (string) [0x00082] in <d74c70f944404a48bd19ff5e27c91c79>:0 @ http://localhost:8090/_framework/blazor.webassembly.js:0
[  778547ms] [ERROR] at Nori.LineFont.Get (string) [0x00082] in <d74c70f944404a48bd19ff5e27c91c79>:0 @ http://localhost:8090/_framework/blazor.webassembly.js:0
[  778548ms] [ERROR] at Nori.LineFont.Get (string) [0x00082] in <d74c70f944404a48bd19ff5e27c91c79>:0 @ http://localhost:8090/_framework/blazor.webassembly.js:0
[  778548ms] [ERROR] at Nori.LineFont.Get (string) [0x00082] in <d74c70f944404a48bd19ff5e27c91c79>:0 @ http://localhost:8090/_framework/blazor.webassembly.js:0
[  778548ms] [ERROR] at Nori.LineFont.Get (string) [0x00082] in <d74c70f944404a48bd19ff5e27c91c79>:0 @ http://localhost:8090/_framework/blazor.webassembly.js:0
[  778548ms] [ERROR] at Nori.LineFont.Get (string) [0x00082] in <d74c70f944404a48bd19ff5e27c91c79>:0 @ http://localhost:8090/_framework/blazor.webassembly.js:0
[  778548ms] [ERROR] at Nori.LineFont.Get (string) [0x00082] in <d74c70f944404a48bd19ff5e27c91c79>:0 @ http://localhost:8090/_framework/blazor.webassembly.js:0
[  778548ms] [ERROR] at Nori.LineFont.Get (string) [0x00082] in <d74c70f944404a48bd19ff5e27c91c79>:0 @ http://localhost:8090/_framework/blazor.webassembly.js:0
[  778548ms] [ERROR] at Nori.LineFont.Get (string) [0x00082] in <d74c70f944404a48bd19ff5e27c91c79>:0 @ http://localhost:8090/_framework/blazor.webassembly.js:0
[  778548ms] [ERROR] at Nori.LineFont.Get (string) [0x00082] in <d74c70f944404a48bd19ff5e27c91c79>:0 @ http://localhost:8090/_framework/blazor.webassembly.js:0
[  778548ms] [ERROR] at Nori.LineFont.Get (string) [0x00082] in <d74c70f944404a48bd19ff5e27c91c79>:0 @ http://localhost:8090/_framework/blazor.webassembly.js:0
[  778548ms] [ERROR] at Nori.LineFont.Get (string) [0x00082] in <d74c70f944404a48bd19ff5e27c91c79>:0 @ http://localhost:8090/_framework/blazor.webassembly.js:0
[  778549ms] [ERROR] at Nori.LineFont.Get (string) [0x00082] in <d74c70f944404a48bd19ff5e27c91c79>:0 @ http://localhost:8090/_framework/blazor.webassembly.js:0
[  778549ms] [ERROR] at Nori.LineFont.Get (string) [0x00082] in <d74c70f944404a48bd19ff5e27c91c79>:0 @ http://localhost:8090/_framework/blazor.webassembly.js:0
[  778549ms] [ERROR] at Nori.LineFont.Get (string) [0x00082] in <d74c70f944404a48bd19ff5e27c91c79>:0 @ http://localhost:8090/_framework/blazor.webassembly.js:0
[  778549ms] [ERROR] at Nori.LineFont.Get (string) [0x00082] in <d74c70f944404a48bd19ff5e27c91c79>:0 @ http://localhost:8090/_framework/blazor.webassembly.js:0
[  778549ms] [ERROR] at Nori.LineFont.Get (string) [0x00082] in <d74c70f944404a48bd19ff5e27c91c79>:0 @ http://localhost:8090/_framework/blazor.webassembly.js:0
[  778549ms] [ERROR] at Nori.LineFont.Get (string) [0x00082] in <d74c70f944404a48bd19ff5e27c91c79>:0 @ http://localhost:8090/_framework/blazor.webassembly.js:0
[  778550ms] [ERROR] at Nori.LineFont.Get (string) [0x00082] in <d74c70f944404a48bd19ff5e27c91c79>:0 @ http://localhost:8090/_framework/blazor.webassembly.js:0
[  778550ms] [ERROR] at Nori.LineFont.Get (string) [0x00082] in <d74c70f944404a48bd19ff5e27c91c79>:0 @ http://localhost:8090/_framework/blazor.webassembly.js:0
[  778550ms] [ERROR] at Nori.LineFont.Get (string) [0x00082] in <d74c70f944404a48bd19ff5e27c91c79>:0 @ http://localhost:8090/_framework/blazor.webassembly.js:0
[  778550ms] [ERROR] at Nori.LineFont.Get (string) [0x00082] in <d74c70f944404a48bd19ff5e27c91c79>:0 @ http://localhost:8090/_framework/blazor.webassembly.js:0
[  778550ms] [ERROR] at Nori.LineFont.Get (string) [0x00082] in <d74c70f944404a48bd19ff5e27c91c79>:0 @ http://localhost:8090/_framework/blazor.webassembly.js:0
[  778550ms] [ERROR] at Nori.LineFont.Get (string) [0x00082] in <d74c70f944404a48bd19ff5e27c91c79>:0 @ http://localhost:8090/_framework/blazor.webassembly.js:0
[  778550ms] [ERROR] at Nori.LineFont.Get (string) [0x00082] in <d74c70f944404a48bd19ff5e27c91c79>:0 @ http://localhost:8090/_framework/blazor.webassembly.js:0
[  778550ms] [ERROR] at Nori.LineFont.Get (string) [0x00082] in <d74c70f944404a48bd19ff5e27c91c79>:0 @ http://localhost:8090/_framework/blazor.webassembly.js:0
[  778550ms] [ERROR] at Nori.LineFont.Get (string) [0x00082] in <d74c70f944404a48bd19ff5e27c91c79>:0 @ http://localhost:8090/_framework/blazor.webassembly.js:0
[  778551ms] [ERROR] at Nori.LineFont.Get (string) [0x00082] in <d74c70f944404a48bd19ff5e27c91c79>:0 @ http://localhost:8090/_framework/blazor.webassembly.js:0
[  778551ms] [ERROR] at Nori.LineFont.Get (string) [0x00082] in <d74c70f944404a48bd19ff5e27c91c79>:0 @ http://localhost:8090/_framework/blazor.webassembly.js:0
[  778551ms] [ERROR] at Nori.LineFont.Get (string) [0x00082] in <d74c70f944404a48bd19ff5e27c91c79>:0 @ http://localhost:8090/_framework/blazor.webassembly.js:0
[  778551ms] [ERROR] at Nori.LineFont.Get (string) [0x00082] in <d74c70f944404a48bd19ff5e27c91c79>:0 @ http://localhost:8090/_framework/blazor.webassembly.js:0
[  778551ms] [ERROR] at Nori.LineFont.Get (string) [0x00082] in <d74c70f944404a48bd19ff5e27c91c79>:0 @ http://localhost:8090/_framework/blazor.webassembly.js:0
[  778551ms] [ERROR] at Nori.LineFont.Get (string) [0x00082] in <d74c70f944404a48bd19ff5e27c91c79>:0 @ http://localhost:8090/_framework/blazor.webassembly.js:0
[  778551ms] [ERROR] at Nori.LineFont.Get (string) [0x00082] in <d74c70f944404a48bd19ff5e27c91c79>:0 @ http://localhost:8090/_framework/blazor.webassembly.js:0
[  778551ms] [ERROR] at Nori.LineFont.Get (string) [0x00082] in <d74c70f944404a48bd19ff5e27c91c79>:0 @ http://localhost:8090/_framework/blazor.webassembly.js:0
[  778551ms] [ERROR] at Nori.LineFont.Get (string) [0x00082] in <d74c70f944404a48bd19ff5e27c91c79>:0 @ http://localhost:8090/_framework/blazor.webassembly.js:0
[  778551ms] [ERROR] at Nori.LineFont.Get (string) [0x00082] in <d74c70f944404a48bd19ff5e27c91c79>:0 @ http://localhost:8090/_framework/blazor.webassembly.js:0
[  778551ms] [ERROR] at Nori.LineFont.Get (string) [0x00082] in <d74c70f944404a48bd19ff5e27c91c79>:0 @ http://localhost:8090/_framework/blazor.webassembly.js:0
[  778551ms] [ERROR] at Nori.LineFont.Get (string) [0x00082] in <d74c70f944404a48bd19ff5e27c91c79>:0 @ http://localhost:8090/_framework/blazor.webassembly.js:0
[  778551ms] [ERROR] at Nori.LineFont.Get (string) [0x00082] in <d74c70f944404a48bd19ff5e27c91c79>:0 @ http://localhost:8090/_framework/blazor.webassembly.js:0
[  778551ms] [ERROR] at Nori.LineFont.Get (string) [0x00082] in <d74c70f944404a48bd19ff5e27c91c79>:0 @ http://localhost:8090/_framework/blazor.webassembly.js:0
[  778552ms] [ERROR] at Nori.LineFont.Get (string) [0x00082] in <d74c70f944404a48bd19ff5e27c91c79>:0 @ http://localhost:8090/_framework/blazor.webassembly.js:0
[  778552ms] [ERROR] at Nori.LineFont.Get (string) [0x00082] in <d74c70f944404a48bd19ff5e27c91c79>:0 @ http://localhost:8090/_framework/blazor.webassembly.js:0
[  778552ms] [ERROR] at Nori.LineFont.Get (string) [0x00082] in <d74c70f944404a48bd19ff5e27c91c79>:0 @ http://localhost:8090/_framework/blazor.webassembly.js:0
[  778552ms] [ERROR] at Nori.LineFont.Get (string) [0x00082] in <d74c70f944404a48bd19ff5e27c91c79>:0 @ http://localhost:8090/_framework/blazor.webassembly.js:0
[  778552ms] [ERROR] at Nori.LineFont.Get (string) [0x00082] in <d74c70f944404a48bd19ff5e27c91c79>:0 @ http://localhost:8090/_framework/blazor.webassembly.js:0
[  778552ms] [ERROR] at Nori.LineFont.Get (string) [0x00082] in <d74c70f944404a48bd19ff5e27c91c79>:0 @ http://localhost:8090/_framework/blazor.webassembly.js:0
[  778552ms] [ERROR] at Nori.LineFont.Get (string) [0x00082] in <d74c70f944404a48bd19ff5e27c91c79>:0 @ http://localhost:8090/_framework/blazor.webassembly.js:0
[  778552ms] [ERROR] at Nori.LineFont.Get (string) [0x00082] in <d74c70f944404a48bd19ff5e27c91c79>:0 @ http://localhost:8090/_framework/blazor.webassembly.js:0
[  778552ms] [ERROR] at Nori.LineFont.Get (string) [0x00082] in <d74c70f944404a48bd19ff5e27c91c79>:0 @ http://localhost:8090/_framework/blazor.webassembly.js:0
[  778552ms] [ERROR] at Nori.LineFont.Get (string) [0x00082] in <d74c70f944404a48bd19ff5e27c91c79>:0 @ http://localhost:8090/_framework/blazor.webassembly.js:0
[  778552ms] [ERROR] at Nori.LineFont.Get (string) [0x00082] in <d74c70f944404a48bd19ff5e27c91c79>:0 @ http://localhost:8090/_framework/blazor.webassembly.js:0
[  778552ms] [ERROR] at Nori.LineFont.Get (string) [0x00082] in <d74c70f944404a48bd19ff5e27c91c79>:0 @ http://localhost:8090/_framework/blazor.webassembly.js:0
[  778552ms] [ERROR] at Nori.LineFont.Get (string) [0x00082] in <d74c70f944404a48bd19ff5e27c91c79>:0 @ http://localhost:8090/_framework/blazor.webassembly.js:0
[  778552ms] [ERROR] at Nori.LineFont.Get (string) [0x00082] in <d74c70f944404a48bd19ff5e27c91c79>:0 @ http://localhost:8090/_framework/blazor.webassembly.js:0
[  778552ms] [ERROR] at Nori.LineFont.Get (string) [0x00082] in <d74c70f944404a48bd19ff5e27c91c79>:0 @ http://localhost:8090/_framework/blazor.webassembly.js:0
[  778552ms] [ERROR] at Nori.LineFont.Get (string) [0x00082] in <d74c70f944404a48bd19ff5e27c91c79>:0 @ http://localhost:8090/_framework/blazor.webassembly.js:0
[  778553ms] [ERROR] at Nori.LineFont.Get (string) [0x00082] in <d74c70f944404a48bd19ff5e27c91c79>:0 @ http://localhost:8090/_framework/blazor.webassembly.js:0
[  778553ms] [ERROR] at Nori.LineFont.Get (string) [0x00082] in <d74c70f944404a48bd19ff5e27c91c79>:0 @ http://localhost:8090/_framework/blazor.webassembly.js:0
[  778553ms] [ERROR] at Nori.LineFont.Get (string) [0x00082] in <d74c70f944404a48bd19ff5e27c91c79>:0 @ http://localhost:8090/_framework/blazor.webassembly.js:0
[  778553ms] [ERROR] at Nori.LineFont.Get (string) [0x00082] in <d74c70f944404a48bd19ff5e27c91c79>:0 @ http://localhost:8090/_framework/blazor.webassembly.js:0
[  778553ms] [ERROR] at Nori.LineFont.Get (string) [0x00082] in <d74c70f944404a48bd19ff5e27c91c79>:0 @ http://localhost:8090/_framework/blazor.webassembly.js:0
[  778553ms] [ERROR] at Nori.LineFont.Get (string) [0x00082] in <d74c70f944404a48bd19ff5e27c91c79>:0 @ http://localhost:8090/_framework/blazor.webassembly.js:0
[  778553ms] [ERROR] at Nori.LineFont.Get (string) [0x00082] in <d74c70f944404a48bd19ff5e27c91c79>:0 @ http://localhost:8090/_framework/blazor.webassembly.js:0
[  778553ms] [ERROR] at Nori.LineFont.Get (string) [0x00082] in <d74c70f944404a48bd19ff5e27c91c79>:0 @ http://localhost:8090/_framework/blazor.webassembly.js:0
[  778553ms] [ERROR] at Nori.LineFont.Get (string) [0x00082] in <d74c70f944404a48bd19ff5e27c91c79>:0 @ http://localhost:8090/_framework/blazor.webassembly.js:0
[  778553ms] [ERROR] at Nori.LineFont.Get (string) [0x00082] in <d74c70f944404a48bd19ff5e27c91c79>:0 @ http://localhost:8090/_framework/blazor.webassembly.js:0
[  778553ms] [ERROR] at Nori.LineFont.Get (string) [0x00082] in <d74c70f944404a48bd19ff5e27c91c79>:0 @ http://localhost:8090/_framework/blazor.webassembly.js:0
[  778553ms] [ERROR] at Nori.LineFont.Get (string) [0x00082] in <d74c70f944404a48bd19ff5e27c91c79>:0 @ http://localhost:8090/_framework/blazor.webassembly.js:0
[  778553ms] [ERROR] at Nori.LineFont.Get (string) [0x00082] in <d74c70f944404a48bd19ff5e27c91c79>:0 @ http://localhost:8090/_framework/blazor.webassembly.js:0
[  778553ms] [ERROR] at Nori.LineFont.Get (string) [0x00082] in <d74c70f944404a48bd19ff5e27c91c79>:0 @ http://localhost:8090/_framework/blazor.webassembly.js:0
[  778554ms] [ERROR] at Nori.LineFont.Get (string) [0x00082] in <d74c70f944404a48bd19ff5e27c91c79>:0 @ http://localhost:8090/_framework/blazor.webassembly.js:0
[  778554ms] [ERROR] at Nori.LineFont.Get (string) [0x00082] in <d74c70f944404a48bd19ff5e27c91c79>:0 @ http://localhost:8090/_framework/blazor.webassembly.js:0
[  778554ms] [ERROR] at Nori.LineFont.Get (string) [0x00082] in <d74c70f944404a48bd19ff5e27c91c79>:0 @ http://localhost:8090/_framework/blazor.webassembly.js:0
[  778554ms] [ERROR] at Nori.LineFont.Get (string) [0x00082] in <d74c70f944404a48bd19ff5e27c91c79>:0 @ http://localhost:8090/_framework/blazor.webassembly.js:0
[  778554ms] [ERROR] at Nori.LineFont.Get (string) [0x00082] in <d74c70f944404a48bd19ff5e27c91c79>:0 @ http://localhost:8090/_framework/blazor.webassembly.js:0
[  778554ms] [ERROR] at Nori.LineFont.Get (string) [0x00082] in <d74c70f944404a48bd19ff5e27c91c79>:0 @ http://localhost:8090/_framework/blazor.webassembly.js:0
[  778554ms] [ERROR] at Nori.LineFont.Get (string) [0x00082] in <d74c70f944404a48bd19ff5e27c91c79>:0 @ http://localhost:8090/_framework/blazor.webassembly.js:0
[  778554ms] [ERROR] at Nori.LineFont.Get (string) [0x00082] in <d74c70f944404a48bd19ff5e27c91c79>:0 @ http://localhost:8090/_framework/blazor.webassembly.js:0
[  778554ms] [ERROR] at Nori.LineFont.Get (string) [0x00082] in <d74c70f944404a48bd19ff5e27c91c79>:0 @ http://localhost:8090/_framework/blazor.webassembly.js:0
[  778554ms] [ERROR] at Nori.LineFont.Get (string) [0x00082] in <d74c70f944404a48bd19ff5e27c91c79>:0 @ http://localhost:8090/_framework/blazor.webassembly.js:0
[  778554ms] [ERROR] at Nori.LineFont.Get (string) [0x00082] in <d74c70f944404a48bd19ff5e27c91c79>:0 @ http://localhost:8090/_framework/blazor.webassembly.js:0
[  778554ms] [ERROR] at Nori.LineFont.Get (string) [0x00082] in <d74c70f944404a48bd19ff5e27c91c79>:0 @ http://localhost:8090/_framework/blazor.webassembly.js:0
[  778554ms] [ERROR] at Nori.LineFont.Get (string) [0x00082] in <d74c70f944404a48bd19ff5e27c91c79>:0 @ http://localhost:8090/_framework/blazor.webassembly.js:0
[  778554ms] [ERROR] at Nori.LineFont.Get (string) [0x00082] in <d74c70f944404a48bd19ff5e27c91c79>:0 @ http://localhost:8090/_framework/blazor.webassembly.js:0
[  778554ms] [ERROR] at Nori.LineFont.Get (string) [0x00082] in <d74c70f944404a48bd19ff5e27c91c79>:0 @ http://localhost:8090/_framework/blazor.webassembly.js:0
[  778555ms] [ERROR] at Nori.LineFont.Get (string) [0x00082] in <d74c70f944404a48bd19ff5e27c91c79>:0 @ http://localhost:8090/_framework/blazor.webassembly.js:0
[  778555ms] [ERROR] at Nori.LineFont.Get (string) [0x00082] in <d74c70f944404a48bd19ff5e27c91c79>:0 @ http://localhost:8090/_framework/blazor.webassembly.js:0
[  778555ms] [ERROR] at Nori.LineFont.Get (string) [0x00082] in <d74c70f944404a48bd19ff5e27c91c79>:0 @ http://localhost:8090/_framework/blazor.webassembly.js:0
[  778555ms] [ERROR] at Nori.LineFont.Get (string) [0x00082] in <d74c70f944404a48bd19ff5e27c91c79>:0 @ http://localhost:8090/_framework/blazor.webassembly.js:0
[  778555ms] [ERROR] at Nori.LineFont.Get (string) [0x00082] in <d74c70f944404a48bd19ff5e27c91c79>:0 @ http://localhost:8090/_framework/blazor.webassembly.js:0
[  778555ms] [ERROR] at Nori.LineFont.Get (string) [0x00082] in <d74c70f944404a48bd19ff5e27c91c79>:0 @ http://localhost:8090/_framework/blazor.webassembly.js:0
[  778555ms] [ERROR] at Nori.LineFont.Get (string) [0x00082] in <d74c70f944404a48bd19ff5e27c91c79>:0 @ http://localhost:8090/_framework/blazor.webassembly.js:0
[  778555ms] [ERROR] at Nori.LineFont.Get (string) [0x00082] in <d74c70f944404a48bd19ff5e27c91c79>:0 @ http://localhost:8090/_framework/blazor.webassembly.js:0
[  778555ms] [ERROR] at Nori.LineFont.Get (string) [0x00082] in <d74c70f944404a48bd19ff5e27c91c79>:0 @ http://localhost:8090/_framework/blazor.webassembly.js:0
[  778555ms] [ERROR] at Nori.LineFont.Get (string) [0x00082] in <d74c70f944404a48bd19ff5e27c91c79>:0 @ http://localhost:8090/_framework/blazor.webassembly.js:0
[  778555ms] [ERROR] at Nori.LineFont.Get (string) [0x00082] in <d74c70f944404a48bd19ff5e27c91c79>:0 @ http://localhost:8090/_framework/blazor.webassembly.js:0
[  778555ms] [ERROR] at Nori.LineFont.Get (string) [0x00082] in <d74c70f944404a48bd19ff5e27c91c79>:0 @ http://localhost:8090/_framework/blazor.webassembly.js:0
[  778555ms] [ERROR] at Nori.LineFont.Get (string) [0x00082] in <d74c70f944404a48bd19ff5e27c91c79>:0 @ http://localhost:8090/_framework/blazor.webassembly.js:0
[  778556ms] [ERROR] at Nori.LineFont.Get (string) [0x00082] in <d74c70f944404a48bd19ff5e27c91c79>:0 @ http://localhost:8090/_framework/blazor.webassembly.js:0
[  778556ms] [ERROR] at Nori.LineFont.Get (string) [0x00082] in <d74c70f944404a48bd19ff5e27c91c79>:0 @ http://localhost:8090/_framework/blazor.webassembly.js:0
[  778556ms] [ERROR] at Nori.LineFont.Get (string) [0x00082] in <d74c70f944404a48bd19ff5e27c91c79>:0 @ http://localhost:8090/_framework/blazor.webassembly.js:0
[  778556ms] [ERROR] at Nori.LineFont.Get (string) [0x00082] in <d74c70f944404a48bd19ff5e27c91c79>:0 @ http://localhost:8090/_framework/blazor.webassembly.js:0
[  778556ms] [ERROR] at Nori.LineFont.Get (string) [0x00082] in <d74c70f944404a48bd19ff5e27c91c79>:0 @ http://localhost:8090/_framework/blazor.webassembly.js:0
[  778556ms] [ERROR] at Nori.LineFont.Get (string) [0x00082] in <d74c70f944404a48bd19ff5e27c91c79>:0 @ http://localhost:8090/_framework/blazor.webassembly.js:0
[  778556ms] [ERROR] at Nori.LineFont.Get (string) [0x00082] in <d74c70f944404a48bd19ff5e27c91c79>:0 @ http://localhost:8090/_framework/blazor.webassembly.js:0
[  778556ms] [ERROR] at Nori.LineFont.Get (string) [0x00082] in <d74c70f944404a48bd19ff5e27c91c79>:0 @ http://localhost:8090/_framework/blazor.webassembly.js:0
[  778556ms] [ERROR] at Nori.LineFont.Get (string) [0x00082] in <d74c70f944404a48bd19ff5e27c91c79>:0 @ http://localhost:8090/_framework/blazor.webassembly.js:0
[  778556ms] [ERROR] at Nori.LineFont.Get (string) [0x00082] in <d74c70f944404a48bd19ff5e27c91c79>:0 @ http://localhost:8090/_framework/blazor.webassembly.js:0
[  778556ms] [ERROR] at Nori.LineFont.Get (string) [0x00082] in <d74c70f944404a48bd19ff5e27c91c79>:0 @ http://localhost:8090/_framework/blazor.webassembly.js:0
[  778556ms] [ERROR] at Nori.LineFont.Get (string) [0x00082] in <d74c70f944404a48bd19ff5e27c91c79>:0 @ http://localhost:8090/_framework/blazor.webassembly.js:0
[  778556ms] [ERROR] at Nori.LineFont.Get (string) [0x00082] in <d74c70f944404a48bd19ff5e27c91c79>:0 @ http://localhost:8090/_framework/blazor.webassembly.js:0
[  778556ms] [ERROR] at Nori.LineFont.Get (string) [0x00082] in <d74c70f944404a48bd19ff5e27c91c79>:0 @ http://localhost:8090/_framework/blazor.webassembly.js:0
[  778556ms] [ERROR] at Nori.LineFont.Get (string) [0x00082] in <d74c70f944404a48bd19ff5e27c91c79>:0 @ http://localhost:8090/_framework/blazor.webassembly.js:0
[  778557ms] [ERROR] at Nori.LineFont.Get (string) [0x00082] in <d74c70f944404a48bd19ff5e27c91c79>:0 @ http://localhost:8090/_framework/blazor.webassembly.js:0
[  778557ms] [ERROR] at Nori.LineFont.Get (string) [0x00082] in <d74c70f944404a48bd19ff5e27c91c79>:0 @ http://localhost:8090/_framework/blazor.webassembly.js:0
[  778557ms] [ERROR] at Nori.LineFont.Get (string) [0x00082] in <d74c70f944404a48bd19ff5e27c91c79>:0 @ http://localhost:8090/_framework/blazor.webassembly.js:0
[  778557ms] [ERROR] at Nori.LineFont.Get (string) [0x00082] in <d74c70f944404a48bd19ff5e27c91c79>:0 @ http://localhost:8090/_framework/blazor.webassembly.js:0
[  778557ms] [ERROR] at Nori.LineFont.Get (string) [0x00082] in <d74c70f944404a48bd19ff5e27c91c79>:0 @ http://localhost:8090/_framework/blazor.webassembly.js:0
[  778557ms] [ERROR] at Nori.LineFont.Get (string) [0x00082] in <d74c70f944404a48bd19ff5e27c91c79>:0 @ http://localhost:8090/_framework/blazor.webassembly.js:0
[  778557ms] [ERROR] at Nori.LineFont.Get (string) [0x00082] in <d74c70f944404a48bd19ff5e27c91c79>:0 @ http://localhost:8090/_framework/blazor.webassembly.js:0
[  778557ms] [ERROR] at Nori.LineFont.Get (string) [0x00082] in <d74c70f944404a48bd19ff5e27c91c79>:0 @ http://localhost:8090/_framework/blazor.webassembly.js:0
[  778557ms] [ERROR] at Nori.LineFont.Get (string) [0x00082] in <d74c70f944404a48bd19ff5e27c91c79>:0 @ http://localhost:8090/_framework/blazor.webassembly.js:0
[  778557ms] [ERROR] at Nori.LineFont.Get (string) [0x00082] in <d74c70f944404a48bd19ff5e27c91c79>:0 @ http://localhost:8090/_framework/blazor.webassembly.js:0
[  778557ms] [ERROR] at Nori.LineFont.Get (string) [0x00082] in <d74c70f944404a48bd19ff5e27c91c79>:0 @ http://localhost:8090/_framework/blazor.webassembly.js:0
[  778557ms] [ERROR] at Nori.LineFont.Get (string) [0x00082] in <d74c70f944404a48bd19ff5e27c91c79>:0 @ http://localhost:8090/_framework/blazor.webassembly.js:0
[  778557ms] [ERROR] at Nori.LineFont.Get (string) [0x00082] in <d74c70f944404a48bd19ff5e27c91c79>:0 @ http://localhost:8090/_framework/blazor.webassembly.js:0
[  778557ms] [ERROR] at Nori.LineFont.Get (string) [0x00082] in <d74c70f944404a48bd19ff5e27c91c79>:0 @ http://localhost:8090/_framework/blazor.webassembly.js:0
[  778557ms] [ERROR] at Nori.LineFont.Get (string) [0x00082] in <d74c70f944404a48bd19ff5e27c91c79>:0 @ http://localhost:8090/_framework/blazor.webassembly.js:0
[  778557ms] [ERROR] at Nori.LineFont.Get (string) [0x00082] in <d74c70f944404a48bd19ff5e27c91c79>:0 @ http://localhost:8090/_framework/blazor.webassembly.js:0
[  778558ms] [ERROR] at Nori.LineFont.Get (string) [0x00082] in <d74c70f944404a48bd19ff5e27c91c79>:0 @ http://localhost:8090/_framework/blazor.webassembly.js:0
[  778558ms] [ERROR] at Nori.LineFont.Get (string) [0x00082] in <d74c70f944404a48bd19ff5e27c91c79>:0 @ http://localhost:8090/_framework/blazor.webassembly.js:0
[  778558ms] [ERROR] at Nori.LineFont.Get (string) [0x00082] in <d74c70f944404a48bd19ff5e27c91c79>:0 @ http://localhost:8090/_framework/blazor.webassembly.js:0
[  778558ms] [ERROR] at Nori.LineFont.Get (string) [0x00082] in <d74c70f944404a48bd19ff5e27c91c79>:0 @ http://localhost:8090/_framework/blazor.webassembly.js:0
[  778558ms] [ERROR] at Nori.LineFont.Get (string) [0x00082] in <d74c70f944404a48bd19ff5e27c91c79>:0 @ http://localhost:8090/_framework/blazor.webassembly.js:0
[  778558ms] [ERROR] at Nori.LineFont.Get (string) [0x00082] in <d74c70f944404a48bd19ff5e27c91c79>:0 @ http://localhost:8090/_framework/blazor.webassembly.js:0
[  778558ms] [ERROR] at Nori.LineFont.Get (string) [0x00082] in <d74c70f944404a48bd19ff5e27c91c79>:0 @ http://localhost:8090/_framework/blazor.webassembly.js:0
[  778558ms] [ERROR] at Nori.LineFont.Get (string) [0x00082] in <d74c70f944404a48bd19ff5e27c91c79>:0 @ http://localhost:8090/_framework/blazor.webassembly.js:0
[  778558ms] [ERROR] at Nori.LineFont.Get (string) [0x00082] in <d74c70f944404a48bd19ff5e27c91c79>:0 @ http://localhost:8090/_framework/blazor.webassembly.js:0
[  778558ms] [ERROR] at Nori.LineFont.Get (string) [0x00082] in <d74c70f944404a48bd19ff5e27c91c79>:0 @ http://localhost:8090/_framework/blazor.webassembly.js:0
[  778558ms] [ERROR] at Nori.LineFont.Get (string) [0x00082] in <d74c70f944404a48bd19ff5e27c91c79>:0 @ http://localhost:8090/_framework/blazor.webassembly.js:0
[  778558ms] [ERROR] at Nori.LineFont.Get (string) [0x00082] in <d74c70f944404a48bd19ff5e27c91c79>:0 @ http://localhost:8090/_framework/blazor.webassembly.js:0
[  778558ms] [ERROR] at Nori.LineFont.Get (string) [0x00082] in <d74c70f944404a48bd19ff5e27c91c79>:0 @ http://localhost:8090/_framework/blazor.webassembly.js:0
[  778558ms] [ERROR] at Nori.LineFont.Get (string) [0x00082] in <d74c70f944404a48bd19ff5e27c91c79>:0 @ http://localhost:8090/_framework/blazor.webassembly.js:0
[  778558ms] [ERROR] at Nori.LineFont.Get (string) [0x00082] in <d74c70f944404a48bd19ff5e27c91c79>:0 @ http://localhost:8090/_framework/blazor.webassembly.js:0
[  778558ms] [ERROR] at Nori.LineFont.Get (string) [0x00082] in <d74c70f944404a48bd19ff5e27c91c79>:0 @ http://localhost:8090/_framework/blazor.webassembly.js:0
[  778559ms] [ERROR] at Nori.LineFont.Get (string) [0x00082] in <d74c70f944404a48bd19ff5e27c91c79>:0 @ http://localhost:8090/_framework/blazor.webassembly.js:0
[  778559ms] [ERROR] at Nori.LineFont.Get (string) [0x00082] in <d74c70f944404a48bd19ff5e27c91c79>:0 @ http://localhost:8090/_framework/blazor.webassembly.js:0
[  778559ms] [ERROR] at Nori.LineFont.Get (string) [0x00082] in <d74c70f944404a48bd19ff5e27c91c79>:0 @ http://localhost:8090/_framework/blazor.webassembly.js:0
[  778559ms] [ERROR] at Nori.LineFont.Get (string) [0x00082] in <d74c70f944404a48bd19ff5e27c91c79>:0 @ http://localhost:8090/_framework/blazor.webassembly.js:0
[  778559ms] [ERROR] at Nori.LineFont.Get (string) [0x00082] in <d74c70f944404a48bd19ff5e27c91c79>:0 @ http://localhost:8090/_framework/blazor.webassembly.js:0
[  778559ms] [ERROR] at Nori.LineFont.Get (string) [0x00082] in <d74c70f944404a48bd19ff5e27c91c79>:0 @ http://localhost:8090/_framework/blazor.webassembly.js:0
[  778559ms] [ERROR] at Nori.LineFont.Get (string) [0x00082] in <d74c70f944404a48bd19ff5e27c91c79>:0 @ http://localhost:8090/_framework/blazor.webassembly.js:0
[  778559ms] [ERROR] at Nori.LineFont.Get (string) [0x00082] in <d74c70f944404a48bd19ff5e27c91c79>:0 @ http://localhost:8090/_framework/blazor.webassembly.js:0
[  778559ms] [ERROR] at Nori.LineFont.Get (string) [0x00082] in <d74c70f944404a48bd19ff5e27c91c79>:0 @ http://localhost:8090/_framework/blazor.webassembly.js:0
[  778559ms] [ERROR] at Nori.LineFont.Get (string) [0x00082] in <d74c70f944404a48bd19ff5e27c91c79>:0 @ http://localhost:8090/_framework/blazor.webassembly.js:0
[  778559ms] [ERROR] at Nori.LineFont.Get (string) [0x00082] in <d74c70f944404a48bd19ff5e27c91c79>:0 @ http://localhost:8090/_framework/blazor.webassembly.js:0
[  778559ms] [ERROR] at Nori.LineFont.Get (string) [0x00082] in <d74c70f944404a48bd19ff5e27c91c79>:0 @ http://localhost:8090/_framework/blazor.webassembly.js:0
[  778559ms] [ERROR] at Nori.LineFont.Get (string) [0x00082] in <d74c70f944404a48bd19ff5e27c91c79>:0 @ http://localhost:8090/_framework/blazor.webassembly.js:0
[  778559ms] [ERROR] at Nori.LineFont.Get (string) [0x00082] in <d74c70f944404a48bd19ff5e27c91c79>:0 @ http://localhost:8090/_framework/blazor.webassembly.js:0
[  778559ms] [ERROR] at Nori.LineFont.Get (string) [0x00082] in <d74c70f944404a48bd19ff5e27c91c79>:0 @ http://localhost:8090/_framework/blazor.webassembly.js:0
[  778559ms] [ERROR] at Nori.LineFont.Get (string) [0x00082] in <d74c70f944404a48bd19ff5e27c91c79>:0 @ http://localhost:8090/_framework/blazor.webassembly.js:0
[  778560ms] [ERROR] at Nori.LineFont.Get (string) [0x00082] in <d74c70f944404a48bd19ff5e27c91c79>:0 @ http://localhost:8090/_framework/blazor.webassembly.js:0
[  778560ms] [ERROR] at Nori.LineFont.Get (string) [0x00082] in <d74c70f944404a48bd19ff5e27c91c79>:0 @ http://localhost:8090/_framework/blazor.webassembly.js:0
[  778560ms] [ERROR] at Nori.LineFont.Get (string) [0x00082] in <d74c70f944404a48bd19ff5e27c91c79>:0 @ http://localhost:8090/_framework/blazor.webassembly.js:0
[  778560ms] [ERROR] at Nori.LineFont.Get (string) [0x00082] in <d74c70f944404a48bd19ff5e27c91c79>:0 @ http://localhost:8090/_framework/blazor.webassembly.js:0
[  778560ms] [ERROR] at Nori.LineFont.Get (string) [0x00082] in <d74c70f944404a48bd19ff5e27c91c79>:0 @ http://localhost:8090/_framework/blazor.webassembly.js:0
[  778560ms] [ERROR] at Nori.LineFont.Get (string) [0x00082] in <d74c70f944404a48bd19ff5e27c91c79>:0 @ http://localhost:8090/_framework/blazor.webassembly.js:0
[  778560ms] [ERROR] at Nori.LineFont.Get (string) [0x00082] in <d74c70f944404a48bd19ff5e27c91c79>:0 @ http://localhost:8090/_framework/blazor.webassembly.js:0
[  778560ms] [ERROR] at Nori.LineFont.Get (string) [0x00082] in <d74c70f944404a48bd19ff5e27c91c79>:0 @ http://localhost:8090/_framework/blazor.webassembly.js:0
[  778560ms] [ERROR] at Nori.LineFont.Get (string) [0x00082] in <d74c70f944404a48bd19ff5e27c91c79>:0 @ http://localhost:8090/_framework/blazor.webassembly.js:0
[  778560ms] [ERROR] at Nori.LineFont.Get (string) [0x00082] in <d74c70f944404a48bd19ff5e27c91c79>:0 @ http://localhost:8090/_framework/blazor.webassembly.js:0
[  778560ms] [ERROR] at Nori.LineFont.Get (string) [0x00082] in <d74c70f944404a48bd19ff5e27c91c79>:0 @ http://localhost:8090/_framework/blazor.webassembly.js:0
[  778560ms] [ERROR] at Nori.LineFont.Get (string) [0x00082] in <d74c70f944404a48bd19ff5e27c91c79>:0 @ http://localhost:8090/_framework/blazor.webassembly.js:0
[  778560ms] [ERROR] at Nori.LineFont.Get (string) [0x00082] in <d74c70f944404a48bd19ff5e27c91c79>:0 @ http://localhost:8090/_framework/blazor.webassembly.js:0
[  778560ms] [ERROR] at Nori.LineFont.Get (string) [0x00082] in <d74c70f944404a48bd19ff5e27c91c79>:0 @ http://localhost:8090/_framework/blazor.webassembly.js:0
[  778560ms] [ERROR] at Nori.LineFont.Get (string) [0x00082] in <d74c70f944404a48bd19ff5e27c91c79>:0 @ http://localhost:8090/_framework/blazor.webassembly.js:0
[  778560ms] [ERROR] at Nori.LineFont.Get (string) [0x00082] in <d74c70f944404a48bd19ff5e27c91c79>:0 @ http://localhost:8090/_framework/blazor.webassembly.js:0
[  778561ms] [ERROR] at Nori.LineFont.Get (string) [0x00082] in <d74c70f944404a48bd19ff5e27c91c79>:0 @ http://localhost:8090/_framework/blazor.webassembly.js:0
[  778561ms] [ERROR] at Nori.LineFont.Get (string) [0x00082] in <d74c70f944404a48bd19ff5e27c91c79>:0 @ http://localhost:8090/_framework/blazor.webassembly.js:0
[  778561ms] [ERROR] at Nori.LineFont.Get (string) [0x00082] in <d74c70f944404a48bd19ff5e27c91c79>:0 @ http://localhost:8090/_framework/blazor.webassembly.js:0
[  778561ms] [ERROR] at Nori.LineFont.Get (string) [0x00082] in <d74c70f944404a48bd19ff5e27c91c79>:0 @ http://localhost:8090/_framework/blazor.webassembly.js:0
[  778561ms] [ERROR] at Nori.LineFont.Get (string) [0x00082] in <d74c70f944404a48bd19ff5e27c91c79>:0 @ http://localhost:8090/_framework/blazor.webassembly.js:0
[  778561ms] [ERROR] at Nori.LineFont.Get (string) [0x00082] in <d74c70f944404a48bd19ff5e27c91c79>:0 @ http://localhost:8090/_framework/blazor.webassembly.js:0
[  778561ms] [ERROR] at Nori.LineFont.Get (string) [0x00082] in <d74c70f944404a48bd19ff5e27c91c79>:0 @ http://localhost:8090/_framework/blazor.webassembly.js:0
[  778561ms] [ERROR] at Nori.LineFont.Get (string) [0x00082] in <d74c70f944404a48bd19ff5e27c91c79>:0 @ http://localhost:8090/_framework/blazor.webassembly.js:0
[  778561ms] [ERROR] at Nori.LineFont.Get (string) [0x00082] in <d74c70f944404a48bd19ff5e27c91c79>:0 @ http://localhost:8090/_framework/blazor.webassembly.js:0
[  778562ms] [ERROR] at Nori.LineFont.Get (string) [0x00082] in <d74c70f944404a48bd19ff5e27c91c79>:0 @ http://localhost:8090/_framework/blazor.webassembly.js:0
[  778562ms] [ERROR] at Nori.LineFont.Get (string) [0x00082] in <d74c70f944404a48bd19ff5e27c91c79>:0 @ http://localhost:8090/_framework/blazor.webassembly.js:0
[  778562ms] [ERROR] at Nori.LineFont.Get (string) [0x00082] in <d74c70f944404a48bd19ff5e27c91c79>:0 @ http://localhost:8090/_framework/blazor.webassembly.js:0
[  778562ms] [ERROR] at Nori.LineFont.Get (string) [0x00082] in <d74c70f944404a48bd19ff5e27c91c79>:0 @ http://localhost:8090/_framework/blazor.webassembly.js:0
[  778562ms] [ERROR] at Nori.LineFont.Get (string) [0x00082] in <d74c70f944404a48bd19ff5e27c91c79>:0 @ http://localhost:8090/_framework/blazor.webassembly.js:0
[  778562ms] [ERROR] at Nori.LineFont.Get (string) [0x00082] in <d74c70f944404a48bd19ff5e27c91c79>:0 @ http://localhost:8090/_framework/blazor.webassembly.js:0
[  778562ms] [ERROR] at Nori.LineFont.Get (string) [0x00082] in <d74c70f944404a48bd19ff5e27c91c79>:0 @ http://localhost:8090/_framework/blazor.webassembly.js:0
[  778562ms] [ERROR] at Nori.LineFont.Get (string) [0x00082] in <d74c70f944404a48bd19ff5e27c91c79>:0 @ http://localhost:8090/_framework/blazor.webassembly.js:0
[  778562ms] [ERROR] at Nori.LineFont.Get (string) [0x00082] in <d74c70f944404a48bd19ff5e27c91c79>:0 @ http://localhost:8090/_framework/blazor.webassembly.js:0
[  778563ms] [ERROR] at Nori.LineFont.Get (string) [0x00082] in <d74c70f944404a48bd19ff5e27c91c79>:0 @ http://localhost:8090/_framework/blazor.webassembly.js:0
[  778563ms] [ERROR] at Nori.LineFont.Get (string) [0x00082] in <d74c70f944404a48bd19ff5e27c91c79>:0 @ http://localhost:8090/_framework/blazor.webassembly.js:0
[  778563ms] [ERROR] at Nori.LineFont.Get (string) [0x00082] in <d74c70f944404a48bd19ff5e27c91c79>:0 @ http://localhost:8090/_framework/blazor.webassembly.js:0
[  778563ms] [ERROR] at Nori.LineFont.Get (string) [0x00082] in <d74c70f944404a48bd19ff5e27c91c79>:0 @ http://localhost:8090/_framework/blazor.webassembly.js:0
[  778563ms] [ERROR] at Nori.LineFont.Get (string) [0x00082] in <d74c70f944404a48bd19ff5e27c91c79>:0 @ http://localhost:8090/_framework/blazor.webassembly.js:0
[  778563ms] [ERROR] at Nori.LineFont.Get (string) [0x00082] in <d74c70f944404a48bd19ff5e27c91c79>:0 @ http://localhost:8090/_framework/blazor.webassembly.js:0
[  778563ms] [ERROR] at Nori.LineFont.Get (string) [0x00082] in <d74c70f944404a48bd19ff5e27c91c79>:0 @ http://localhost:8090/_framework/blazor.webassembly.js:0
[  778563ms] [ERROR] at Nori.LineFont.Get (string) [0x00082] in <d74c70f944404a48bd19ff5e27c91c79>:0 @ http://localhost:8090/_framework/blazor.webassembly.js:0
[  778563ms] [ERROR] at Nori.LineFont.Get (string) [0x00082] in <d74c70f944404a48bd19ff5e27c91c79>:0 @ http://localhost:8090/_framework/blazor.webassembly.js:0
[  778563ms] [ERROR] at Nori.LineFont.Get (string) [0x00082] in <d74c70f944404a48bd19ff5e27c91c79>:0 @ http://localhost:8090/_framework/blazor.webassembly.js:0
[  778563ms] [ERROR] at Nori.LineFont.Get (string) [0x00082] in <d74c70f944404a48bd19ff5e27c91c79>:0 @ http://localhost:8090/_framework/blazor.webassembly.js:0
[  778563ms] [ERROR] at Nori.LineFont.Get (string) [0x00082] in <d74c70f944404a48bd19ff5e27c91c79>:0 @ http://localhost:8090/_framework/blazor.webassembly.js:0
[  778563ms] [ERROR] at Nori.LineFont.Get (string) [0x00082] in <d74c70f944404a48bd19ff5e27c91c79>:0 @ http://localhost:8090/_framework/blazor.webassembly.js:0
[  778563ms] [ERROR] at Nori.LineFont.Get (string) [0x00082] in <d74c70f944404a48bd19ff5e27c91c79>:0 @ http://localhost:8090/_framework/blazor.webassembly.js:0
[  778563ms] [ERROR] at Nori.LineFont.Get (string) [0x00082] in <d74c70f944404a48bd19ff5e27c91c79>:0 @ http://localhost:8090/_framework/blazor.webassembly.js:0
[  778563ms] [ERROR] at Nori.LineFont.Get (string) [0x00082] in <d74c70f944404a48bd19ff5e27c91c79>:0 @ http://localhost:8090/_framework/blazor.webassembly.js:0
[  778564ms] [ERROR] at Nori.LineFont.Get (string) [0x00082] in <d74c70f944404a48bd19ff5e27c91c79>:0 @ http://localhost:8090/_framework/blazor.webassembly.js:0
[  778564ms] [ERROR] at Nori.LineFont.Get (string) [0x00082] in <d74c70f944404a48bd19ff5e27c91c79>:0 @ http://localhost:8090/_framework/blazor.webassembly.js:0
[  778564ms] [ERROR] at Nori.LineFont.Get (string) [0x00082] in <d74c70f944404a48bd19ff5e27c91c79>:0 @ http://localhost:8090/_framework/blazor.webassembly.js:0
[  778564ms] [ERROR] at Nori.LineFont.Get (string) [0x00082] in <d74c70f944404a48bd19ff5e27c91c79>:0 @ http://localhost:8090/_framework/blazor.webassembly.js:0
[  778564ms] [ERROR] at Nori.LineFont.Get (string) [0x00082] in <d74c70f944404a48bd19ff5e27c91c79>:0 @ http://localhost:8090/_framework/blazor.webassembly.js:0
[  778564ms] [ERROR] at Nori.LineFont.Get (string) [0x00082] in <d74c70f944404a48bd19ff5e27c91c79>:0 @ http://localhost:8090/_framework/blazor.webassembly.js:0
[  778564ms] [ERROR] at Nori.LineFont.Get (string) [0x00082] in <d74c70f944404a48bd19ff5e27c91c79>:0 @ http://localhost:8090/_framework/blazor.webassembly.js:0
[  778564ms] [ERROR] at Nori.LineFont.Get (string) [0x00082] in <d74c70f944404a48bd19ff5e27c91c79>:0 @ http://localhost:8090/_framework/blazor.webassembly.js:0
[  778564ms] [ERROR] at Nori.LineFont.Get (string) [0x00082] in <d74c70f944404a48bd19ff5e27c91c79>:0 @ http://localhost:8090/_framework/blazor.webassembly.js:0
[  778564ms] [ERROR] at Nori.LineFont.Get (string) [0x00082] in <d74c70f944404a48bd19ff5e27c91c79>:0 @ http://localhost:8090/_framework/blazor.webassembly.js:0
[  778564ms] [ERROR] at Nori.LineFont.Get (string) [0x00082] in <d74c70f944404a48bd19ff5e27c91c79>:0 @ http://localhost:8090/_framework/blazor.webassembly.js:0
[  778564ms] [ERROR] at Nori.LineFont.Get (string) [0x00082] in <d74c70f944404a48bd19ff5e27c91c79>:0 @ http://localhost:8090/_framework/blazor.webassembly.js:0
[  778564ms] [ERROR] at Nori.LineFont.Get (string) [0x00082] in <d74c70f944404a48bd19ff5e27c91c79>:0 @ http://localhost:8090/_framework/blazor.webassembly.js:0
[  778565ms] [ERROR] at Nori.LineFont.Get (string) [0x00082] in <d74c70f944404a48bd19ff5e27c91c79>:0 @ http://localhost:8090/_framework/blazor.webassembly.js:0
[  778565ms] [ERROR] at Nori.LineFont.Get (string) [0x00082] in <d74c70f944404a48bd19ff5e27c91c79>:0 @ http://localhost:8090/_framework/blazor.webassembly.js:0
[  778565ms] [ERROR] at Nori.LineFont.Get (string) [0x00082] in <d74c70f944404a48bd19ff5e27c91c79>:0 @ http://localhost:8090/_framework/blazor.webassembly.js:0
[  778565ms] [ERROR] at Nori.LineFont.Get (string) [0x00082] in <d74c70f944404a48bd19ff5e27c91c79>:0 @ http://localhost:8090/_framework/blazor.webassembly.js:0
[  778565ms] [ERROR] at Nori.LineFont.Get (string) [0x00082] in <d74c70f944404a48bd19ff5e27c91c79>:0 @ http://localhost:8090/_framework/blazor.webassembly.js:0
[  778565ms] [ERROR] at Nori.LineFont.Get (string) [0x00082] in <d74c70f944404a48bd19ff5e27c91c79>:0 @ http://localhost:8090/_framework/blazor.webassembly.js:0
[  778565ms] [ERROR] at Nori.LineFont.Get (string) [0x00082] in <d74c70f944404a48bd19ff5e27c91c79>:0 @ http://localhost:8090/_framework/blazor.webassembly.js:0
[  778565ms] [ERROR] at Nori.LineFont.Get (string) [0x00082] in <d74c70f944404a48bd19ff5e27c91c79>:0 @ http://localhost:8090/_framework/blazor.webassembly.js:0
[  778565ms] [ERROR] at Nori.LineFont.Get (string) [0x00082] in <d74c70f944404a48bd19ff5e27c91c79>:0 @ http://localhost:8090/_framework/blazor.webassembly.js:0
[  778565ms] [ERROR] at Nori.LineFont.Get (string) [0x00082] in <d74c70f944404a48bd19ff5e27c91c79>:0 @ http://localhost:8090/_framework/blazor.webassembly.js:0
[  778565ms] [ERROR] at Nori.LineFont.Get (string) [0x00082] in <d74c70f944404a48bd19ff5e27c91c79>:0 @ http://localhost:8090/_framework/blazor.webassembly.js:0
[  778565ms] [ERROR] at Nori.LineFont.Get (string) [0x00082] in <d74c70f944404a48bd19ff5e27c91c79>:0 @ http://localhost:8090/_framework/blazor.webassembly.js:0
[  778565ms] [ERROR] at Nori.LineFont.Get (string) [0x00082] in <d74c70f944404a48bd19ff5e27c91c79>:0 @ http://localhost:8090/_framework/blazor.webassembly.js:0
[  778565ms] [ERROR] at Nori.LineFont.Get (string) [0x00082] in <d74c70f944404a48bd19ff5e27c91c79>:0 @ http://localhost:8090/_framework/blazor.webassembly.js:0
[  778565ms] [ERROR] at Nori.LineFont.Get (string) [0x00082] in <d74c70f944404a48bd19ff5e27c91c79>:0 @ http://localhost:8090/_framework/blazor.webassembly.js:0
[  778565ms] [ERROR] at Nori.LineFont.Get (string) [0x00082] in <d74c70f944404a48bd19ff5e27c91c79>:0 @ http://localhost:8090/_framework/blazor.webassembly.js:0
[  778565ms] [ERROR] at Nori.LineFont.Get (string) [0x00082] in <d74c70f944404a48bd19ff5e27c91c79>:0 @ http://localhost:8090/_framework/blazor.webassembly.js:0
[  778566ms] [ERROR] at Nori.LineFont.Get (string) [0x00082] in <d74c70f944404a48bd19ff5e27c91c79>:0 @ http://localhost:8090/_framework/blazor.webassembly.js:0
[  778566ms] [ERROR] at Nori.LineFont.Get (string) [0x00082] in <d74c70f944404a48bd19ff5e27c91c79>:0 @ http://localhost:8090/_framework/blazor.webassembly.js:0
[  778566ms] [ERROR] at Nori.LineFont.Get (string) [0x00082] in <d74c70f944404a48bd19ff5e27c91c79>:0 @ http://localhost:8090/_framework/blazor.webassembly.js:0
[  778566ms] [ERROR] at Nori.LineFont.Get (string) [0x00082] in <d74c70f944404a48bd19ff5e27c91c79>:0 @ http://localhost:8090/_framework/blazor.webassembly.js:0
[  778566ms] [ERROR] at Nori.LineFont.Get (string) [0x00082] in <d74c70f944404a48bd19ff5e27c91c79>:0 @ http://localhost:8090/_framework/blazor.webassembly.js:0
[  778566ms] [ERROR] at Nori.LineFont.Get (string) [0x00082] in <d74c70f944404a48bd19ff5e27c91c79>:0 @ http://localhost:8090/_framework/blazor.webassembly.js:0
[  778566ms] [ERROR] at Nori.LineFont.Get (string) [0x00082] in <d74c70f944404a48bd19ff5e27c91c79>:0 @ http://localhost:8090/_framework/blazor.webassembly.js:0
[  778566ms] [ERROR] at Nori.LineFont.Get (string) [0x00082] in <d74c70f944404a48bd19ff5e27c91c79>:0 @ http://localhost:8090/_framework/blazor.webassembly.js:0
[  778566ms] [ERROR] at Nori.LineFont.Get (string) [0x00082] in <d74c70f944404a48bd19ff5e27c91c79>:0 @ http://localhost:8090/_framework/blazor.webassembly.js:0
[  778566ms] [ERROR] at Nori.LineFont.Get (string) [0x00082] in <d74c70f944404a48bd19ff5e27c91c79>:0 @ http://localhost:8090/_framework/blazor.webassembly.js:0
[  778566ms] [ERROR] at Nori.LineFont.Get (string) [0x00082] in <d74c70f944404a48bd19ff5e27c91c79>:0 @ http://localhost:8090/_framework/blazor.webassembly.js:0
[  778567ms] [ERROR] at Nori.LineFont.Get (string) [0x00082] in <d74c70f944404a48bd19ff5e27c91c79>:0 @ http://localhost:8090/_framework/blazor.webassembly.js:0
[  778567ms] [ERROR] at Nori.LineFont.Get (string) [0x00082] in <d74c70f944404a48bd19ff5e27c91c79>:0 @ http://localhost:8090/_framework/blazor.webassembly.js:0
[  778567ms] [ERROR] at Nori.LineFont.Get (string) [0x00082] in <d74c70f944404a48bd19ff5e27c91c79>:0 @ http://localhost:8090/_framework/blazor.webassembly.js:0
[  778567ms] [ERROR] at Nori.LineFont.Get (string) [0x00082] in <d74c70f944404a48bd19ff5e27c91c79>:0 @ http://localhost:8090/_framework/blazor.webassembly.js:0
[  778567ms] [ERROR] at Nori.LineFont.Get (string) [0x00082] in <d74c70f944404a48bd19ff5e27c91c79>:0 @ http://localhost:8090/_framework/blazor.webassembly.js:0
[  778567ms] [ERROR] at Nori.LineFont.Get (string) [0x00082] in <d74c70f944404a48bd19ff5e27c91c79>:0 @ http://localhost:8090/_framework/blazor.webassembly.js:0
[  778567ms] [ERROR] at Nori.LineFont.Get (string) [0x00082] in <d74c70f944404a48bd19ff5e27c91c79>:0 @ http://localhost:8090/_framework/blazor.webassembly.js:0
[  778567ms] [ERROR] at Nori.LineFont.Get (string) [0x00082] in <d74c70f944404a48bd19ff5e27c91c79>:0 @ http://localhost:8090/_framework/blazor.webassembly.js:0
[  778567ms] [ERROR] at Nori.LineFont.Get (string) [0x00082] in <d74c70f944404a48bd19ff5e27c91c79>:0 @ http://localhost:8090/_framework/blazor.webassembly.js:0
[  778567ms] [ERROR] at Nori.LineFont.Get (string) [0x00082] in <d74c70f944404a48bd19ff5e27c91c79>:0 @ http://localhost:8090/_framework/blazor.webassembly.js:0
[  778567ms] [ERROR] at Nori.LineFont.Get (string) [0x00082] in <d74c70f944404a48bd19ff5e27c91c79>:0 @ http://localhost:8090/_framework/blazor.webassembly.js:0
[  778567ms] [ERROR] at Nori.LineFont.Get (string) [0x00082] in <d74c70f944404a48bd19ff5e27c91c79>:0 @ http://localhost:8090/_framework/blazor.webassembly.js:0
[  778567ms] [ERROR] at Nori.LineFont.Get (string) [0x00082] in <d74c70f944404a48bd19ff5e27c91c79>:0 @ http://localhost:8090/_framework/blazor.webassembly.js:0
[  778567ms] [ERROR] at Nori.LineFont.Get (string) [0x00082] in <d74c70f944404a48bd19ff5e27c91c79>:0 @ http://localhost:8090/_framework/blazor.webassembly.js:0
[  778567ms] [ERROR] at Nori.LineFont.Get (string) [0x00082] in <d74c70f944404a48bd19ff5e27c91c79>:0 @ http://localhost:8090/_framework/blazor.webassembly.js:0
[  778567ms] [ERROR] at Nori.LineFont.Get (string) [0x00082] in <d74c70f944404a48bd19ff5e27c91c79>:0 @ http://localhost:8090/_framework/blazor.webassembly.js:0
[  778568ms] [ERROR] at Nori.LineFont.Get (string) [0x00082] in <d74c70f944404a48bd19ff5e27c91c79>:0 @ http://localhost:8090/_framework/blazor.webassembly.js:0
[  778568ms] [ERROR] at Nori.LineFont.Get (string) [0x00082] in <d74c70f944404a48bd19ff5e27c91c79>:0 @ http://localhost:8090/_framework/blazor.webassembly.js:0
[  778568ms] [ERROR] at Nori.LineFont.Get (string) [0x00082] in <d74c70f944404a48bd19ff5e27c91c79>:0 @ http://localhost:8090/_framework/blazor.webassembly.js:0
[  778568ms] [ERROR] at Nori.LineFont.Get (string) [0x00082] in <d74c70f944404a48bd19ff5e27c91c79>:0 @ http://localhost:8090/_framework/blazor.webassembly.js:0
[  778568ms] [ERROR] at Nori.LineFont.Get (string) [0x00082] in <d74c70f944404a48bd19ff5e27c91c79>:0 @ http://localhost:8090/_framework/blazor.webassembly.js:0
[  778568ms] [ERROR] at Nori.LineFont.Get (string) [0x00082] in <d74c70f944404a48bd19ff5e27c91c79>:0 @ http://localhost:8090/_framework/blazor.webassembly.js:0
[  778568ms] [ERROR] at Nori.LineFont.Get (string) [0x00082] in <d74c70f944404a48bd19ff5e27c91c79>:0 @ http://localhost:8090/_framework/blazor.webassembly.js:0
[  778568ms] [ERROR] at Nori.LineFont.Get (string) [0x00082] in <d74c70f944404a48bd19ff5e27c91c79>:0 @ http://localhost:8090/_framework/blazor.webassembly.js:0
[  778568ms] [ERROR] at Nori.LineFont.Get (string) [0x00082] in <d74c70f944404a48bd19ff5e27c91c79>:0 @ http://localhost:8090/_framework/blazor.webassembly.js:0
[  778568ms] [ERROR] at Nori.LineFont.Get (string) [0x00082] in <d74c70f944404a48bd19ff5e27c91c79>:0 @ http://localhost:8090/_framework/blazor.webassembly.js:0
[  778568ms] [ERROR] at Nori.LineFont.Get (string) [0x00082] in <d74c70f944404a48bd19ff5e27c91c79>:0 @ http://localhost:8090/_framework/blazor.webassembly.js:0
[  778568ms] [ERROR] at Nori.LineFont.Get (string) [0x00082] in <d74c70f944404a48bd19ff5e27c91c79>:0 @ http://localhost:8090/_framework/blazor.webassembly.js:0
[  778568ms] [ERROR] at Nori.LineFont.Get (string) [0x00082] in <d74c70f944404a48bd19ff5e27c91c79>:0 @ http://localhost:8090/_framework/blazor.webassembly.js:0
[  778568ms] [ERROR] at Nori.LineFont.Get (string) [0x00082] in <d74c70f944404a48bd19ff5e27c91c79>:0 @ http://localhost:8090/_framework/blazor.webassembly.js:0
[  778568ms] [ERROR] at Nori.LineFont.Get (string) [0x00082] in <d74c70f944404a48bd19ff5e27c91c79>:0 @ http://localhost:8090/_framework/blazor.webassembly.js:0
[  778568ms] [ERROR] at Nori.LineFont.Get (string) [0x00082] in <d74c70f944404a48bd19ff5e27c91c79>:0 @ http://localhost:8090/_framework/blazor.webassembly.js:0
[  778569ms] [ERROR] at Nori.LineFont.Get (string) [0x00082] in <d74c70f944404a48bd19ff5e27c91c79>:0 @ http://localhost:8090/_framework/blazor.webassembly.js:0
[  778569ms] [ERROR] at Nori.LineFont.Get (string) [0x00082] in <d74c70f944404a48bd19ff5e27c91c79>:0 @ http://localhost:8090/_framework/blazor.webassembly.js:0
[  778569ms] [ERROR] at Nori.LineFont.Get (string) [0x00082] in <d74c70f944404a48bd19ff5e27c91c79>:0 @ http://localhost:8090/_framework/blazor.webassembly.js:0
[  778569ms] [ERROR] at Nori.LineFont.Get (string) [0x00082] in <d74c70f944404a48bd19ff5e27c91c79>:0 @ http://localhost:8090/_framework/blazor.webassembly.js:0
[  778569ms] [ERROR] at Nori.LineFont.Get (string) [0x00082] in <d74c70f944404a48bd19ff5e27c91c79>:0 @ http://localhost:8090/_framework/blazor.webassembly.js:0
[  778569ms] [ERROR] at Nori.LineFont.Get (string) [0x00082] in <d74c70f944404a48bd19ff5e27c91c79>:0 @ http://localhost:8090/_framework/blazor.webassembly.js:0
[  778569ms] [ERROR] at Nori.LineFont.Get (string) [0x00082] in <d74c70f944404a48bd19ff5e27c91c79>:0 @ http://localhost:8090/_framework/blazor.webassembly.js:0
[  778569ms] [ERROR] at Nori.LineFont.Get (string) [0x00082] in <d74c70f944404a48bd19ff5e27c91c79>:0 @ http://localhost:8090/_framework/blazor.webassembly.js:0
[  778569ms] [ERROR] at Nori.LineFont.Get (string) [0x00082] in <d74c70f944404a48bd19ff5e27c91c79>:0 @ http://localhost:8090/_framework/blazor.webassembly.js:0
[  778569ms] [ERROR] at Nori.LineFont.Get (string) [0x00082] in <d74c70f944404a48bd19ff5e27c91c79>:0 @ http://localhost:8090/_framework/blazor.webassembly.js:0
[  778569ms] [ERROR] at Nori.LineFont.Get (string) [0x00082] in <d74c70f944404a48bd19ff5e27c91c79>:0 @ http://localhost:8090/_framework/blazor.webassembly.js:0
[  778569ms] [ERROR] at Nori.LineFont.Get (string) [0x00082] in <d74c70f944404a48bd19ff5e27c91c79>:0 @ http://localhost:8090/_framework/blazor.webassembly.js:0
[  778569ms] [ERROR] at Nori.LineFont.Get (string) [0x00082] in <d74c70f944404a48bd19ff5e27c91c79>:0 @ http://localhost:8090/_framework/blazor.webassembly.js:0
[  778569ms] [ERROR] at Nori.LineFont.Get (string) [0x00082] in <d74c70f944404a48bd19ff5e27c91c79>:0 @ http://localhost:8090/_framework/blazor.webassembly.js:0
[  778569ms] [ERROR] at Nori.LineFont.Get (string) [0x00082] in <d74c70f944404a48bd19ff5e27c91c79>:0 @ http://localhost:8090/_framework/blazor.webassembly.js:0
[  778569ms] [ERROR] at Nori.LineFont.Get (string) [0x00082] in <d74c70f944404a48bd19ff5e27c91c79>:0 @ http://localhost:8090/_framework/blazor.webassembly.js:0
[  778570ms] [ERROR] at Nori.LineFont.Get (string) [0x00082] in <d74c70f944404a48bd19ff5e27c91c79>:0 @ http://localhost:8090/_framework/blazor.webassembly.js:0
[  778570ms] [ERROR] at Nori.LineFont.Get (string) [0x00082] in <d74c70f944404a48bd19ff5e27c91c79>:0 @ http://localhost:8090/_framework/blazor.webassembly.js:0
[  778570ms] [ERROR] at Nori.LineFont.Get (string) [0x00082] in <d74c70f944404a48bd19ff5e27c91c79>:0 @ http://localhost:8090/_framework/blazor.webassembly.js:0
[  778570ms] [ERROR] at Nori.LineFont.Get (string) [0x00082] in <d74c70f944404a48bd19ff5e27c91c79>:0 @ http://localhost:8090/_framework/blazor.webassembly.js:0
[  778570ms] [ERROR] at Nori.LineFont.Get (string) [0x00082] in <d74c70f944404a48bd19ff5e27c91c79>:0 @ http://localhost:8090/_framework/blazor.webassembly.js:0
[  778570ms] [ERROR] at Nori.LineFont.Get (string) [0x00082] in <d74c70f944404a48bd19ff5e27c91c79>:0 @ http://localhost:8090/_framework/blazor.webassembly.js:0
[  778570ms] [ERROR] at Nori.LineFont.Get (string) [0x00082] in <d74c70f944404a48bd19ff5e27c91c79>:0 @ http://localhost:8090/_framework/blazor.webassembly.js:0
[  778570ms] [ERROR] at Nori.LineFont.Get (string) [0x00082] in <d74c70f944404a48bd19ff5e27c91c79>:0 @ http://localhost:8090/_framework/blazor.webassembly.js:0
[  778570ms] [ERROR] at Nori.LineFont.Get (string) [0x00082] in <d74c70f944404a48bd19ff5e27c91c79>:0 @ http://localhost:8090/_framework/blazor.webassembly.js:0
[  778570ms] [ERROR] at Nori.LineFont.Get (string) [0x00082] in <d74c70f944404a48bd19ff5e27c91c79>:0 @ http://localhost:8090/_framework/blazor.webassembly.js:0
[  778570ms] [ERROR] at Nori.LineFont.Get (string) [0x00082] in <d74c70f944404a48bd19ff5e27c91c79>:0 @ http://localhost:8090/_framework/blazor.webassembly.js:0
[  778570ms] [ERROR] at Nori.LineFont.Get (string) [0x00082] in <d74c70f944404a48bd19ff5e27c91c79>:0 @ http://localhost:8090/_framework/blazor.webassembly.js:0
[  778570ms] [ERROR] at Nori.LineFont.Get (string) [0x00082] in <d74c70f944404a48bd19ff5e27c91c79>:0 @ http://localhost:8090/_framework/blazor.webassembly.js:0
[  778570ms] [ERROR] at Nori.LineFont.Get (string) [0x00082] in <d74c70f944404a48bd19ff5e27c91c79>:0 @ http://localhost:8090/_framework/blazor.webassembly.js:0
[  778570ms] [ERROR] at Nori.LineFont.Get (string) [0x00082] in <d74c70f944404a48bd19ff5e27c91c79>:0 @ http://localhost:8090/_framework/blazor.webassembly.js:0
[  778570ms] [ERROR] at Nori.LineFont.Get (string) [0x00082] in <d74c70f944404a48bd19ff5e27c91c79>:0 @ http://localhost:8090/_framework/blazor.webassembly.js:0
[  778571ms] [ERROR] at Nori.LineFont.Get (string) [0x00082] in <d74c70f944404a48bd19ff5e27c91c79>:0 @ http://localhost:8090/_framework/blazor.webassembly.js:0
[  778571ms] [ERROR] at Nori.LineFont.Get (string) [0x00082] in <d74c70f944404a48bd19ff5e27c91c79>:0 @ http://localhost:8090/_framework/blazor.webassembly.js:0
[  778571ms] [ERROR] at Nori.LineFont.Get (string) [0x00082] in <d74c70f944404a48bd19ff5e27c91c79>:0 @ http://localhost:8090/_framework/blazor.webassembly.js:0
[  778571ms] [ERROR] at Nori.LineFont.Get (string) [0x00082] in <d74c70f944404a48bd19ff5e27c91c79>:0 @ http://localhost:8090/_framework/blazor.webassembly.js:0
[  778571ms] [ERROR] at Nori.LineFont.Get (string) [0x00082] in <d74c70f944404a48bd19ff5e27c91c79>:0 @ http://localhost:8090/_framework/blazor.webassembly.js:0
[  778571ms] [ERROR] at Nori.LineFont.Get (string) [0x00082] in <d74c70f944404a48bd19ff5e27c91c79>:0 @ http://localhost:8090/_framework/blazor.webassembly.js:0
[  778571ms] [ERROR] at Nori.LineFont.Get (string) [0x00082] in <d74c70f944404a48bd19ff5e27c91c79>:0 @ http://localhost:8090/_framework/blazor.webassembly.js:0
[  778571ms] [ERROR] at Nori.LineFont.Get (string) [0x00082] in <d74c70f944404a48bd19ff5e27c91c79>:0 @ http://localhost:8090/_framework/blazor.webassembly.js:0
[  778571ms] [ERROR] at Nori.LineFont.Get (string) [0x00082] in <d74c70f944404a48bd19ff5e27c91c79>:0 @ http://localhost:8090/_framework/blazor.webassembly.js:0
[  778571ms] [ERROR] at Nori.LineFont.Get (string) [0x00082] in <d74c70f944404a48bd19ff5e27c91c79>:0 @ http://localhost:8090/_framework/blazor.webassembly.js:0
[  778571ms] [ERROR] at Nori.LineFont.Get (string) [0x00082] in <d74c70f944404a48bd19ff5e27c91c79>:0 @ http://localhost:8090/_framework/blazor.webassembly.js:0
[  778571ms] [ERROR] at Nori.LineFont.Get (string) [0x00082] in <d74c70f944404a48bd19ff5e27c91c79>:0 @ http://localhost:8090/_framework/blazor.webassembly.js:0
[  778571ms] [ERROR] at Nori.LineFont.Get (string) [0x00082] in <d74c70f944404a48bd19ff5e27c91c79>:0 @ http://localhost:8090/_framework/blazor.webassembly.js:0
[  778571ms] [ERROR] at Nori.LineFont.Get (string) [0x00082] in <d74c70f944404a48bd19ff5e27c91c79>:0 @ http://localhost:8090/_framework/blazor.webassembly.js:0
[  778571ms] [ERROR] at Nori.LineFont.Get (string) [0x00082] in <d74c70f944404a48bd19ff5e27c91c79>:0 @ http://localhost:8090/_framework/blazor.webassembly.js:0
[  778572ms] [ERROR] at Nori.LineFont.Get (string) [0x00082] in <d74c70f944404a48bd19ff5e27c91c79>:0 @ http://localhost:8090/_framework/blazor.webassembly.js:0
[  778572ms] [ERROR] at Nori.LineFont.Get (string) [0x00082] in <d74c70f944404a48bd19ff5e27c91c79>:0 @ http://localhost:8090/_framework/blazor.webassembly.js:0
[  778572ms] [ERROR] at Nori.LineFont.Get (string) [0x00082] in <d74c70f944404a48bd19ff5e27c91c79>:0 @ http://localhost:8090/_framework/blazor.webassembly.js:0
[  778572ms] [ERROR] at Nori.LineFont.Get (string) [0x00082] in <d74c70f944404a48bd19ff5e27c91c79>:0 @ http://localhost:8090/_framework/blazor.webassembly.js:0
[  778572ms] [ERROR] at Nori.LineFont.Get (string) [0x00082] in <d74c70f944404a48bd19ff5e27c91c79>:0 @ http://localhost:8090/_framework/blazor.webassembly.js:0
[  778572ms] [ERROR] at Nori.LineFont.Get (string) [0x00082] in <d74c70f944404a48bd19ff5e27c91c79>:0 @ http://localhost:8090/_framework/blazor.webassembly.js:0
[  778572ms] [ERROR] at Nori.LineFont.Get (string) [0x00082] in <d74c70f944404a48bd19ff5e27c91c79>:0 @ http://localhost:8090/_framework/blazor.webassembly.js:0
[  778572ms] [ERROR] at Nori.LineFont.Get (string) [0x00082] in <d74c70f944404a48bd19ff5e27c91c79>:0 @ http://localhost:8090/_framework/blazor.webassembly.js:0
[  778572ms] [ERROR] at Nori.LineFont.Get (string) [0x00082] in <d74c70f944404a48bd19ff5e27c91c79>:0 @ http://localhost:8090/_framework/blazor.webassembly.js:0
[  778572ms] [ERROR] at Nori.LineFont.Get (string) [0x00082] in <d74c70f944404a48bd19ff5e27c91c79>:0 @ http://localhost:8090/_framework/blazor.webassembly.js:0
[  778572ms] [ERROR] at Nori.LineFont.Get (string) [0x00082] in <d74c70f944404a48bd19ff5e27c91c79>:0 @ http://localhost:8090/_framework/blazor.webassembly.js:0
[  778572ms] [ERROR] at Nori.LineFont.Get (string) [0x00082] in <d74c70f944404a48bd19ff5e27c91c79>:0 @ http://localhost:8090/_framework/blazor.webassembly.js:0
[  778572ms] [ERROR] at Nori.LineFont.Get (string) [0x00082] in <d74c70f944404a48bd19ff5e27c91c79>:0 @ http://localhost:8090/_framework/blazor.webassembly.js:0
[  778572ms] [ERROR] at Nori.LineFont.Get (string) [0x00082] in <d74c70f944404a48bd19ff5e27c91c79>:0 @ http://localhost:8090/_framework/blazor.webassembly.js:0
[  778572ms] [ERROR] at Nori.LineFont.Get (string) [0x00082] in <d74c70f944404a48bd19ff5e27c91c79>:0 @ http://localhost:8090/_framework/blazor.webassembly.js:0
[  778572ms] [ERROR] at Nori.LineFont.Get (string) [0x00082] in <d74c70f944404a48bd19ff5e27c91c79>:0 @ http://localhost:8090/_framework/blazor.webassembly.js:0
[  778573ms] [ERROR] at Nori.LineFont.Get (string) [0x00082] in <d74c70f944404a48bd19ff5e27c91c79>:0 @ http://localhost:8090/_framework/blazor.webassembly.js:0
[  778573ms] [ERROR] at Nori.LineFont.Get (string) [0x00082] in <d74c70f944404a48bd19ff5e27c91c79>:0 @ http://localhost:8090/_framework/blazor.webassembly.js:0
[  778573ms] [ERROR] at Nori.LineFont.Get (string) [0x00082] in <d74c70f944404a48bd19ff5e27c91c79>:0 @ http://localhost:8090/_framework/blazor.webassembly.js:0
[  778573ms] [ERROR] at Nori.LineFont.Get (string) [0x00082] in <d74c70f944404a48bd19ff5e27c91c79>:0 @ http://localhost:8090/_framework/blazor.webassembly.js:0
[  778573ms] [ERROR] at Nori.LineFont.Get (string) [0x00082] in <d74c70f944404a48bd19ff5e27c91c79>:0 @ http://localhost:8090/_framework/blazor.webassembly.js:0
[  778573ms] [ERROR] at Nori.LineFont.Get (string) [0x00082] in <d74c70f944404a48bd19ff5e27c91c79>:0 @ http://localhost:8090/_framework/blazor.webassembly.js:0
[  778573ms] [ERROR] at Nori.LineFont.Get (string) [0x00082] in <d74c70f944404a48bd19ff5e27c91c79>:0 @ http://localhost:8090/_framework/blazor.webassembly.js:0
[  778573ms] [ERROR] at Nori.LineFont.Get (string) [0x00082] in <d74c70f944404a48bd19ff5e27c91c79>:0 @ http://localhost:8090/_framework/blazor.webassembly.js:0
[  778573ms] [ERROR] at Nori.LineFont.Get (string) [0x00082] in <d74c70f944404a48bd19ff5e27c91c79>:0 @ http://localhost:8090/_framework/blazor.webassembly.js:0
[  778573ms] [ERROR] at Nori.LineFont.Get (string) [0x00082] in <d74c70f944404a48bd19ff5e27c91c79>:0 @ http://localhost:8090/_framework/blazor.webassembly.js:0
[  778573ms] [ERROR] at Nori.LineFont.Get (string) [0x00082] in <d74c70f944404a48bd19ff5e27c91c79>:0 @ http://localhost:8090/_framework/blazor.webassembly.js:0
[  778573ms] [ERROR] at Nori.LineFont.Get (string) [0x00082] in <d74c70f944404a48bd19ff5e27c91c79>:0 @ http://localhost:8090/_framework/blazor.webassembly.js:0
[  778573ms] [ERROR] at Nori.LineFont.Get (string) [0x00082] in <d74c70f944404a48bd19ff5e27c91c79>:0 @ http://localhost:8090/_framework/blazor.webassembly.js:0
[  778573ms] [ERROR] at Nori.LineFont.Get (string) [0x00082] in <d74c70f944404a48bd19ff5e27c91c79>:0 @ http://localhost:8090/_framework/blazor.webassembly.js:0
[  778574ms] [ERROR] at Nori.LineFont.Get (string) [0x00082] in <d74c70f944404a48bd19ff5e27c91c79>:0 @ http://localhost:8090/_framework/blazor.webassembly.js:0
[  778574ms] [ERROR] at Nori.LineFont.Get (string) [0x00082] in <d74c70f944404a48bd19ff5e27c91c79>:0 @ http://localhost:8090/_framework/blazor.webassembly.js:0
[  778574ms] [ERROR] at Nori.LineFont.Get (string) [0x00082] in <d74c70f944404a48bd19ff5e27c91c79>:0 @ http://localhost:8090/_framework/blazor.webassembly.js:0
[  778574ms] [ERROR] at Nori.LineFont.Get (string) [0x00082] in <d74c70f944404a48bd19ff5e27c91c79>:0 @ http://localhost:8090/_framework/blazor.webassembly.js:0
[  778574ms] [ERROR] at Nori.LineFont.Get (string) [0x00082] in <d74c70f944404a48bd19ff5e27c91c79>:0 @ http://localhost:8090/_framework/blazor.webassembly.js:0
[  778574ms] [ERROR] at Nori.LineFont.Get (string) [0x00082] in <d74c70f944404a48bd19ff5e27c91c79>:0 @ http://localhost:8090/_framework/blazor.webassembly.js:0
[  778574ms] [ERROR] at Nori.LineFont.Get (string) [0x00082] in <d74c70f944404a48bd19ff5e27c91c79>:0 @ http://localhost:8090/_framework/blazor.webassembly.js:0
[  778574ms] [ERROR] at Nori.LineFont.Get (string) [0x00082] in <d74c70f944404a48bd19ff5e27c91c79>:0 @ http://localhost:8090/_framework/blazor.webassembly.js:0
[  778574ms] [ERROR] at Nori.LineFont.Get (string) [0x00082] in <d74c70f944404a48bd19ff5e27c91c79>:0 @ http://localhost:8090/_framework/blazor.webassembly.js:0
[  778574ms] [ERROR] at Nori.LineFont.Get (string) [0x00082] in <d74c70f944404a48bd19ff5e27c91c79>:0 @ http://localhost:8090/_framework/blazor.webassembly.js:0
[  778574ms] [ERROR] at Nori.LineFont.Get (string) [0x00082] in <d74c70f944404a48bd19ff5e27c91c79>:0 @ http://localhost:8090/_framework/blazor.webassembly.js:0
[  778574ms] [ERROR] at Nori.LineFont.Get (string) [0x00082] in <d74c70f944404a48bd19ff5e27c91c79>:0 @ http://localhost:8090/_framework/blazor.webassembly.js:0
[  778574ms] [ERROR] at Nori.LineFont.Get (string) [0x00082] in <d74c70f944404a48bd19ff5e27c91c79>:0 @ http://localhost:8090/_framework/blazor.webassembly.js:0
[  778574ms] [ERROR] at Nori.LineFont.Get (string) [0x00082] in <d74c70f944404a48bd19ff5e27c91c79>:0 @ http://localhost:8090/_framework/blazor.webassembly.js:0
[  778574ms] [ERROR] at Nori.LineFont.Get (string) [0x00082] in <d74c70f944404a48bd19ff5e27c91c79>:0 @ http://localhost:8090/_framework/blazor.webassembly.js:0
[  778574ms] [ERROR] at Nori.LineFont.Get (string) [0x00082] in <d74c70f944404a48bd19ff5e27c91c79>:0 @ http://localhost:8090/_framework/blazor.webassembly.js:0
[  778574ms] [ERROR] at Nori.LineFont.Get (string) [0x00082] in <d74c70f944404a48bd19ff5e27c91c79>:0 @ http://localhost:8090/_framework/blazor.webassembly.js:0
[  778575ms] [ERROR] at Nori.LineFont.Get (string) [0x00082] in <d74c70f944404a48bd19ff5e27c91c79>:0 @ http://localhost:8090/_framework/blazor.webassembly.js:0
[  778575ms] [ERROR] at Nori.LineFont.Get (string) [0x00082] in <d74c70f944404a48bd19ff5e27c91c79>:0 @ http://localhost:8090/_framework/blazor.webassembly.js:0
[  778575ms] [ERROR] at Nori.LineFont.Get (string) [0x00082] in <d74c70f944404a48bd19ff5e27c91c79>:0 @ http://localhost:8090/_framework/blazor.webassembly.js:0
[  778575ms] [ERROR] at Nori.LineFont.Get (string) [0x00082] in <d74c70f944404a48bd19ff5e27c91c79>:0 @ http://localhost:8090/_framework/blazor.webassembly.js:0
[  778575ms] [ERROR] at Nori.LineFont.Get (string) [0x00082] in <d74c70f944404a48bd19ff5e27c91c79>:0 @ http://localhost:8090/_framework/blazor.webassembly.js:0
[  778575ms] [ERROR] at Nori.LineFont.Get (string) [0x00082] in <d74c70f944404a48bd19ff5e27c91c79>:0 @ http://localhost:8090/_framework/blazor.webassembly.js:0
[  778575ms] [ERROR] at Nori.LineFont.Get (string) [0x00082] in <d74c70f944404a48bd19ff5e27c91c79>:0 @ http://localhost:8090/_framework/blazor.webassembly.js:0
[  778575ms] [ERROR] at Nori.LineFont.Get (string) [0x00082] in <d74c70f944404a48bd19ff5e27c91c79>:0 @ http://localhost:8090/_framework/blazor.webassembly.js:0
[  778575ms] [ERROR] at Nori.LineFont.Get (string) [0x00082] in <d74c70f944404a48bd19ff5e27c91c79>:0 @ http://localhost:8090/_framework/blazor.webassembly.js:0
[  778575ms] [ERROR] at Nori.LineFont.Get (string) [0x00082] in <d74c70f944404a48bd19ff5e27c91c79>:0 @ http://localhost:8090/_framework/blazor.webassembly.js:0
[  778575ms] [ERROR] at Nori.LineFont.Get (string) [0x00082] in <d74c70f944404a48bd19ff5e27c91c79>:0 @ http://localhost:8090/_framework/blazor.webassembly.js:0
[  778575ms] [ERROR] at Nori.LineFont.Get (string) [0x00082] in <d74c70f944404a48bd19ff5e27c91c79>:0 @ http://localhost:8090/_framework/blazor.webassembly.js:0
[  778575ms] [ERROR] at Nori.LineFont.Get (string) [0x00082] in <d74c70f944404a48bd19ff5e27c91c79>:0 @ http://localhost:8090/_framework/blazor.webassembly.js:0
[  778575ms] [ERROR] at Nori.LineFont.Get (string) [0x00082] in <d74c70f944404a48bd19ff5e27c91c79>:0 @ http://localhost:8090/_framework/blazor.webassembly.js:0
[  778575ms] [ERROR] at Nori.LineFont.Get (string) [0x00082] in <d74c70f944404a48bd19ff5e27c91c79>:0 @ http://localhost:8090/_framework/blazor.webassembly.js:0
[  778575ms] [ERROR] at Nori.LineFont.Get (string) [0x00082] in <d74c70f944404a48bd19ff5e27c91c79>:0 @ http://localhost:8090/_framework/blazor.webassembly.js:0
[  778576ms] [ERROR] at Nori.LineFont.Get (string) [0x00082] in <d74c70f944404a48bd19ff5e27c91c79>:0 @ http://localhost:8090/_framework/blazor.webassembly.js:0
[  778576ms] [ERROR] at Nori.LineFont.Get (string) [0x00082] in <d74c70f944404a48bd19ff5e27c91c79>:0 @ http://localhost:8090/_framework/blazor.webassembly.js:0
[  778576ms] [ERROR] at Nori.LineFont.Get (string) [0x00082] in <d74c70f944404a48bd19ff5e27c91c79>:0 @ http://localhost:8090/_framework/blazor.webassembly.js:0
[  778576ms] [ERROR] at Nori.LineFont.Get (string) [0x00082] in <d74c70f944404a48bd19ff5e27c91c79>:0 @ http://localhost:8090/_framework/blazor.webassembly.js:0
[  778576ms] [ERROR] at Nori.LineFont.Get (string) [0x00082] in <d74c70f944404a48bd19ff5e27c91c79>:0 @ http://localhost:8090/_framework/blazor.webassembly.js:0
[  778576ms] [ERROR] at Nori.LineFont.Get (string) [0x00082] in <d74c70f944404a48bd19ff5e27c91c79>:0 @ http://localhost:8090/_framework/blazor.webassembly.js:0
[  778576ms] [ERROR] at Nori.LineFont.Get (string) [0x00082] in <d74c70f944404a48bd19ff5e27c91c79>:0 @ http://localhost:8090/_framework/blazor.webassembly.js:0
[  778576ms] [ERROR] at Nori.LineFont.Get (string) [0x00082] in <d74c70f944404a48bd19ff5e27c91c79>:0 @ http://localhost:8090/_framework/blazor.webassembly.js:0
[  778576ms] [ERROR] at Nori.LineFont.Get (string) [0x00082] in <d74c70f944404a48bd19ff5e27c91c79>:0 @ http://localhost:8090/_framework/blazor.webassembly.js:0
[  778576ms] [ERROR] at Nori.LineFont.Get (string) [0x00082] in <d74c70f944404a48bd19ff5e27c91c79>:0 @ http://localhost:8090/_framework/blazor.webassembly.js:0
[  778576ms] [ERROR] at Nori.LineFont.Get (string) [0x00082] in <d74c70f944404a48bd19ff5e27c91c79>:0 @ http://localhost:8090/_framework/blazor.webassembly.js:0
[  778576ms] [ERROR] at Nori.LineFont.Get (string) [0x00082] in <d74c70f944404a48bd19ff5e27c91c79>:0 @ http://localhost:8090/_framework/blazor.webassembly.js:0
[  778576ms] [ERROR] at Nori.LineFont.Get (string) [0x00082] in <d74c70f944404a48bd19ff5e27c91c79>:0 @ http://localhost:8090/_framework/blazor.webassembly.js:0
[  778576ms] [ERROR] at Nori.LineFont.Get (string) [0x00082] in <d74c70f944404a48bd19ff5e27c91c79>:0 @ http://localhost:8090/_framework/blazor.webassembly.js:0
[  778576ms] [ERROR] at Nori.LineFont.Get (string) [0x00082] in <d74c70f944404a48bd19ff5e27c91c79>:0 @ http://localhost:8090/_framework/blazor.webassembly.js:0
[  778576ms] [ERROR] at Nori.LineFont.Get (string) [0x00082] in <d74c70f944404a48bd19ff5e27c91c79>:0 @ http://localhost:8090/_framework/blazor.webassembly.js:0
[  778576ms] [ERROR] at Nori.LineFont.Get (string) [0x00082] in <d74c70f944404a48bd19ff5e27c91c79>:0 @ http://localhost:8090/_framework/blazor.webassembly.js:0
[  778576ms] [ERROR] at Nori.LineFont.Get (string) [0x00082] in <d74c70f944404a48bd19ff5e27c91c79>:0 @ http://localhost:8090/_framework/blazor.webassembly.js:0
[  778577ms] [ERROR] at Nori.LineFont.Get (string) [0x00082] in <d74c70f944404a48bd19ff5e27c91c79>:0 @ http://localhost:8090/_framework/blazor.webassembly.js:0
[  778577ms] [ERROR] at Nori.LineFont.Get (string) [0x00082] in <d74c70f944404a48bd19ff5e27c91c79>:0 @ http://localhost:8090/_framework/blazor.webassembly.js:0
[  778577ms] [ERROR] at Nori.LineFont.Get (string) [0x00082] in <d74c70f944404a48bd19ff5e27c91c79>:0 @ http://localhost:8090/_framework/blazor.webassembly.js:0
[  778577ms] [ERROR] at Nori.LineFont.Get (string) [0x00082] in <d74c70f944404a48bd19ff5e27c91c79>:0 @ http://localhost:8090/_framework/blazor.webassembly.js:0
[  778577ms] [ERROR] at Nori.LineFont.Get (string) [0x00082] in <d74c70f944404a48bd19ff5e27c91c79>:0 @ http://localhost:8090/_framework/blazor.webassembly.js:0
[  778577ms] [ERROR] at Nori.LineFont.Get (string) [0x00082] in <d74c70f944404a48bd19ff5e27c91c79>:0 @ http://localhost:8090/_framework/blazor.webassembly.js:0
[  778577ms] [ERROR] at Nori.LineFont.Get (string) [0x00082] in <d74c70f944404a48bd19ff5e27c91c79>:0 @ http://localhost:8090/_framework/blazor.webassembly.js:0
[  778577ms] [ERROR] at Nori.LineFont.Get (string) [0x00082] in <d74c70f944404a48bd19ff5e27c91c79>:0 @ http://localhost:8090/_framework/blazor.webassembly.js:0
[  778577ms] [ERROR] at Nori.LineFont.Get (string) [0x00082] in <d74c70f944404a48bd19ff5e27c91c79>:0 @ http://localhost:8090/_framework/blazor.webassembly.js:0
[  778577ms] [ERROR] at Nori.LineFont.Get (string) [0x00082] in <d74c70f944404a48bd19ff5e27c91c79>:0 @ http://localhost:8090/_framework/blazor.webassembly.js:0
[  778577ms] [ERROR] at Nori.LineFont.Get (string) [0x00082] in <d74c70f944404a48bd19ff5e27c91c79>:0 @ http://localhost:8090/_framework/blazor.webassembly.js:0
[  778577ms] [ERROR] at Nori.LineFont.Get (string) [0x00082] in <d74c70f944404a48bd19ff5e27c91c79>:0 @ http://localhost:8090/_framework/blazor.webassembly.js:0
[  778577ms] [ERROR] at Nori.LineFont.Get (string) [0x00082] in <d74c70f944404a48bd19ff5e27c91c79>:0 @ http://localhost:8090/_framework/blazor.webassembly.js:0
[  778577ms] [ERROR] at Nori.LineFont.Get (string) [0x00082] in <d74c70f944404a48bd19ff5e27c91c79>:0 @ http://localhost:8090/_framework/blazor.webassembly.js:0
[  778578ms] [ERROR] at Nori.LineFont.Get (string) [0x00082] in <d74c70f944404a48bd19ff5e27c91c79>:0 @ http://localhost:8090/_framework/blazor.webassembly.js:0
[  778578ms] [ERROR] at Nori.LineFont.Get (string) [0x00082] in <d74c70f944404a48bd19ff5e27c91c79>:0 @ http://localhost:8090/_framework/blazor.webassembly.js:0
[  778578ms] [ERROR] at Nori.LineFont.Get (string) [0x00082] in <d74c70f944404a48bd19ff5e27c91c79>:0 @ http://localhost:8090/_framework/blazor.webassembly.js:0
[  778578ms] [ERROR] at Nori.LineFont.Get (string) [0x00082] in <d74c70f944404a48bd19ff5e27c91c79>:0 @ http://localhost:8090/_framework/blazor.webassembly.js:0
[  778578ms] [ERROR] at Nori.LineFont.Get (string) [0x00082] in <d74c70f944404a48bd19ff5e27c91c79>:0 @ http://localhost:8090/_framework/blazor.webassembly.js:0
[  778578ms] [ERROR] at Nori.LineFont.Get (string) [0x00082] in <d74c70f944404a48bd19ff5e27c91c79>:0 @ http://localhost:8090/_framework/blazor.webassembly.js:0
[  778578ms] [ERROR] at Nori.LineFont.Get (string) [0x00082] in <d74c70f944404a48bd19ff5e27c91c79>:0 @ http://localhost:8090/_framework/blazor.webassembly.js:0
[  778578ms] [ERROR] at Nori.LineFont.Get (string) [0x00082] in <d74c70f944404a48bd19ff5e27c91c79>:0 @ http://localhost:8090/_framework/blazor.webassembly.js:0
[  778578ms] [ERROR] at Nori.LineFont.Get (string) [0x00082] in <d74c70f944404a48bd19ff5e27c91c79>:0 @ http://localhost:8090/_framework/blazor.webassembly.js:0
[  778578ms] [ERROR] at Nori.LineFont.Get (string) [0x00082] in <d74c70f944404a48bd19ff5e27c91c79>:0 @ http://localhost:8090/_framework/blazor.webassembly.js:0
[  778578ms] [ERROR] at Nori.LineFont.Get (string) [0x00082] in <d74c70f944404a48bd19ff5e27c91c79>:0 @ http://localhost:8090/_framework/blazor.webassembly.js:0
[  778578ms] [ERROR] at Nori.LineFont.Get (string) [0x00082] in <d74c70f944404a48bd19ff5e27c91c79>:0 @ http://localhost:8090/_framework/blazor.webassembly.js:0
[  778578ms] [ERROR] at Nori.LineFont.Get (string) [0x00082] in <d74c70f944404a48bd19ff5e27c91c79>:0 @ http://localhost:8090/_framework/blazor.webassembly.js:0
[  778579ms] [ERROR] at Nori.LineFont.Get (string) [0x00082] in <d74c70f944404a48bd19ff5e27c91c79>:0 @ http://localhost:8090/_framework/blazor.webassembly.js:0
[  778579ms] [ERROR] at Nori.LineFont.Get (string) [0x00082] in <d74c70f944404a48bd19ff5e27c91c79>:0 @ http://localhost:8090/_framework/blazor.webassembly.js:0
[  778579ms] [ERROR] at Nori.LineFont.Get (string) [0x00082] in <d74c70f944404a48bd19ff5e27c91c79>:0 @ http://localhost:8090/_framework/blazor.webassembly.js:0
[  778579ms] [ERROR] at Nori.LineFont.Get (string) [0x00082] in <d74c70f944404a48bd19ff5e27c91c79>:0 @ http://localhost:8090/_framework/blazor.webassembly.js:0
[  778579ms] [ERROR] at Nori.LineFont.Get (string) [0x00082] in <d74c70f944404a48bd19ff5e27c91c79>:0 @ http://localhost:8090/_framework/blazor.webassembly.js:0
[  778579ms] [ERROR] at Nori.LineFont.Get (string) [0x00082] in <d74c70f944404a48bd19ff5e27c91c79>:0 @ http://localhost:8090/_framework/blazor.webassembly.js:0
[  778579ms] [ERROR] at Nori.LineFont.Get (string) [0x00082] in <d74c70f944404a48bd19ff5e27c91c79>:0 @ http://localhost:8090/_framework/blazor.webassembly.js:0
[  778579ms] [ERROR] at Nori.LineFont.Get (string) [0x00082] in <d74c70f944404a48bd19ff5e27c91c79>:0 @ http://localhost:8090/_framework/blazor.webassembly.js:0
[  778579ms] [ERROR] at Nori.LineFont.Get (string) [0x00082] in <d74c70f944404a48bd19ff5e27c91c79>:0 @ http://localhost:8090/_framework/blazor.webassembly.js:0
[  778579ms] [ERROR] at Nori.LineFont.Get (string) [0x00082] in <d74c70f944404a48bd19ff5e27c91c79>:0 @ http://localhost:8090/_framework/blazor.webassembly.js:0
[  778579ms] [ERROR] at Nori.LineFont.Get (string) [0x00082] in <d74c70f944404a48bd19ff5e27c91c79>:0 @ http://localhost:8090/_framework/blazor.webassembly.js:0
[  778579ms] [ERROR] at Nori.LineFont.Get (string) [0x00082] in <d74c70f944404a48bd19ff5e27c91c79>:0 @ http://localhost:8090/_framework/blazor.webassembly.js:0
[  778579ms] [ERROR] at Nori.LineFont.Get (string) [0x00082] in <d74c70f944404a48bd19ff5e27c91c79>:0 @ http://localhost:8090/_framework/blazor.webassembly.js:0
[  778579ms] [ERROR] at Nori.LineFont.Get (string) [0x00082] in <d74c70f944404a48bd19ff5e27c91c79>:0 @ http://localhost:8090/_framework/blazor.webassembly.js:0
[  778579ms] [ERROR] at Nori.LineFont.Get (string) [0x00082] in <d74c70f944404a48bd19ff5e27c91c79>:0 @ http://localhost:8090/_framework/blazor.webassembly.js:0
[  778580ms] [ERROR] at Nori.LineFont.Get (string) [0x00082] in <d74c70f944404a48bd19ff5e27c91c79>:0 @ http://localhost:8090/_framework/blazor.webassembly.js:0
[  778580ms] [ERROR] at Nori.LineFont.Get (string) [0x00082] in <d74c70f944404a48bd19ff5e27c91c79>:0 @ http://localhost:8090/_framework/blazor.webassembly.js:0
[  778580ms] [ERROR] at Nori.LineFont.Get (string) [0x00082] in <d74c70f944404a48bd19ff5e27c91c79>:0 @ http://localhost:8090/_framework/blazor.webassembly.js:0
[  778580ms] [ERROR] at Nori.LineFont.Get (string) [0x00082] in <d74c70f944404a48bd19ff5e27c91c79>:0 @ http://localhost:8090/_framework/blazor.webassembly.js:0
[  778580ms] [ERROR] at Nori.LineFont.Get (string) [0x00082] in <d74c70f944404a48bd19ff5e27c91c79>:0 @ http://localhost:8090/_framework/blazor.webassembly.js:0
[  778580ms] [ERROR] at Nori.LineFont.Get (string) [0x00082] in <d74c70f944404a48bd19ff5e27c91c79>:0 @ http://localhost:8090/_framework/blazor.webassembly.js:0
[  778580ms] [ERROR] at Nori.LineFont.Get (string) [0x00082] in <d74c70f944404a48bd19ff5e27c91c79>:0 @ http://localhost:8090/_framework/blazor.webassembly.js:0
[  778580ms] [ERROR] at Nori.LineFont.Get (string) [0x00082] in <d74c70f944404a48bd19ff5e27c91c79>:0 @ http://localhost:8090/_framework/blazor.webassembly.js:0
[  778580ms] [ERROR] at Nori.LineFont.Get (string) [0x00082] in <d74c70f944404a48bd19ff5e27c91c79>:0 @ http://localhost:8090/_framework/blazor.webassembly.js:0
[  778580ms] [ERROR] at Nori.LineFont.Get (string) [0x00082] in <d74c70f944404a48bd19ff5e27c91c79>:0 @ http://localhost:8090/_framework/blazor.webassembly.js:0
[  778581ms] [ERROR] at Nori.LineFont.Get (string) [0x00082] in <d74c70f944404a48bd19ff5e27c91c79>:0 @ http://localhost:8090/_framework/blazor.webassembly.js:0
[  778581ms] [ERROR] at Nori.LineFont.Get (string) [0x00082] in <d74c70f944404a48bd19ff5e27c91c79>:0 @ http://localhost:8090/_framework/blazor.webassembly.js:0
[  778581ms] [ERROR] at Nori.LineFont.Get (string) [0x00082] in <d74c70f944404a48bd19ff5e27c91c79>:0 @ http://localhost:8090/_framework/blazor.webassembly.js:0
[  778581ms] [ERROR] at Nori.LineFont.Get (string) [0x00082] in <d74c70f944404a48bd19ff5e27c91c79>:0 @ http://localhost:8090/_framework/blazor.webassembly.js:0
[  778581ms] [ERROR] at Nori.LineFont.Get (string) [0x00082] in <d74c70f944404a48bd19ff5e27c91c79>:0 @ http://localhost:8090/_framework/blazor.webassembly.js:0
[  778581ms] [ERROR] at Nori.LineFont.Get (string) [0x00082] in <d74c70f944404a48bd19ff5e27c91c79>:0 @ http://localhost:8090/_framework/blazor.webassembly.js:0
[  778581ms] [ERROR] at Nori.LineFont.Get (string) [0x00082] in <d74c70f944404a48bd19ff5e27c91c79>:0 @ http://localhost:8090/_framework/blazor.webassembly.js:0
[  778581ms] [ERROR] at Nori.LineFont.Get (string) [0x00082] in <d74c70f944404a48bd19ff5e27c91c79>:0 @ http://localhost:8090/_framework/blazor.webassembly.js:0
[  778581ms] [ERROR] at Nori.LineFont.Get (string) [0x00082] in <d74c70f944404a48bd19ff5e27c91c79>:0 @ http://localhost:8090/_framework/blazor.webassembly.js:0
[  778581ms] [ERROR] at Nori.LineFont.Get (string) [0x00082] in <d74c70f944404a48bd19ff5e27c91c79>:0 @ http://localhost:8090/_framework/blazor.webassembly.js:0
[  778581ms] [ERROR] at Nori.LineFont.Get (string) [0x00082] in <d74c70f944404a48bd19ff5e27c91c79>:0 @ http://localhost:8090/_framework/blazor.webassembly.js:0
[  778581ms] [ERROR] at Nori.LineFont.Get (string) [0x00082] in <d74c70f944404a48bd19ff5e27c91c79>:0 @ http://localhost:8090/_framework/blazor.webassembly.js:0
[  778581ms] [ERROR] at Nori.LineFont.Get (string) [0x00082] in <d74c70f944404a48bd19ff5e27c91c79>:0 @ http://localhost:8090/_framework/blazor.webassembly.js:0
[  778581ms] [ERROR] at Nori.LineFont.Get (string) [0x00082] in <d74c70f944404a48bd19ff5e27c91c79>:0 @ http://localhost:8090/_framework/blazor.webassembly.js:0
[  778581ms] [ERROR] at Nori.LineFont.Get (string) [0x00082] in <d74c70f944404a48bd19ff5e27c91c79>:0 @ http://localhost:8090/_framework/blazor.webassembly.js:0
[  778582ms] [ERROR] at Nori.LineFont.Get (string) [0x00082] in <d74c70f944404a48bd19ff5e27c91c79>:0 @ http://localhost:8090/_framework/blazor.webassembly.js:0
[  778582ms] [ERROR] at Nori.LineFont.Get (string) [0x00082] in <d74c70f944404a48bd19ff5e27c91c79>:0 @ http://localhost:8090/_framework/blazor.webassembly.js:0
[  778582ms] [ERROR] at Nori.LineFont.Get (string) [0x00082] in <d74c70f944404a48bd19ff5e27c91c79>:0 @ http://localhost:8090/_framework/blazor.webassembly.js:0
[  778582ms] [ERROR] at Nori.LineFont.Get (string) [0x00082] in <d74c70f944404a48bd19ff5e27c91c79>:0 @ http://localhost:8090/_framework/blazor.webassembly.js:0
[  778582ms] [ERROR] at Nori.LineFont.Get (string) [0x00082] in <d74c70f944404a48bd19ff5e27c91c79>:0 @ http://localhost:8090/_framework/blazor.webassembly.js:0
[  778582ms] [ERROR] at Nori.LineFont.Get (string) [0x00082] in <d74c70f944404a48bd19ff5e27c91c79>:0 @ http://localhost:8090/_framework/blazor.webassembly.js:0
[  778582ms] [ERROR] at Nori.LineFont.Get (string) [0x00082] in <d74c70f944404a48bd19ff5e27c91c79>:0 @ http://localhost:8090/_framework/blazor.webassembly.js:0
[  778582ms] [ERROR] at Nori.LineFont.Get (string) [0x00082] in <d74c70f944404a48bd19ff5e27c91c79>:0 @ http://localhost:8090/_framework/blazor.webassembly.js:0
[  778582ms] [ERROR] at Nori.LineFont.Get (string) [0x00082] in <d74c70f944404a48bd19ff5e27c91c79>:0 @ http://localhost:8090/_framework/blazor.webassembly.js:0
[  778582ms] [ERROR] at Nori.LineFont.Get (string) [0x00082] in <d74c70f944404a48bd19ff5e27c91c79>:0 @ http://localhost:8090/_framework/blazor.webassembly.js:0
[  778582ms] [ERROR] at Nori.LineFont.Get (string) [0x00082] in <d74c70f944404a48bd19ff5e27c91c79>:0 @ http://localhost:8090/_framework/blazor.webassembly.js:0
[  778582ms] [ERROR] at Nori.LineFont.Get (string) [0x00082] in <d74c70f944404a48bd19ff5e27c91c79>:0 @ http://localhost:8090/_framework/blazor.webassembly.js:0
[  778582ms] [ERROR] at Nori.LineFont.Get (string) [0x00082] in <d74c70f944404a48bd19ff5e27c91c79>:0 @ http://localhost:8090/_framework/blazor.webassembly.js:0
[  778582ms] [ERROR] at Nori.LineFont.Get (string) [0x00082] in <d74c70f944404a48bd19ff5e27c91c79>:0 @ http://localhost:8090/_framework/blazor.webassembly.js:0
[  778582ms] [ERROR] at Nori.LineFont.Get (string) [0x00082] in <d74c70f944404a48bd19ff5e27c91c79>:0 @ http://localhost:8090/_framework/blazor.webassembly.js:0
[  778583ms] [ERROR] at Nori.LineFont.Get (string) [0x00082] in <d74c70f944404a48bd19ff5e27c91c79>:0 @ http://localhost:8090/_framework/blazor.webassembly.js:0
[  778583ms] [ERROR] at Nori.LineFont.Get (string) [0x00082] in <d74c70f944404a48bd19ff5e27c91c79>:0 @ http://localhost:8090/_framework/blazor.webassembly.js:0
[  778583ms] [ERROR] at Nori.LineFont.Get (string) [0x00082] in <d74c70f944404a48bd19ff5e27c91c79>:0 @ http://localhost:8090/_framework/blazor.webassembly.js:0
[  778583ms] [ERROR] at Nori.LineFont.Get (string) [0x00082] in <d74c70f944404a48bd19ff5e27c91c79>:0 @ http://localhost:8090/_framework/blazor.webassembly.js:0
[  778583ms] [ERROR] at Nori.LineFont.Get (string) [0x00082] in <d74c70f944404a48bd19ff5e27c91c79>:0 @ http://localhost:8090/_framework/blazor.webassembly.js:0
[  778583ms] [ERROR] at Nori.LineFont.Get (string) [0x00082] in <d74c70f944404a48bd19ff5e27c91c79>:0 @ http://localhost:8090/_framework/blazor.webassembly.js:0
[  778583ms] [ERROR] at Nori.LineFont.Get (string) [0x00082] in <d74c70f944404a48bd19ff5e27c91c79>:0 @ http://localhost:8090/_framework/blazor.webassembly.js:0
[  778583ms] [ERROR] at Nori.LineFont.Get (string) [0x00082] in <d74c70f944404a48bd19ff5e27c91c79>:0 @ http://localhost:8090/_framework/blazor.webassembly.js:0
[  778583ms] [ERROR] at Nori.LineFont.Get (string) [0x00082] in <d74c70f944404a48bd19ff5e27c91c79>:0 @ http://localhost:8090/_framework/blazor.webassembly.js:0
[  778583ms] [ERROR] at Nori.LineFont.Get (string) [0x00082] in <d74c70f944404a48bd19ff5e27c91c79>:0 @ http://localhost:8090/_framework/blazor.webassembly.js:0
[  778583ms] [ERROR] at Nori.LineFont.Get (string) [0x00082] in <d74c70f944404a48bd19ff5e27c91c79>:0 @ http://localhost:8090/_framework/blazor.webassembly.js:0
[  778583ms] [ERROR] at Nori.LineFont.Get (string) [0x00082] in <d74c70f944404a48bd19ff5e27c91c79>:0 @ http://localhost:8090/_framework/blazor.webassembly.js:0
[  778583ms] [ERROR] at Nori.LineFont.Get (string) [0x00082] in <d74c70f944404a48bd19ff5e27c91c79>:0 @ http://localhost:8090/_framework/blazor.webassembly.js:0
[  778583ms] [ERROR] at Nori.LineFont.Get (string) [0x00082] in <d74c70f944404a48bd19ff5e27c91c79>:0 @ http://localhost:8090/_framework/blazor.webassembly.js:0
[  778583ms] [ERROR] at Nori.LineFont.Get (string) [0x00082] in <d74c70f944404a48bd19ff5e27c91c79>:0 @ http://localhost:8090/_framework/blazor.webassembly.js:0
[  778584ms] [ERROR] at Nori.LineFont.Get (string) [0x00082] in <d74c70f944404a48bd19ff5e27c91c79>:0 @ http://localhost:8090/_framework/blazor.webassembly.js:0
[  778584ms] [ERROR] at Nori.LineFont.Get (string) [0x00082] in <d74c70f944404a48bd19ff5e27c91c79>:0 @ http://localhost:8090/_framework/blazor.webassembly.js:0
[  778584ms] [ERROR] at Nori.LineFont.Get (string) [0x00082] in <d74c70f944404a48bd19ff5e27c91c79>:0 @ http://localhost:8090/_framework/blazor.webassembly.js:0
[  778584ms] [ERROR] at Nori.LineFont.Get (string) [0x00082] in <d74c70f944404a48bd19ff5e27c91c79>:0 @ http://localhost:8090/_framework/blazor.webassembly.js:0
[  778584ms] [ERROR] at Nori.LineFont.Get (string) [0x00082] in <d74c70f944404a48bd19ff5e27c91c79>:0 @ http://localhost:8090/_framework/blazor.webassembly.js:0
[  778584ms] [ERROR] at Nori.LineFont.Get (string) [0x00082] in <d74c70f944404a48bd19ff5e27c91c79>:0 @ http://localhost:8090/_framework/blazor.webassembly.js:0
[  778584ms] [ERROR] at Nori.LineFont.Get (string) [0x00082] in <d74c70f944404a48bd19ff5e27c91c79>:0 @ http://localhost:8090/_framework/blazor.webassembly.js:0
[  778584ms] [ERROR] at Nori.LineFont.Get (string) [0x00082] in <d74c70f944404a48bd19ff5e27c91c79>:0 @ http://localhost:8090/_framework/blazor.webassembly.js:0
[  778584ms] [ERROR] at Nori.LineFont.Get (string) [0x00082] in <d74c70f944404a48bd19ff5e27c91c79>:0 @ http://localhost:8090/_framework/blazor.webassembly.js:0
[  778584ms] [ERROR] at Nori.LineFont.Get (string) [0x00082] in <d74c70f944404a48bd19ff5e27c91c79>:0 @ http://localhost:8090/_framework/blazor.webassembly.js:0
[  778584ms] [ERROR] at Nori.LineFont.Get (string) [0x00082] in <d74c70f944404a48bd19ff5e27c91c79>:0 @ http://localhost:8090/_framework/blazor.webassembly.js:0
[  778584ms] [ERROR] at Nori.LineFont.Get (string) [0x00082] in <d74c70f944404a48bd19ff5e27c91c79>:0 @ http://localhost:8090/_framework/blazor.webassembly.js:0
[  778584ms] [ERROR] at Nori.LineFont.Get (string) [0x00082] in <d74c70f944404a48bd19ff5e27c91c79>:0 @ http://localhost:8090/_framework/blazor.webassembly.js:0
[  778584ms] [ERROR] at Nori.LineFont.Get (string) [0x00082] in <d74c70f944404a48bd19ff5e27c91c79>:0 @ http://localhost:8090/_framework/blazor.webassembly.js:0
[  778584ms] [ERROR] at Nori.LineFont.Get (string) [0x00082] in <d74c70f944404a48bd19ff5e27c91c79>:0 @ http://localhost:8090/_framework/blazor.webassembly.js:0
[  778585ms] [ERROR] at Nori.LineFont.Get (string) [0x00082] in <d74c70f944404a48bd19ff5e27c91c79>:0 @ http://localhost:8090/_framework/blazor.webassembly.js:0
[  778585ms] [ERROR] at Nori.LineFont.Get (string) [0x00082] in <d74c70f944404a48bd19ff5e27c91c79>:0 @ http://localhost:8090/_framework/blazor.webassembly.js:0
[  778585ms] [ERROR] at Nori.LineFont.Get (string) [0x00082] in <d74c70f944404a48bd19ff5e27c91c79>:0 @ http://localhost:8090/_framework/blazor.webassembly.js:0
[  778585ms] [ERROR] at Nori.LineFont.Get (string) [0x00082] in <d74c70f944404a48bd19ff5e27c91c79>:0 @ http://localhost:8090/_framework/blazor.webassembly.js:0
[  778585ms] [ERROR] at Nori.LineFont.Get (string) [0x00082] in <d74c70f944404a48bd19ff5e27c91c79>:0 @ http://localhost:8090/_framework/blazor.webassembly.js:0
[  778585ms] [ERROR] at Nori.LineFont.Get (string) [0x00082] in <d74c70f944404a48bd19ff5e27c91c79>:0 @ http://localhost:8090/_framework/blazor.webassembly.js:0
[  778585ms] [ERROR] at Nori.LineFont.Get (string) [0x00082] in <d74c70f944404a48bd19ff5e27c91c79>:0 @ http://localhost:8090/_framework/blazor.webassembly.js:0
[  778585ms] [ERROR] at Nori.LineFont.Get (string) [0x00082] in <d74c70f944404a48bd19ff5e27c91c79>:0 @ http://localhost:8090/_framework/blazor.webassembly.js:0
[  778585ms] [ERROR] at Nori.LineFont.Get (string) [0x00082] in <d74c70f944404a48bd19ff5e27c91c79>:0 @ http://localhost:8090/_framework/blazor.webassembly.js:0
[  778585ms] [ERROR] at Nori.LineFont.Get (string) [0x00082] in <d74c70f944404a48bd19ff5e27c91c79>:0 @ http://localhost:8090/_framework/blazor.webassembly.js:0
[  778585ms] [ERROR] at Nori.LineFont.Get (string) [0x00082] in <d74c70f944404a48bd19ff5e27c91c79>:0 @ http://localhost:8090/_framework/blazor.webassembly.js:0
[  778585ms] [ERROR] at Nori.LineFont.Get (string) [0x00082] in <d74c70f944404a48bd19ff5e27c91c79>:0 @ http://localhost:8090/_framework/blazor.webassembly.js:0
[  778585ms] [ERROR] at Nori.LineFont.Get (string) [0x00082] in <d74c70f944404a48bd19ff5e27c91c79>:0 @ http://localhost:8090/_framework/blazor.webassembly.js:0
[  778585ms] [ERROR] at Nori.LineFont.Get (string) [0x00082] in <d74c70f944404a48bd19ff5e27c91c79>:0 @ http://localhost:8090/_framework/blazor.webassembly.js:0
[  778585ms] [ERROR] at Nori.LineFont.Get (string) [0x00082] in <d74c70f944404a48bd19ff5e27c91c79>:0 @ http://localhost:8090/_framework/blazor.webassembly.js:0
[  778586ms] [ERROR] at Nori.LineFont.Get (string) [0x00082] in <d74c70f944404a48bd19ff5e27c91c79>:0 @ http://localhost:8090/_framework/blazor.webassembly.js:0
[  778586ms] [ERROR] at Nori.LineFont.Get (string) [0x00082] in <d74c70f944404a48bd19ff5e27c91c79>:0 @ http://localhost:8090/_framework/blazor.webassembly.js:0
[  778586ms] [ERROR] at Nori.LineFont.Get (string) [0x00082] in <d74c70f944404a48bd19ff5e27c91c79>:0 @ http://localhost:8090/_framework/blazor.webassembly.js:0
[  778586ms] [ERROR] at Nori.LineFont.Get (string) [0x00082] in <d74c70f944404a48bd19ff5e27c91c79>:0 @ http://localhost:8090/_framework/blazor.webassembly.js:0
[  778586ms] [ERROR] at Nori.LineFont.Get (string) [0x00082] in <d74c70f944404a48bd19ff5e27c91c79>:0 @ http://localhost:8090/_framework/blazor.webassembly.js:0
[  778586ms] [ERROR] at Nori.LineFont.Get (string) [0x00082] in <d74c70f944404a48bd19ff5e27c91c79>:0 @ http://localhost:8090/_framework/blazor.webassembly.js:0
[  778586ms] [ERROR] at Nori.LineFont.Get (string) [0x00082] in <d74c70f944404a48bd19ff5e27c91c79>:0 @ http://localhost:8090/_framework/blazor.webassembly.js:0
[  778586ms] [ERROR] at Nori.LineFont.Get (string) [0x00082] in <d74c70f944404a48bd19ff5e27c91c79>:0 @ http://localhost:8090/_framework/blazor.webassembly.js:0
[  778586ms] [ERROR] at Nori.LineFont.Get (string) [0x00082] in <d74c70f944404a48bd19ff5e27c91c79>:0 @ http://localhost:8090/_framework/blazor.webassembly.js:0
[  778586ms] [ERROR] at Nori.LineFont.Get (string) [0x00082] in <d74c70f944404a48bd19ff5e27c91c79>:0 @ http://localhost:8090/_framework/blazor.webassembly.js:0
[  778586ms] [ERROR] at Nori.LineFont.Get (string) [0x00082] in <d74c70f944404a48bd19ff5e27c91c79>:0 @ http://localhost:8090/_framework/blazor.webassembly.js:0
[  778586ms] [ERROR] at Nori.LineFont.Get (string) [0x00082] in <d74c70f944404a48bd19ff5e27c91c79>:0 @ http://localhost:8090/_framework/blazor.webassembly.js:0
[  778586ms] [ERROR] at Nori.LineFont.Get (string) [0x00082] in <d74c70f944404a48bd19ff5e27c91c79>:0 @ http://localhost:8090/_framework/blazor.webassembly.js:0
[  778586ms] [ERROR] at Nori.LineFont.Get (string) [0x00082] in <d74c70f944404a48bd19ff5e27c91c79>:0 @ http://localhost:8090/_framework/blazor.webassembly.js:0
[  778586ms] [ERROR] at Nori.LineFont.Get (string) [0x00082] in <d74c70f944404a48bd19ff5e27c91c79>:0 @ http://localhost:8090/_framework/blazor.webassembly.js:0
[  778587ms] [ERROR] at Nori.LineFont.Get (string) [0x00082] in <d74c70f944404a48bd19ff5e27c91c79>:0 @ http://localhost:8090/_framework/blazor.webassembly.js:0
[  778587ms] [ERROR] at Nori.LineFont.Get (string) [0x00082] in <d74c70f944404a48bd19ff5e27c91c79>:0 @ http://localhost:8090/_framework/blazor.webassembly.js:0
[  778587ms] [ERROR] at Nori.LineFont.Get (string) [0x00082] in <d74c70f944404a48bd19ff5e27c91c79>:0 @ http://localhost:8090/_framework/blazor.webassembly.js:0
[  778587ms] [ERROR] at Nori.LineFont.Get (string) [0x00082] in <d74c70f944404a48bd19ff5e27c91c79>:0 @ http://localhost:8090/_framework/blazor.webassembly.js:0
[  778587ms] [ERROR] at Nori.LineFont.Get (string) [0x00082] in <d74c70f944404a48bd19ff5e27c91c79>:0 @ http://localhost:8090/_framework/blazor.webassembly.js:0
[  778587ms] [ERROR] at Nori.LineFont.Get (string) [0x00082] in <d74c70f944404a48bd19ff5e27c91c79>:0 @ http://localhost:8090/_framework/blazor.webassembly.js:0
[  778587ms] [ERROR] at Nori.LineFont.Get (string) [0x00082] in <d74c70f944404a48bd19ff5e27c91c79>:0 @ http://localhost:8090/_framework/blazor.webassembly.js:0
[  778587ms] [ERROR] at Nori.LineFont.Get (string) [0x00082] in <d74c70f944404a48bd19ff5e27c91c79>:0 @ http://localhost:8090/_framework/blazor.webassembly.js:0
[  778587ms] [ERROR] at Nori.LineFont.Get (string) [0x00082] in <d74c70f944404a48bd19ff5e27c91c79>:0 @ http://localhost:8090/_framework/blazor.webassembly.js:0
[  778587ms] [ERROR] at Nori.LineFont.Get (string) [0x00082] in <d74c70f944404a48bd19ff5e27c91c79>:0 @ http://localhost:8090/_framework/blazor.webassembly.js:0
[  778587ms] [ERROR] at Nori.LineFont.Get (string) [0x00082] in <d74c70f944404a48bd19ff5e27c91c79>:0 @ http://localhost:8090/_framework/blazor.webassembly.js:0
[  778587ms] [ERROR] at Nori.LineFont.Get (string) [0x00082] in <d74c70f944404a48bd19ff5e27c91c79>:0 @ http://localhost:8090/_framework/blazor.webassembly.js:0
[  778588ms] [ERROR] at Nori.LineFont.Get (string) [0x00082] in <d74c70f944404a48bd19ff5e27c91c79>:0 @ http://localhost:8090/_framework/blazor.webassembly.js:0
[  778588ms] [ERROR] at Nori.LineFont.Get (string) [0x00082] in <d74c70f944404a48bd19ff5e27c91c79>:0 @ http://localhost:8090/_framework/blazor.webassembly.js:0
[  778588ms] [ERROR] at Nori.LineFont.Get (string) [0x00082] in <d74c70f944404a48bd19ff5e27c91c79>:0 @ http://localhost:8090/_framework/blazor.webassembly.js:0
[  778588ms] [ERROR] at Nori.LineFont.Get (string) [0x00082] in <d74c70f944404a48bd19ff5e27c91c79>:0 @ http://localhost:8090/_framework/blazor.webassembly.js:0
[  778588ms] [ERROR] at Nori.LineFont.Get (string) [0x00082] in <d74c70f944404a48bd19ff5e27c91c79>:0 @ http://localhost:8090/_framework/blazor.webassembly.js:0
[  778588ms] [ERROR] at Nori.LineFont.Get (string) [0x00082] in <d74c70f944404a48bd19ff5e27c91c79>:0 @ http://localhost:8090/_framework/blazor.webassembly.js:0
[  778588ms] [ERROR] at Nori.LineFont.Get (string) [0x00082] in <d74c70f944404a48bd19ff5e27c91c79>:0 @ http://localhost:8090/_framework/blazor.webassembly.js:0
[  778588ms] [ERROR] at Nori.LineFont.Get (string) [0x00082] in <d74c70f944404a48bd19ff5e27c91c79>:0 @ http://localhost:8090/_framework/blazor.webassembly.js:0
[  778588ms] [ERROR] at Nori.LineFont.Get (string) [0x00082] in <d74c70f944404a48bd19ff5e27c91c79>:0 @ http://localhost:8090/_framework/blazor.webassembly.js:0
[  778588ms] [ERROR] at Nori.LineFont.Get (string) [0x00082] in <d74c70f944404a48bd19ff5e27c91c79>:0 @ http://localhost:8090/_framework/blazor.webassembly.js:0
[  778588ms] [ERROR] at Nori.LineFont.Get (string) [0x00082] in <d74c70f944404a48bd19ff5e27c91c79>:0 @ http://localhost:8090/_framework/blazor.webassembly.js:0
[  778588ms] [ERROR] at Nori.LineFont.Get (string) [0x00082] in <d74c70f944404a48bd19ff5e27c91c79>:0 @ http://localhost:8090/_framework/blazor.webassembly.js:0
[  778588ms] [ERROR] at Nori.LineFont.Get (string) [0x00082] in <d74c70f944404a48bd19ff5e27c91c79>:0 @ http://localhost:8090/_framework/blazor.webassembly.js:0
[  778588ms] [ERROR] at Nori.LineFont.Get (string) [0x00082] in <d74c70f944404a48bd19ff5e27c91c79>:0 @ http://localhost:8090/_framework/blazor.webassembly.js:0
[  778588ms] [ERROR] at Nori.LineFont.Get (string) [0x00082] in <d74c70f944404a48bd19ff5e27c91c79>:0 @ http://localhost:8090/_framework/blazor.webassembly.js:0
[  778589ms] [ERROR] at Nori.LineFont.Get (string) [0x00082] in <d74c70f944404a48bd19ff5e27c91c79>:0 @ http://localhost:8090/_framework/blazor.webassembly.js:0
[  778589ms] [ERROR] at Nori.LineFont.Get (string) [0x00082] in <d74c70f944404a48bd19ff5e27c91c79>:0 @ http://localhost:8090/_framework/blazor.webassembly.js:0
[  778589ms] [ERROR] at Nori.LineFont.Get (string) [0x00082] in <d74c70f944404a48bd19ff5e27c91c79>:0 @ http://localhost:8090/_framework/blazor.webassembly.js:0
[  778589ms] [ERROR] at Nori.LineFont.Get (string) [0x00082] in <d74c70f944404a48bd19ff5e27c91c79>:0 @ http://localhost:8090/_framework/blazor.webassembly.js:0
[  778589ms] [ERROR] at Nori.LineFont.Get (string) [0x00082] in <d74c70f944404a48bd19ff5e27c91c79>:0 @ http://localhost:8090/_framework/blazor.webassembly.js:0
[  778589ms] [ERROR] at Nori.LineFont.Get (string) [0x00082] in <d74c70f944404a48bd19ff5e27c91c79>:0 @ http://localhost:8090/_framework/blazor.webassembly.js:0
[  778589ms] [ERROR] at Nori.LineFont.Get (string) [0x00082] in <d74c70f944404a48bd19ff5e27c91c79>:0 @ http://localhost:8090/_framework/blazor.webassembly.js:0
[  778589ms] [ERROR] at Nori.LineFont.Get (string) [0x00082] in <d74c70f944404a48bd19ff5e27c91c79>:0 @ http://localhost:8090/_framework/blazor.webassembly.js:0
[  778589ms] [ERROR] at Nori.LineFont.Get (string) [0x00082] in <d74c70f944404a48bd19ff5e27c91c79>:0 @ http://localhost:8090/_framework/blazor.webassembly.js:0
[  778589ms] [ERROR] at Nori.LineFont.Get (string) [0x00082] in <d74c70f944404a48bd19ff5e27c91c79>:0 @ http://localhost:8090/_framework/blazor.webassembly.js:0
[  778589ms] [ERROR] at Nori.LineFont.Get (string) [0x00082] in <d74c70f944404a48bd19ff5e27c91c79>:0 @ http://localhost:8090/_framework/blazor.webassembly.js:0
[  778589ms] [ERROR] at Nori.LineFont.Get (string) [0x00082] in <d74c70f944404a48bd19ff5e27c91c79>:0 @ http://localhost:8090/_framework/blazor.webassembly.js:0
[  778589ms] [ERROR] at Nori.LineFont.Get (string) [0x00082] in <d74c70f944404a48bd19ff5e27c91c79>:0 @ http://localhost:8090/_framework/blazor.webassembly.js:0
[  778589ms] [ERROR] at Nori.LineFont.Get (string) [0x00082] in <d74c70f944404a48bd19ff5e27c91c79>:0 @ http://localhost:8090/_framework/blazor.webassembly.js:0
[  778590ms] [ERROR] at Nori.LineFont.Get (string) [0x00082] in <d74c70f944404a48bd19ff5e27c91c79>:0 @ http://localhost:8090/_framework/blazor.webassembly.js:0
[  778590ms] [ERROR] at Nori.LineFont.Get (string) [0x00082] in <d74c70f944404a48bd19ff5e27c91c79>:0 @ http://localhost:8090/_framework/blazor.webassembly.js:0
[  778590ms] [ERROR] at Nori.LineFont.Get (string) [0x00082] in <d74c70f944404a48bd19ff5e27c91c79>:0 @ http://localhost:8090/_framework/blazor.webassembly.js:0
[  778590ms] [ERROR] at Nori.LineFont.Get (string) [0x00082] in <d74c70f944404a48bd19ff5e27c91c79>:0 @ http://localhost:8090/_framework/blazor.webassembly.js:0
[  778590ms] [ERROR] at Nori.LineFont.Get (string) [0x00082] in <d74c70f944404a48bd19ff5e27c91c79>:0 @ http://localhost:8090/_framework/blazor.webassembly.js:0
[  778590ms] [ERROR] at Nori.LineFont.Get (string) [0x00082] in <d74c70f944404a48bd19ff5e27c91c79>:0 @ http://localhost:8090/_framework/blazor.webassembly.js:0
[  778590ms] [ERROR] at Nori.LineFont.Get (string) [0x00082] in <d74c70f944404a48bd19ff5e27c91c79>:0 @ http://localhost:8090/_framework/blazor.webassembly.js:0
[  778590ms] [ERROR] at Nori.LineFont.Get (string) [0x00082] in <d74c70f944404a48bd19ff5e27c91c79>:0 @ http://localhost:8090/_framework/blazor.webassembly.js:0
[  778590ms] [ERROR] at Nori.LineFont.Get (string) [0x00082] in <d74c70f944404a48bd19ff5e27c91c79>:0 @ http://localhost:8090/_framework/blazor.webassembly.js:0
[  778590ms] [ERROR] at Nori.LineFont.Get (string) [0x00082] in <d74c70f944404a48bd19ff5e27c91c79>:0 @ http://localhost:8090/_framework/blazor.webassembly.js:0
[  778590ms] [ERROR] at Nori.LineFont.Get (string) [0x00082] in <d74c70f944404a48bd19ff5e27c91c79>:0 @ http://localhost:8090/_framework/blazor.webassembly.js:0
[  778590ms] [ERROR] at Nori.LineFont.Get (string) [0x00082] in <d74c70f944404a48bd19ff5e27c91c79>:0 @ http://localhost:8090/_framework/blazor.webassembly.js:0
[  778590ms] [ERROR] at Nori.LineFont.Get (string) [0x00082] in <d74c70f944404a48bd19ff5e27c91c79>:0 @ http://localhost:8090/_framework/blazor.webassembly.js:0
[  778590ms] [ERROR] at Nori.LineFont.Get (string) [0x00082] in <d74c70f944404a48bd19ff5e27c91c79>:0 @ http://localhost:8090/_framework/blazor.webassembly.js:0
[  778590ms] [ERROR] at Nori.LineFont.Get (string) [0x00082] in <d74c70f944404a48bd19ff5e27c91c79>:0 @ http://localhost:8090/_framework/blazor.webassembly.js:0
[  778591ms] [ERROR] at Nori.LineFont.Get (string) [0x00082] in <d74c70f944404a48bd19ff5e27c91c79>:0 @ http://localhost:8090/_framework/blazor.webassembly.js:0
[  778591ms] [ERROR] at Nori.LineFont.Get (string) [0x00082] in <d74c70f944404a48bd19ff5e27c91c79>:0 @ http://localhost:8090/_framework/blazor.webassembly.js:0
[  778591ms] [ERROR] at Nori.LineFont.Get (string) [0x00082] in <d74c70f944404a48bd19ff5e27c91c79>:0 @ http://localhost:8090/_framework/blazor.webassembly.js:0
[  778591ms] [ERROR] at Nori.LineFont.Get (string) [0x00082] in <d74c70f944404a48bd19ff5e27c91c79>:0 @ http://localhost:8090/_framework/blazor.webassembly.js:0
[  778591ms] [ERROR] at Nori.LineFont.Get (string) [0x00082] in <d74c70f944404a48bd19ff5e27c91c79>:0 @ http://localhost:8090/_framework/blazor.webassembly.js:0
[  778591ms] [ERROR] at Nori.LineFont.Get (string) [0x00082] in <d74c70f944404a48bd19ff5e27c91c79>:0 @ http://localhost:8090/_framework/blazor.webassembly.js:0
[  778591ms] [ERROR] at Nori.LineFont.Get (string) [0x00082] in <d74c70f944404a48bd19ff5e27c91c79>:0 @ http://localhost:8090/_framework/blazor.webassembly.js:0
[  778591ms] [ERROR] at Nori.LineFont.Get (string) [0x00082] in <d74c70f944404a48bd19ff5e27c91c79>:0 @ http://localhost:8090/_framework/blazor.webassembly.js:0
[  778591ms] [ERROR] at Nori.LineFont.Get (string) [0x00082] in <d74c70f944404a48bd19ff5e27c91c79>:0 @ http://localhost:8090/_framework/blazor.webassembly.js:0
[  778591ms] [ERROR] at Nori.LineFont.Get (string) [0x00082] in <d74c70f944404a48bd19ff5e27c91c79>:0 @ http://localhost:8090/_framework/blazor.webassembly.js:0
[  778591ms] [ERROR] at Nori.LineFont.Get (string) [0x00082] in <d74c70f944404a48bd19ff5e27c91c79>:0 @ http://localhost:8090/_framework/blazor.webassembly.js:0
[  778591ms] [ERROR] at Nori.LineFont.Get (string) [0x00082] in <d74c70f944404a48bd19ff5e27c91c79>:0 @ http://localhost:8090/_framework/blazor.webassembly.js:0
[  778591ms] [ERROR] at Nori.LineFont.Get (string) [0x00082] in <d74c70f944404a48bd19ff5e27c91c79>:0 @ http://localhost:8090/_framework/blazor.webassembly.js:0
[  778591ms] [ERROR] at Nori.LineFont.Get (string) [0x00082] in <d74c70f944404a48bd19ff5e27c91c79>:0 @ http://localhost:8090/_framework/blazor.webassembly.js:0
[  778591ms] [ERROR] at Nori.LineFont.Get (string) [0x00082] in <d74c70f944404a48bd19ff5e27c91c79>:0 @ http://localhost:8090/_framework/blazor.webassembly.js:0
[  778591ms] [ERROR] at Nori.LineFont.Get (string) [0x00082] in <d74c70f944404a48bd19ff5e27c91c79>:0 @ http://localhost:8090/_framework/blazor.webassembly.js:0
[  778592ms] [ERROR] at Nori.LineFont.Get (string) [0x00082] in <d74c70f944404a48bd19ff5e27c91c79>:0 @ http://localhost:8090/_framework/blazor.webassembly.js:0
[  778592ms] [ERROR] at Nori.LineFont.Get (string) [0x00082] in <d74c70f944404a48bd19ff5e27c91c79>:0 @ http://localhost:8090/_framework/blazor.webassembly.js:0
[  778592ms] [ERROR] at Nori.LineFont.Get (string) [0x00082] in <d74c70f944404a48bd19ff5e27c91c79>:0 @ http://localhost:8090/_framework/blazor.webassembly.js:0
[  778592ms] [ERROR] at Nori.LineFont.Get (string) [0x00082] in <d74c70f944404a48bd19ff5e27c91c79>:0 @ http://localhost:8090/_framework/blazor.webassembly.js:0
[  778592ms] [ERROR] at Nori.LineFont.Get (string) [0x00082] in <d74c70f944404a48bd19ff5e27c91c79>:0 @ http://localhost:8090/_framework/blazor.webassembly.js:0
[  778592ms] [ERROR] at Nori.LineFont.Get (string) [0x00082] in <d74c70f944404a48bd19ff5e27c91c79>:0 @ http://localhost:8090/_framework/blazor.webassembly.js:0
[  778592ms] [ERROR] at Nori.LineFont.Get (string) [0x00082] in <d74c70f944404a48bd19ff5e27c91c79>:0 @ http://localhost:8090/_framework/blazor.webassembly.js:0
[  778592ms] [ERROR] at Nori.LineFont.Get (string) [0x00082] in <d74c70f944404a48bd19ff5e27c91c79>:0 @ http://localhost:8090/_framework/blazor.webassembly.js:0
[  778592ms] [ERROR] at Nori.LineFont.Get (string) [0x00082] in <d74c70f944404a48bd19ff5e27c91c79>:0 @ http://localhost:8090/_framework/blazor.webassembly.js:0
[  778592ms] [ERROR] at Nori.LineFont.Get (string) [0x00082] in <d74c70f944404a48bd19ff5e27c91c79>:0 @ http://localhost:8090/_framework/blazor.webassembly.js:0
[  778592ms] [ERROR] at Nori.LineFont.Get (string) [0x00082] in <d74c70f944404a48bd19ff5e27c91c79>:0 @ http://localhost:8090/_framework/blazor.webassembly.js:0
[  778592ms] [ERROR] at Nori.LineFont.Get (string) [0x00082] in <d74c70f944404a48bd19ff5e27c91c79>:0 @ http://localhost:8090/_framework/blazor.webassembly.js:0
[  778592ms] [ERROR] at Nori.LineFont.Get (string) [0x00082] in <d74c70f944404a48bd19ff5e27c91c79>:0 @ http://localhost:8090/_framework/blazor.webassembly.js:0
[  778592ms] [ERROR] at Nori.LineFont.Get (string) [0x00082] in <d74c70f944404a48bd19ff5e27c91c79>:0 @ http://localhost:8090/_framework/blazor.webassembly.js:0
[  778592ms] [ERROR] at Nori.LineFont.Get (string) [0x00082] in <d74c70f944404a48bd19ff5e27c91c79>:0 @ http://localhost:8090/_framework/blazor.webassembly.js:0
[  778593ms] [ERROR] at Nori.LineFont.Get (string) [0x00082] in <d74c70f944404a48bd19ff5e27c91c79>:0 @ http://localhost:8090/_framework/blazor.webassembly.js:0
[  778593ms] [ERROR] at Nori.LineFont.Get (string) [0x00082] in <d74c70f944404a48bd19ff5e27c91c79>:0 @ http://localhost:8090/_framework/blazor.webassembly.js:0
[  778593ms] [ERROR] at Nori.LineFont.Get (string) [0x00082] in <d74c70f944404a48bd19ff5e27c91c79>:0 @ http://localhost:8090/_framework/blazor.webassembly.js:0
[  778593ms] [ERROR] at Nori.LineFont.Get (string) [0x00082] in <d74c70f944404a48bd19ff5e27c91c79>:0 @ http://localhost:8090/_framework/blazor.webassembly.js:0
[  778593ms] [ERROR] at Nori.LineFont.Get (string) [0x00082] in <d74c70f944404a48bd19ff5e27c91c79>:0 @ http://localhost:8090/_framework/blazor.webassembly.js:0
[  778593ms] [ERROR] at Nori.LineFont.Get (string) [0x00082] in <d74c70f944404a48bd19ff5e27c91c79>:0 @ http://localhost:8090/_framework/blazor.webassembly.js:0
[  778593ms] [ERROR] at Nori.LineFont.Get (string) [0x00082] in <d74c70f944404a48bd19ff5e27c91c79>:0 @ http://localhost:8090/_framework/blazor.webassembly.js:0
[  778593ms] [ERROR] at Nori.LineFont.Get (string) [0x00082] in <d74c70f944404a48bd19ff5e27c91c79>:0 @ http://localhost:8090/_framework/blazor.webassembly.js:0
[  778593ms] [ERROR] at Nori.LineFont.Get (string) [0x00082] in <d74c70f944404a48bd19ff5e27c91c79>:0 @ http://localhost:8090/_framework/blazor.webassembly.js:0
[  778593ms] [ERROR] at Nori.LineFont.Get (string) [0x00082] in <d74c70f944404a48bd19ff5e27c91c79>:0 @ http://localhost:8090/_framework/blazor.webassembly.js:0
[  778593ms] [ERROR] at Nori.LineFont.Get (string) [0x00082] in <d74c70f944404a48bd19ff5e27c91c79>:0 @ http://localhost:8090/_framework/blazor.webassembly.js:0
[  778593ms] [ERROR] at Nori.LineFont.Get (string) [0x00082] in <d74c70f944404a48bd19ff5e27c91c79>:0 @ http://localhost:8090/_framework/blazor.webassembly.js:0
[  778593ms] [ERROR] at Nori.LineFont.Get (string) [0x00082] in <d74c70f944404a48bd19ff5e27c91c79>:0 @ http://localhost:8090/_framework/blazor.webassembly.js:0
[  778593ms] [ERROR] at Nori.LineFont.Get (string) [0x00082] in <d74c70f944404a48bd19ff5e27c91c79>:0 @ http://localhost:8090/_framework/blazor.webassembly.js:0
[  778593ms] [ERROR] at Nori.LineFont.Get (string) [0x00082] in <d74c70f944404a48bd19ff5e27c91c79>:0 @ http://localhost:8090/_framework/blazor.webassembly.js:0
[  778594ms] [ERROR] at Nori.LineFont.Get (string) [0x00082] in <d74c70f944404a48bd19ff5e27c91c79>:0 @ http://localhost:8090/_framework/blazor.webassembly.js:0
[  778594ms] [ERROR] at Nori.LineFont.Get (string) [0x00082] in <d74c70f944404a48bd19ff5e27c91c79>:0 @ http://localhost:8090/_framework/blazor.webassembly.js:0
[  778594ms] [ERROR] at Nori.LineFont.Get (string) [0x00082] in <d74c70f944404a48bd19ff5e27c91c79>:0 @ http://localhost:8090/_framework/blazor.webassembly.js:0
[  778594ms] [ERROR] at Nori.LineFont.Get (string) [0x00082] in <d74c70f944404a48bd19ff5e27c91c79>:0 @ http://localhost:8090/_framework/blazor.webassembly.js:0
[  778594ms] [ERROR] at Nori.LineFont.Get (string) [0x00082] in <d74c70f944404a48bd19ff5e27c91c79>:0 @ http://localhost:8090/_framework/blazor.webassembly.js:0
[  778594ms] [ERROR] at Nori.LineFont.Get (string) [0x00082] in <d74c70f944404a48bd19ff5e27c91c79>:0 @ http://localhost:8090/_framework/blazor.webassembly.js:0
[  778594ms] [ERROR] at Nori.LineFont.Get (string) [0x00082] in <d74c70f944404a48bd19ff5e27c91c79>:0 @ http://localhost:8090/_framework/blazor.webassembly.js:0
[  778594ms] [ERROR] at Nori.LineFont.Get (string) [0x00082] in <d74c70f944404a48bd19ff5e27c91c79>:0 @ http://localhost:8090/_framework/blazor.webassembly.js:0
[  778594ms] [ERROR] at Nori.LineFont.Get (string) [0x00082] in <d74c70f944404a48bd19ff5e27c91c79>:0 @ http://localhost:8090/_framework/blazor.webassembly.js:0
[  778594ms] [ERROR] at Nori.LineFont.Get (string) [0x00082] in <d74c70f944404a48bd19ff5e27c91c79>:0 @ http://localhost:8090/_framework/blazor.webassembly.js:0
[  778594ms] [ERROR] at Nori.LineFont.Get (string) [0x00082] in <d74c70f944404a48bd19ff5e27c91c79>:0 @ http://localhost:8090/_framework/blazor.webassembly.js:0
[  778594ms] [ERROR] at Nori.LineFont.Get (string) [0x00082] in <d74c70f944404a48bd19ff5e27c91c79>:0 @ http://localhost:8090/_framework/blazor.webassembly.js:0
[  778594ms] [ERROR] at Nori.LineFont.Get (string) [0x00082] in <d74c70f944404a48bd19ff5e27c91c79>:0 @ http://localhost:8090/_framework/blazor.webassembly.js:0
[  778594ms] [ERROR] at Nori.LineFont.Get (string) [0x00082] in <d74c70f944404a48bd19ff5e27c91c79>:0 @ http://localhost:8090/_framework/blazor.webassembly.js:0
[  778594ms] [ERROR] at Nori.LineFont.Get (string) [0x00082] in <d74c70f944404a48bd19ff5e27c91c79>:0 @ http://localhost:8090/_framework/blazor.webassembly.js:0
[  778594ms] [ERROR] at Nori.LineFont.Get (string) [0x00082] in <d74c70f944404a48bd19ff5e27c91c79>:0 @ http://localhost:8090/_framework/blazor.webassembly.js:0
[  778595ms] [ERROR] at Nori.LineFont.Get (string) [0x00082] in <d74c70f944404a48bd19ff5e27c91c79>:0 @ http://localhost:8090/_framework/blazor.webassembly.js:0
[  778595ms] [ERROR] at Nori.LineFont.Get (string) [0x00082] in <d74c70f944404a48bd19ff5e27c91c79>:0 @ http://localhost:8090/_framework/blazor.webassembly.js:0
[  778595ms] [ERROR] at Nori.LineFont.Get (string) [0x00082] in <d74c70f944404a48bd19ff5e27c91c79>:0 @ http://localhost:8090/_framework/blazor.webassembly.js:0
[  778595ms] [ERROR] at Nori.LineFont.Get (string) [0x00082] in <d74c70f944404a48bd19ff5e27c91c79>:0 @ http://localhost:8090/_framework/blazor.webassembly.js:0
[  778595ms] [ERROR] at Nori.LineFont.Get (string) [0x00082] in <d74c70f944404a48bd19ff5e27c91c79>:0 @ http://localhost:8090/_framework/blazor.webassembly.js:0
[  778595ms] [ERROR] at Nori.LineFont.Get (string) [0x00082] in <d74c70f944404a48bd19ff5e27c91c79>:0 @ http://localhost:8090/_framework/blazor.webassembly.js:0
[  778595ms] [ERROR] at Nori.LineFont.Get (string) [0x00082] in <d74c70f944404a48bd19ff5e27c91c79>:0 @ http://localhost:8090/_framework/blazor.webassembly.js:0
[  778595ms] [ERROR] at Nori.LineFont.Get (string) [0x00082] in <d74c70f944404a48bd19ff5e27c91c79>:0 @ http://localhost:8090/_framework/blazor.webassembly.js:0
[  778595ms] [ERROR] at Nori.LineFont.Get (string) [0x00082] in <d74c70f944404a48bd19ff5e27c91c79>:0 @ http://localhost:8090/_framework/blazor.webassembly.js:0
[  778595ms] [ERROR] at Nori.LineFont.Get (string) [0x00082] in <d74c70f944404a48bd19ff5e27c91c79>:0 @ http://localhost:8090/_framework/blazor.webassembly.js:0
[  778595ms] [ERROR] at Nori.LineFont.Get (string) [0x00082] in <d74c70f944404a48bd19ff5e27c91c79>:0 @ http://localhost:8090/_framework/blazor.webassembly.js:0
[  778595ms] [ERROR] at Nori.LineFont.Get (string) [0x00082] in <d74c70f944404a48bd19ff5e27c91c79>:0 @ http://localhost:8090/_framework/blazor.webassembly.js:0
[  778595ms] [ERROR] at Nori.LineFont.Get (string) [0x00082] in <d74c70f944404a48bd19ff5e27c91c79>:0 @ http://localhost:8090/_framework/blazor.webassembly.js:0
[  778595ms] [ERROR] at Nori.LineFont.Get (string) [0x00082] in <d74c70f944404a48bd19ff5e27c91c79>:0 @ http://localhost:8090/_framework/blazor.webassembly.js:0
[  778595ms] [ERROR] at Nori.LineFont.Get (string) [0x00082] in <d74c70f944404a48bd19ff5e27c91c79>:0 @ http://localhost:8090/_framework/blazor.webassembly.js:0
[  778595ms] [ERROR] at Nori.LineFont.Get (string) [0x00082] in <d74c70f944404a48bd19ff5e27c91c79>:0 @ http://localhost:8090/_framework/blazor.webassembly.js:0
[  778596ms] [ERROR] at Nori.LineFont.Get (string) [0x00082] in <d74c70f944404a48bd19ff5e27c91c79>:0 @ http://localhost:8090/_framework/blazor.webassembly.js:0
[  778596ms] [ERROR] at Nori.LineFont.Get (string) [0x00082] in <d74c70f944404a48bd19ff5e27c91c79>:0 @ http://localhost:8090/_framework/blazor.webassembly.js:0
[  778596ms] [ERROR] at Nori.LineFont.Get (string) [0x00082] in <d74c70f944404a48bd19ff5e27c91c79>:0 @ http://localhost:8090/_framework/blazor.webassembly.js:0
[  778596ms] [ERROR] at Nori.LineFont.Get (string) [0x00082] in <d74c70f944404a48bd19ff5e27c91c79>:0 @ http://localhost:8090/_framework/blazor.webassembly.js:0
[  778596ms] [ERROR] at Nori.LineFont.Get (string) [0x00082] in <d74c70f944404a48bd19ff5e27c91c79>:0 @ http://localhost:8090/_framework/blazor.webassembly.js:0
[  778596ms] [ERROR] at Nori.LineFont.Get (string) [0x00082] in <d74c70f944404a48bd19ff5e27c91c79>:0 @ http://localhost:8090/_framework/blazor.webassembly.js:0
[  778596ms] [ERROR] at Nori.LineFont.Get (string) [0x00082] in <d74c70f944404a48bd19ff5e27c91c79>:0 @ http://localhost:8090/_framework/blazor.webassembly.js:0
[  778596ms] [ERROR] at Nori.LineFont.Get (string) [0x00082] in <d74c70f944404a48bd19ff5e27c91c79>:0 @ http://localhost:8090/_framework/blazor.webassembly.js:0
[  778596ms] [ERROR] at Nori.LineFont.Get (string) [0x00082] in <d74c70f944404a48bd19ff5e27c91c79>:0 @ http://localhost:8090/_framework/blazor.webassembly.js:0
[  778596ms] [ERROR] at Nori.LineFont.Get (string) [0x00082] in <d74c70f944404a48bd19ff5e27c91c79>:0 @ http://localhost:8090/_framework/blazor.webassembly.js:0
[  778596ms] [ERROR] at Nori.LineFont.Get (string) [0x00082] in <d74c70f944404a48bd19ff5e27c91c79>:0 @ http://localhost:8090/_framework/blazor.webassembly.js:0
[  778596ms] [ERROR] at Nori.LineFont.Get (string) [0x00082] in <d74c70f944404a48bd19ff5e27c91c79>:0 @ http://localhost:8090/_framework/blazor.webassembly.js:0
[  778596ms] [ERROR] at Nori.LineFont.Get (string) [0x00082] in <d74c70f944404a48bd19ff5e27c91c79>:0 @ http://localhost:8090/_framework/blazor.webassembly.js:0
[  778596ms] [ERROR] at Nori.LineFont.Get (string) [0x00082] in <d74c70f944404a48bd19ff5e27c91c79>:0 @ http://localhost:8090/_framework/blazor.webassembly.js:0
[  778596ms] [ERROR] at Nori.LineFont.Get (string) [0x00082] in <d74c70f944404a48bd19ff5e27c91c79>:0 @ http://localhost:8090/_framework/blazor.webassembly.js:0
[  778597ms] [ERROR] at Nori.LineFont.Get (string) [0x00082] in <d74c70f944404a48bd19ff5e27c91c79>:0 @ http://localhost:8090/_framework/blazor.webassembly.js:0
[  778597ms] [ERROR] at Nori.LineFont.Get (string) [0x00082] in <d74c70f944404a48bd19ff5e27c91c79>:0 @ http://localhost:8090/_framework/blazor.webassembly.js:0
[  778597ms] [ERROR] at Nori.LineFont.Get (string) [0x00082] in <d74c70f944404a48bd19ff5e27c91c79>:0 @ http://localhost:8090/_framework/blazor.webassembly.js:0
[  778597ms] [ERROR] at Nori.LineFont.Get (string) [0x00082] in <d74c70f944404a48bd19ff5e27c91c79>:0 @ http://localhost:8090/_framework/blazor.webassembly.js:0
[  778597ms] [ERROR] at Nori.LineFont.Get (string) [0x00082] in <d74c70f944404a48bd19ff5e27c91c79>:0 @ http://localhost:8090/_framework/blazor.webassembly.js:0
[  778597ms] [ERROR] at Nori.LineFont.Get (string) [0x00082] in <d74c70f944404a48bd19ff5e27c91c79>:0 @ http://localhost:8090/_framework/blazor.webassembly.js:0
[  778597ms] [ERROR] at Nori.LineFont.Get (string) [0x00082] in <d74c70f944404a48bd19ff5e27c91c79>:0 @ http://localhost:8090/_framework/blazor.webassembly.js:0
[  778597ms] [ERROR] at Nori.LineFont.Get (string) [0x00082] in <d74c70f944404a48bd19ff5e27c91c79>:0 @ http://localhost:8090/_framework/blazor.webassembly.js:0
[  778597ms] [ERROR] at Nori.LineFont.Get (string) [0x00082] in <d74c70f944404a48bd19ff5e27c91c79>:0 @ http://localhost:8090/_framework/blazor.webassembly.js:0
[  778597ms] [ERROR] at Nori.LineFont.Get (string) [0x00082] in <d74c70f944404a48bd19ff5e27c91c79>:0 @ http://localhost:8090/_framework/blazor.webassembly.js:0
[  778597ms] [ERROR] at Nori.LineFont.Get (string) [0x00082] in <d74c70f944404a48bd19ff5e27c91c79>:0 @ http://localhost:8090/_framework/blazor.webassembly.js:0
[  778597ms] [ERROR] at Nori.LineFont.Get (string) [0x00082] in <d74c70f944404a48bd19ff5e27c91c79>:0 @ http://localhost:8090/_framework/blazor.webassembly.js:0
[  778598ms] [ERROR] at Nori.LineFont.Get (string) [0x00082] in <d74c70f944404a48bd19ff5e27c91c79>:0 @ http://localhost:8090/_framework/blazor.webassembly.js:0
[  778598ms] [ERROR] at Nori.LineFont.Get (string) [0x00082] in <d74c70f944404a48bd19ff5e27c91c79>:0 @ http://localhost:8090/_framework/blazor.webassembly.js:0
[  778598ms] [ERROR] at Nori.LineFont.Get (string) [0x00082] in <d74c70f944404a48bd19ff5e27c91c79>:0 @ http://localhost:8090/_framework/blazor.webassembly.js:0
[  778598ms] [ERROR] at Nori.LineFont.Get (string) [0x00082] in <d74c70f944404a48bd19ff5e27c91c79>:0 @ http://localhost:8090/_framework/blazor.webassembly.js:0
[  778598ms] [ERROR] at Nori.LineFont.Get (string) [0x00082] in <d74c70f944404a48bd19ff5e27c91c79>:0 @ http://localhost:8090/_framework/blazor.webassembly.js:0
[  778598ms] [ERROR] at Nori.LineFont.Get (string) [0x00082] in <d74c70f944404a48bd19ff5e27c91c79>:0 @ http://localhost:8090/_framework/blazor.webassembly.js:0
[  778598ms] [ERROR] at Nori.LineFont.Get (string) [0x00082] in <d74c70f944404a48bd19ff5e27c91c79>:0 @ http://localhost:8090/_framework/blazor.webassembly.js:0
[  778598ms] [ERROR] at Nori.LineFont.Get (string) [0x00082] in <d74c70f944404a48bd19ff5e27c91c79>:0 @ http://localhost:8090/_framework/blazor.webassembly.js:0
[  778598ms] [ERROR] at Nori.LineFont.Get (string) [0x00082] in <d74c70f944404a48bd19ff5e27c91c79>:0 @ http://localhost:8090/_framework/blazor.webassembly.js:0
[  778598ms] [ERROR] at Nori.LineFont.Get (string) [0x00082] in <d74c70f944404a48bd19ff5e27c91c79>:0 @ http://localhost:8090/_framework/blazor.webassembly.js:0
[  778598ms] [ERROR] at Nori.LineFont.Get (string) [0x00082] in <d74c70f944404a48bd19ff5e27c91c79>:0 @ http://localhost:8090/_framework/blazor.webassembly.js:0
[  778598ms] [ERROR] at Nori.LineFont.Get (string) [0x00082] in <d74c70f944404a48bd19ff5e27c91c79>:0 @ http://localhost:8090/_framework/blazor.webassembly.js:0
[  778598ms] [ERROR] at Nori.LineFont.Get (string) [0x00082] in <d74c70f944404a48bd19ff5e27c91c79>:0 @ http://localhost:8090/_framework/blazor.webassembly.js:0
[  778598ms] [ERROR] at Nori.LineFont.Get (string) [0x00082] in <d74c70f944404a48bd19ff5e27c91c79>:0 @ http://localhost:8090/_framework/blazor.webassembly.js:0
[  778598ms] [ERROR] at Nori.LineFont.Get (string) [0x00082] in <d74c70f944404a48bd19ff5e27c91c79>:0 @ http://localhost:8090/_framework/blazor.webassembly.js:0
[  778599ms] [ERROR] at Nori.LineFont.Get (string) [0x00082] in <d74c70f944404a48bd19ff5e27c91c79>:0 @ http://localhost:8090/_framework/blazor.webassembly.js:0
[  778599ms] [ERROR] at Nori.LineFont.Get (string) [0x00082] in <d74c70f944404a48bd19ff5e27c91c79>:0 @ http://localhost:8090/_framework/blazor.webassembly.js:0
[  778599ms] [ERROR] at Nori.LineFont.Get (string) [0x00082] in <d74c70f944404a48bd19ff5e27c91c79>:0 @ http://localhost:8090/_framework/blazor.webassembly.js:0
[  778599ms] [ERROR] at Nori.LineFont.Get (string) [0x00082] in <d74c70f944404a48bd19ff5e27c91c79>:0 @ http://localhost:8090/_framework/blazor.webassembly.js:0
[  778599ms] [ERROR] at Nori.LineFont.Get (string) [0x00082] in <d74c70f944404a48bd19ff5e27c91c79>:0 @ http://localhost:8090/_framework/blazor.webassembly.js:0
[  778599ms] [ERROR] at Nori.LineFont.Get (string) [0x00082] in <d74c70f944404a48bd19ff5e27c91c79>:0 @ http://localhost:8090/_framework/blazor.webassembly.js:0
[  778599ms] [ERROR] at Nori.LineFont.Get (string) [0x00082] in <d74c70f944404a48bd19ff5e27c91c79>:0 @ http://localhost:8090/_framework/blazor.webassembly.js:0
[  778599ms] [ERROR] at Nori.LineFont.Get (string) [0x00082] in <d74c70f944404a48bd19ff5e27c91c79>:0 @ http://localhost:8090/_framework/blazor.webassembly.js:0
[  778599ms] [ERROR] at Nori.LineFont.Get (string) [0x00082] in <d74c70f944404a48bd19ff5e27c91c79>:0 @ http://localhost:8090/_framework/blazor.webassembly.js:0
[  778599ms] [ERROR] (null) @ http://localhost:8090/_framework/blazor.webassembly.js:0
[  778599ms] [ERROR] (null) @ http://localhost:8090/_framework/blazor.webassembly.js:0
[  778652ms] ExitStatus
