[    7816ms] [ERROR] [ERROR] FATAL UNHANDLED EXCEPTION: System.StackOverflowException: The requested operation caused a stack overflow. @ http://localhost:8090/_framework/blazor.webassembly.js:0
[    7817ms] [ERROR] at System.Globalization.TextInfo.ChangeCaseCommon<System.Globalization.TextInfo/ToLowerConversion> (string) <0xfffa3586> @ http://localhost:8090/_framework/blazor.webassembly.js:0
[    7817ms] [ERROR] at string.ToLower (System.Globalization.CultureInfo) [0x00010] in <479cae8b6b5746a086ce8c44ecc3783b>:0 @ http://localhost:8090/_framework/blazor.webassembly.js:0
[    7817ms] [ERROR] at Nori.LineFont.Get (string) [0x00015] in <d74c70f944404a48bd19ff5e27c91c79>:0 @ http://localhost:8090/_framework/blazor.webassembly.js:0
[    7817ms] [ERROR] at Nori.LineFont.Get (string) [0x00082] in <d74c70f944404a48bd19ff5e27c91c79>:0 @ http://localhost:8090/_framework/blazor.webassembly.js:0
[    7817ms] [ERROR] at Nori.LineFont.Get (string) [0x00082] in <d74c70f944404a48bd19ff5e27c91c79>:0 @ http://localhost:8090/_framework/blazor.webassembly.js:0
[    7817ms] [ERROR] at Nori.LineFont.Get (string) [0x00082] in <d74c70f944404a48bd19ff5e27c91c79>:0 @ http://localhost:8090/_framework/blazor.webassembly.js:0
[    7817ms] [ERROR] at Nori.LineFont.Get (string) [0x00082] in <d74c70f944404a48bd19ff5e27c91c79>:0 @ http://localhost:8090/_framework/blazor.webassembly.js:0
[    7817ms] [ERROR] at Nori.LineFont.Get (string) [0x00082] in <d74c70f944404a48bd19ff5e27c91c79>:0 @ http://localhost:8090/_framework/blazor.webassembly.js:0
[    7817ms] [ERROR] at Nori.LineFont.Get (string) [0x00082] in <d74c70f944404a48bd19ff5e27c91c79>:0 @ http://localhost:8090/_framework/blazor.webassembly.js:0
[    7817ms] [ERROR] at Nori.LineFont.Get (string) [0x00082] in <d74c70f944404a48bd19ff5e27c91c79>:0 @ http://localhost:8090/_framework/blazor.webassembly.js:0
[    7817ms] [ERROR] at Nori.LineFont.Get (string) [0x00082] in <d74c70f944404a48bd19ff5e27c91c79>:0 @ http://localhost:8090/_framework/blazor.webassembly.js:0
[    7817ms] [ERROR] at Nori.LineFont.Get (string) [0x00082] in <d74c70f944404a48bd19ff5e27c91c79>:0 @ http://localhost:8090/_framework/blazor.webassembly.js:0
[    7817ms] [ERROR] at Nori.LineFont.Get (string) [0x00082] in <d74c70f944404a48bd19ff5e27c91c79>:0 @ http://localhost:8090/_framework/blazor.webassembly.js:0
[    7817ms] [ERROR] at Nori.LineFont.Get (string) [0x00082] in <d74c70f944404a48bd19ff5e27c91c79>:0 @ http://localhost:8090/_framework/blazor.webassembly.js:0
[    7818ms] [ERROR] at Nori.LineFont.Get (string) [0x00082] in <d74c70f944404a48bd19ff5e27c91c79>:0 @ http://localhost:8090/_framework/blazor.webassembly.js:0
[    7818ms] [ERROR] at Nori.LineFont.Get (string) [0x00082] in <d74c70f944404a48bd19ff5e27c91c79>:0 @ http://localhost:8090/_framework/blazor.webassembly.js:0
[    7818ms] [ERROR] at Nori.LineFont.Get (string) [0x00082] in <d74c70f944404a48bd19ff5e27c91c79>:0 @ http://localhost:8090/_framework/blazor.webassembly.js:0
[    7818ms] [ERROR] at Nori.LineFont.Get (string) [0x00082] in <d74c70f944404a48bd19ff5e27c91c79>:0 @ http://localhost:8090/_framework/blazor.webassembly.js:0
[    7818ms] [ERROR] at Nori.LineFont.Get (string) [0x00082] in <d74c70f944404a48bd19ff5e27c91c79>:0 @ http://localhost:8090/_framework/blazor.webassembly.js:0
[    7818ms] [ERROR] at Nori.LineFont.Get (string) [0x00082] in <d74c70f944404a48bd19ff5e27c91c79>:0 @ http://localhost:8090/_framework/blazor.webassembly.js:0
[    7818ms] [ERROR] at Nori.LineFont.Get (string) [0x00082] in <d74c70f944404a48bd19ff5e27c91c79>:0 @ http://localhost:8090/_framework/blazor.webassembly.js:0
[    7818ms] [ERROR] at Nori.LineFont.Get (string) [0x00082] in <d74c70f944404a48bd19ff5e27c91c79>:0 @ http://localhost:8090/_framework/blazor.webassembly.js:0
[    7818ms] [ERROR] at Nori.LineFont.Get (string) [0x00082] in <d74c70f944404a48bd19ff5e27c91c79>:0 @ http://localhost:8090/_framework/blazor.webassembly.js:0
[    7818ms] [ERROR] at Nori.LineFont.Get (string) [0x00082] in <d74c70f944404a48bd19ff5e27c91c79>:0 @ http://localhost:8090/_framework/blazor.webassembly.js:0
[    7818ms] [ERROR] at Nori.LineFont.Get (string) [0x00082] in <d74c70f944404a48bd19ff5e27c91c79>:0 @ http://localhost:8090/_framework/blazor.webassembly.js:0
[    7818ms] [ERROR] at Nori.LineFont.Get (string) [0x00082] in <d74c70f944404a48bd19ff5e27c91c79>:0 @ http://localhost:8090/_framework/blazor.webassembly.js:0
[    7818ms] [ERROR] at Nori.LineFont.Get (string) [0x00082] in <d74c70f944404a48bd19ff5e27c91c79>:0 @ http://localhost:8090/_framework/blazor.webassembly.js:0
[    7818ms] [ERROR] at Nori.LineFont.Get (string) [0x00082] in <d74c70f944404a48bd19ff5e27c91c79>:0 @ http://localhost:8090/_framework/blazor.webassembly.js:0
[    7818ms] [ERROR] at Nori.LineFont.Get (string) [0x00082] in <d74c70f944404a48bd19ff5e27c91c79>:0 @ http://localhost:8090/_framework/blazor.webassembly.js:0
[    7819ms] [ERROR] at Nori.LineFont.Get (string) [0x00082] in <d74c70f944404a48bd19ff5e27c91c79>:0 @ http://localhost:8090/_framework/blazor.webassembly.js:0
[    7819ms] [ERROR] at Nori.LineFont.Get (string) [0x00082] in <d74c70f944404a48bd19ff5e27c91c79>:0 @ http://localhost:8090/_framework/blazor.webassembly.js:0
[    7819ms] [ERROR] at Nori.LineFont.Get (string) [0x00082] in <d74c70f944404a48bd19ff5e27c91c79>:0 @ http://localhost:8090/_framework/blazor.webassembly.js:0
[    7819ms] [ERROR] at Nori.LineFont.Get (string) [0x00082] in <d74c70f944404a48bd19ff5e27c91c79>:0 @ http://localhost:8090/_framework/blazor.webassembly.js:0
[    7819ms] [ERROR] at Nori.LineFont.Get (string) [0x00082] in <d74c70f944404a48bd19ff5e27c91c79>:0 @ http://localhost:8090/_framework/blazor.webassembly.js:0
[    7819ms] [ERROR] at Nori.LineFont.Get (string) [0x00082] in <d74c70f944404a48bd19ff5e27c91c79>:0 @ http://localhost:8090/_framework/blazor.webassembly.js:0
[    7819ms] [ERROR] at Nori.LineFont.Get (string) [0x00082] in <d74c70f944404a48bd19ff5e27c91c79>:0 @ http://localhost:8090/_framework/blazor.webassembly.js:0
[    7819ms] [ERROR] at Nori.LineFont.Get (string) [0x00082] in <d74c70f944404a48bd19ff5e27c91c79>:0 @ http://localhost:8090/_framework/blazor.webassembly.js:0
[    7819ms] [ERROR] at Nori.LineFont.Get (string) [0x00082] in <d74c70f944404a48bd19ff5e27c91c79>:0 @ http://localhost:8090/_framework/blazor.webassembly.js:0
[    7819ms] [ERROR] at Nori.LineFont.Get (string) [0x00082] in <d74c70f944404a48bd19ff5e27c91c79>:0 @ http://localhost:8090/_framework/blazor.webassembly.js:0
[    7819ms] [ERROR] at Nori.LineFont.Get (string) [0x00082] in <d74c70f944404a48bd19ff5e27c91c79>:0 @ http://localhost:8090/_framework/blazor.webassembly.js:0
[    7819ms] [ERROR] at Nori.LineFont.Get (string) [0x00082] in <d74c70f944404a48bd19ff5e27c91c79>:0 @ http://localhost:8090/_framework/blazor.webassembly.js:0
[    7819ms] [ERROR] at Nori.LineFont.Get (string) [0x00082] in <d74c70f944404a48bd19ff5e27c91c79>:0 @ http://localhost:8090/_framework/blazor.webassembly.js:0
[    7819ms] [ERROR] at Nori.LineFont.Get (string) [0x00082] in <d74c70f944404a48bd19ff5e27c91c79>:0 @ http://localhost:8090/_framework/blazor.webassembly.js:0
[    7820ms] [ERROR] at Nori.LineFont.Get (string) [0x00082] in <d74c70f944404a48bd19ff5e27c91c79>:0 @ http://localhost:8090/_framework/blazor.webassembly.js:0
[    7820ms] [ERROR] at Nori.LineFont.Get (string) [0x00082] in <d74c70f944404a48bd19ff5e27c91c79>:0 @ http://localhost:8090/_framework/blazor.webassembly.js:0
[    7820ms] [ERROR] at Nori.LineFont.Get (string) [0x00082] in <d74c70f944404a48bd19ff5e27c91c79>:0 @ http://localhost:8090/_framework/blazor.webassembly.js:0
[    7820ms] [ERROR] at Nori.LineFont.Get (string) [0x00082] in <d74c70f944404a48bd19ff5e27c91c79>:0 @ http://localhost:8090/_framework/blazor.webassembly.js:0
[    7820ms] [ERROR] at Nori.LineFont.Get (string) [0x00082] in <d74c70f944404a48bd19ff5e27c91c79>:0 @ http://localhost:8090/_framework/blazor.webassembly.js:0
[    7820ms] [ERROR] at Nori.LineFont.Get (string) [0x00082] in <d74c70f944404a48bd19ff5e27c91c79>:0 @ http://localhost:8090/_framework/blazor.webassembly.js:0
[    7820ms] [ERROR] at Nori.LineFont.Get (string) [0x00082] in <d74c70f944404a48bd19ff5e27c91c79>:0 @ http://localhost:8090/_framework/blazor.webassembly.js:0
[    7820ms] [ERROR] at Nori.LineFont.Get (string) [0x00082] in <d74c70f944404a48bd19ff5e27c91c79>:0 @ http://localhost:8090/_framework/blazor.webassembly.js:0
[    7820ms] [ERROR] at Nori.LineFont.Get (string) [0x00082] in <d74c70f944404a48bd19ff5e27c91c79>:0 @ http://localhost:8090/_framework/blazor.webassembly.js:0
[    7820ms] [ERROR] at Nori.LineFont.Get (string) [0x00082] in <d74c70f944404a48bd19ff5e27c91c79>:0 @ http://localhost:8090/_framework/blazor.webassembly.js:0
[    7820ms] [ERROR] at Nori.LineFont.Get (string) [0x00082] in <d74c70f944404a48bd19ff5e27c91c79>:0 @ http://localhost:8090/_framework/blazor.webassembly.js:0
[    7820ms] [ERROR] at Nori.LineFont.Get (string) [0x00082] in <d74c70f944404a48bd19ff5e27c91c79>:0 @ http://localhost:8090/_framework/blazor.webassembly.js:0
[    7821ms] [ERROR] at Nori.LineFont.Get (string) [0x00082] in <d74c70f944404a48bd19ff5e27c91c79>:0 @ http://localhost:8090/_framework/blazor.webassembly.js:0
[    7821ms] [ERROR] at Nori.LineFont.Get (string) [0x00082] in <d74c70f944404a48bd19ff5e27c91c79>:0 @ http://localhost:8090/_framework/blazor.webassembly.js:0
[    7821ms] [ERROR] at Nori.LineFont.Get (string) [0x00082] in <d74c70f944404a48bd19ff5e27c91c79>:0 @ http://localhost:8090/_framework/blazor.webassembly.js:0
[    7821ms] [ERROR] at Nori.LineFont.Get (string) [0x00082] in <d74c70f944404a48bd19ff5e27c91c79>:0 @ http://localhost:8090/_framework/blazor.webassembly.js:0
[    7821ms] [ERROR] at Nori.LineFont.Get (string) [0x00082] in <d74c70f944404a48bd19ff5e27c91c79>:0 @ http://localhost:8090/_framework/blazor.webassembly.js:0
[    7821ms] [ERROR] at Nori.LineFont.Get (string) [0x00082] in <d74c70f944404a48bd19ff5e27c91c79>:0 @ http://localhost:8090/_framework/blazor.webassembly.js:0
[    7821ms] [ERROR] at Nori.LineFont.Get (string) [0x00082] in <d74c70f944404a48bd19ff5e27c91c79>:0 @ http://localhost:8090/_framework/blazor.webassembly.js:0
[    7821ms] [ERROR] at Nori.LineFont.Get (string) [0x00082] in <d74c70f944404a48bd19ff5e27c91c79>:0 @ http://localhost:8090/_framework/blazor.webassembly.js:0
[    7821ms] [ERROR] at Nori.LineFont.Get (string) [0x00082] in <d74c70f944404a48bd19ff5e27c91c79>:0 @ http://localhost:8090/_framework/blazor.webassembly.js:0
[    7821ms] [ERROR] at Nori.LineFont.Get (string) [0x00082] in <d74c70f944404a48bd19ff5e27c91c79>:0 @ http://localhost:8090/_framework/blazor.webassembly.js:0
[    7821ms] [ERROR] at Nori.LineFont.Get (string) [0x00082] in <d74c70f944404a48bd19ff5e27c91c79>:0 @ http://localhost:8090/_framework/blazor.webassembly.js:0
[    7821ms] [ERROR] at Nori.LineFont.Get (string) [0x00082] in <d74c70f944404a48bd19ff5e27c91c79>:0 @ http://localhost:8090/_framework/blazor.webassembly.js:0
[    7821ms] [ERROR] at Nori.LineFont.Get (string) [0x00082] in <d74c70f944404a48bd19ff5e27c91c79>:0 @ http://localhost:8090/_framework/blazor.webassembly.js:0
[    7821ms] [ERROR] at Nori.LineFont.Get (string) [0x00082] in <d74c70f944404a48bd19ff5e27c91c79>:0 @ http://localhost:8090/_framework/blazor.webassembly.js:0
[    7821ms] [ERROR] at Nori.LineFont.Get (string) [0x00082] in <d74c70f944404a48bd19ff5e27c91c79>:0 @ http://localhost:8090/_framework/blazor.webassembly.js:0
[    7822ms] [ERROR] at Nori.LineFont.Get (string) [0x00082] in <d74c70f944404a48bd19ff5e27c91c79>:0 @ http://localhost:8090/_framework/blazor.webassembly.js:0
[    7822ms] [ERROR] at Nori.LineFont.Get (string) [0x00082] in <d74c70f944404a48bd19ff5e27c91c79>:0 @ http://localhost:8090/_framework/blazor.webassembly.js:0
[    7822ms] [ERROR] at Nori.LineFont.Get (string) [0x00082] in <d74c70f944404a48bd19ff5e27c91c79>:0 @ http://localhost:8090/_framework/blazor.webassembly.js:0
[    7822ms] [ERROR] at Nori.LineFont.Get (string) [0x00082] in <d74c70f944404a48bd19ff5e27c91c79>:0 @ http://localhost:8090/_framework/blazor.webassembly.js:0
[    7822ms] [ERROR] at Nori.LineFont.Get (string) [0x00082] in <d74c70f944404a48bd19ff5e27c91c79>:0 @ http://localhost:8090/_framework/blazor.webassembly.js:0
[    7822ms] [ERROR] at Nori.LineFont.Get (string) [0x00082] in <d74c70f944404a48bd19ff5e27c91c79>:0 @ http://localhost:8090/_framework/blazor.webassembly.js:0
[    7822ms] [ERROR] at Nori.LineFont.Get (string) [0x00082] in <d74c70f944404a48bd19ff5e27c91c79>:0 @ http://localhost:8090/_framework/blazor.webassembly.js:0
[    7822ms] [ERROR] at Nori.LineFont.Get (string) [0x00082] in <d74c70f944404a48bd19ff5e27c91c79>:0 @ http://localhost:8090/_framework/blazor.webassembly.js:0
[    7822ms] [ERROR] at Nori.LineFont.Get (string) [0x00082] in <d74c70f944404a48bd19ff5e27c91c79>:0 @ http://localhost:8090/_framework/blazor.webassembly.js:0
[    7822ms] [ERROR] at Nori.LineFont.Get (string) [0x00082] in <d74c70f944404a48bd19ff5e27c91c79>:0 @ http://localhost:8090/_framework/blazor.webassembly.js:0
[    7822ms] [ERROR] at Nori.LineFont.Get (string) [0x00082] in <d74c70f944404a48bd19ff5e27c91c79>:0 @ http://localhost:8090/_framework/blazor.webassembly.js:0
[    7822ms] [ERROR] at Nori.LineFont.Get (string) [0x00082] in <d74c70f944404a48bd19ff5e27c91c79>:0 @ http://localhost:8090/_framework/blazor.webassembly.js:0
[    7822ms] [ERROR] at Nori.LineFont.Get (string) [0x00082] in <d74c70f944404a48bd19ff5e27c91c79>:0 @ http://localhost:8090/_framework/blazor.webassembly.js:0
[    7822ms] [ERROR] at Nori.LineFont.Get (string) [0x00082] in <d74c70f944404a48bd19ff5e27c91c79>:0 @ http://localhost:8090/_framework/blazor.webassembly.js:0
[    7822ms] [ERROR] at Nori.LineFont.Get (string) [0x00082] in <d74c70f944404a48bd19ff5e27c91c79>:0 @ http://localhost:8090/_framework/blazor.webassembly.js:0
[    7822ms] [ERROR] at Nori.LineFont.Get (string) [0x00082] in <d74c70f944404a48bd19ff5e27c91c79>:0 @ http://localhost:8090/_framework/blazor.webassembly.js:0
[    7823ms] [ERROR] at Nori.LineFont.Get (string) [0x00082] in <d74c70f944404a48bd19ff5e27c91c79>:0 @ http://localhost:8090/_framework/blazor.webassembly.js:0
[    7823ms] [ERROR] at Nori.LineFont.Get (string) [0x00082] in <d74c70f944404a48bd19ff5e27c91c79>:0 @ http://localhost:8090/_framework/blazor.webassembly.js:0
[    7823ms] [ERROR] at Nori.LineFont.Get (string) [0x00082] in <d74c70f944404a48bd19ff5e27c91c79>:0 @ http://localhost:8090/_framework/blazor.webassembly.js:0
[    7823ms] [ERROR] at Nori.LineFont.Get (string) [0x00082] in <d74c70f944404a48bd19ff5e27c91c79>:0 @ http://localhost:8090/_framework/blazor.webassembly.js:0
[    7823ms] [ERROR] at Nori.LineFont.Get (string) [0x00082] in <d74c70f944404a48bd19ff5e27c91c79>:0 @ http://localhost:8090/_framework/blazor.webassembly.js:0
[    7823ms] [ERROR] at Nori.LineFont.Get (string) [0x00082] in <d74c70f944404a48bd19ff5e27c91c79>:0 @ http://localhost:8090/_framework/blazor.webassembly.js:0
[    7823ms] [ERROR] at Nori.LineFont.Get (string) [0x00082] in <d74c70f944404a48bd19ff5e27c91c79>:0 @ http://localhost:8090/_framework/blazor.webassembly.js:0
[    7823ms] [ERROR] at Nori.LineFont.Get (string) [0x00082] in <d74c70f944404a48bd19ff5e27c91c79>:0 @ http://localhost:8090/_framework/blazor.webassembly.js:0
[    7823ms] [ERROR] at Nori.LineFont.Get (string) [0x00082] in <d74c70f944404a48bd19ff5e27c91c79>:0 @ http://localhost:8090/_framework/blazor.webassembly.js:0
[    7823ms] [ERROR] at Nori.LineFont.Get (string) [0x00082] in <d74c70f944404a48bd19ff5e27c91c79>:0 @ http://localhost:8090/_framework/blazor.webassembly.js:0
[    7823ms] [ERROR] at Nori.LineFont.Get (string) [0x00082] in <d74c70f944404a48bd19ff5e27c91c79>:0 @ http://localhost:8090/_framework/blazor.webassembly.js:0
[    7823ms] [ERROR] at Nori.LineFont.Get (string) [0x00082] in <d74c70f944404a48bd19ff5e27c91c79>:0 @ http://localhost:8090/_framework/blazor.webassembly.js:0
[    7823ms] [ERROR] at Nori.LineFont.Get (string) [0x00082] in <d74c70f944404a48bd19ff5e27c91c79>:0 @ http://localhost:8090/_framework/blazor.webassembly.js:0
[    7823ms] [ERROR] at Nori.LineFont.Get (string) [0x00082] in <d74c70f944404a48bd19ff5e27c91c79>:0 @ http://localhost:8090/_framework/blazor.webassembly.js:0
[    7823ms] [ERROR] at Nori.LineFont.Get (string) [0x00082] in <d74c70f944404a48bd19ff5e27c91c79>:0 @ http://localhost:8090/_framework/blazor.webassembly.js:0
[    7824ms] [ERROR] at Nori.LineFont.Get (string) [0x00082] in <d74c70f944404a48bd19ff5e27c91c79>:0 @ http://localhost:8090/_framework/blazor.webassembly.js:0
[    7824ms] [ERROR] at Nori.LineFont.Get (string) [0x00082] in <d74c70f944404a48bd19ff5e27c91c79>:0 @ http://localhost:8090/_framework/blazor.webassembly.js:0
[    7824ms] [ERROR] at Nori.LineFont.Get (string) [0x00082] in <d74c70f944404a48bd19ff5e27c91c79>:0 @ http://localhost:8090/_framework/blazor.webassembly.js:0
[    7824ms] [ERROR] at Nori.LineFont.Get (string) [0x00082] in <d74c70f944404a48bd19ff5e27c91c79>:0 @ http://localhost:8090/_framework/blazor.webassembly.js:0
[    7824ms] [ERROR] at Nori.LineFont.Get (string) [0x00082] in <d74c70f944404a48bd19ff5e27c91c79>:0 @ http://localhost:8090/_framework/blazor.webassembly.js:0
[    7824ms] [ERROR] at Nori.LineFont.Get (string) [0x00082] in <d74c70f944404a48bd19ff5e27c91c79>:0 @ http://localhost:8090/_framework/blazor.webassembly.js:0
[    7824ms] [ERROR] at Nori.LineFont.Get (string) [0x00082] in <d74c70f944404a48bd19ff5e27c91c79>:0 @ http://localhost:8090/_framework/blazor.webassembly.js:0
[    7824ms] [ERROR] at Nori.LineFont.Get (string) [0x00082] in <d74c70f944404a48bd19ff5e27c91c79>:0 @ http://localhost:8090/_framework/blazor.webassembly.js:0
[    7824ms] [ERROR] at Nori.LineFont.Get (string) [0x00082] in <d74c70f944404a48bd19ff5e27c91c79>:0 @ http://localhost:8090/_framework/blazor.webassembly.js:0
[    7824ms] [ERROR] at Nori.LineFont.Get (string) [0x00082] in <d74c70f944404a48bd19ff5e27c91c79>:0 @ http://localhost:8090/_framework/blazor.webassembly.js:0
[    7824ms] [ERROR] at Nori.LineFont.Get (string) [0x00082] in <d74c70f944404a48bd19ff5e27c91c79>:0 @ http://localhost:8090/_framework/blazor.webassembly.js:0
[    7824ms] [ERROR] at Nori.LineFont.Get (string) [0x00082] in <d74c70f944404a48bd19ff5e27c91c79>:0 @ http://localhost:8090/_framework/blazor.webassembly.js:0
[    7824ms] [ERROR] at Nori.LineFont.Get (string) [0x00082] in <d74c70f944404a48bd19ff5e27c91c79>:0 @ http://localhost:8090/_framework/blazor.webassembly.js:0
[    7824ms] [ERROR] at Nori.LineFont.Get (string) [0x00082] in <d74c70f944404a48bd19ff5e27c91c79>:0 @ http://localhost:8090/_framework/blazor.webassembly.js:0
[    7824ms] [ERROR] at Nori.LineFont.Get (string) [0x00082] in <d74c70f944404a48bd19ff5e27c91c79>:0 @ http://localhost:8090/_framework/blazor.webassembly.js:0
[    7824ms] [ERROR] at Nori.LineFont.Get (string) [0x00082] in <d74c70f944404a48bd19ff5e27c91c79>:0 @ http://localhost:8090/_framework/blazor.webassembly.js:0
[    7825ms] [ERROR] at Nori.LineFont.Get (string) [0x00082] in <d74c70f944404a48bd19ff5e27c91c79>:0 @ http://localhost:8090/_framework/blazor.webassembly.js:0
[    7825ms] [ERROR] at Nori.LineFont.Get (string) [0x00082] in <d74c70f944404a48bd19ff5e27c91c79>:0 @ http://localhost:8090/_framework/blazor.webassembly.js:0
[    7825ms] [ERROR] at Nori.LineFont.Get (string) [0x00082] in <d74c70f944404a48bd19ff5e27c91c79>:0 @ http://localhost:8090/_framework/blazor.webassembly.js:0
[    7825ms] [ERROR] at Nori.LineFont.Get (string) [0x00082] in <d74c70f944404a48bd19ff5e27c91c79>:0 @ http://localhost:8090/_framework/blazor.webassembly.js:0
[    7825ms] [ERROR] at Nori.LineFont.Get (string) [0x00082] in <d74c70f944404a48bd19ff5e27c91c79>:0 @ http://localhost:8090/_framework/blazor.webassembly.js:0
[    7825ms] [ERROR] at Nori.LineFont.Get (string) [0x00082] in <d74c70f944404a48bd19ff5e27c91c79>:0 @ http://localhost:8090/_framework/blazor.webassembly.js:0
[    7825ms] [ERROR] at Nori.LineFont.Get (string) [0x00082] in <d74c70f944404a48bd19ff5e27c91c79>:0 @ http://localhost:8090/_framework/blazor.webassembly.js:0
[    7825ms] [ERROR] at Nori.LineFont.Get (string) [0x00082] in <d74c70f944404a48bd19ff5e27c91c79>:0 @ http://localhost:8090/_framework/blazor.webassembly.js:0
[    7825ms] [ERROR] at Nori.LineFont.Get (string) [0x00082] in <d74c70f944404a48bd19ff5e27c91c79>:0 @ http://localhost:8090/_framework/blazor.webassembly.js:0
[    7825ms] [ERROR] at Nori.LineFont.Get (string) [0x00082] in <d74c70f944404a48bd19ff5e27c91c79>:0 @ http://localhost:8090/_framework/blazor.webassembly.js:0
[    7825ms] [ERROR] at Nori.LineFont.Get (string) [0x00082] in <d74c70f944404a48bd19ff5e27c91c79>:0 @ http://localhost:8090/_framework/blazor.webassembly.js:0
[    7825ms] [ERROR] at Nori.LineFont.Get (string) [0x00082] in <d74c70f944404a48bd19ff5e27c91c79>:0 @ http://localhost:8090/_framework/blazor.webassembly.js:0
[    7825ms] [ERROR] at Nori.LineFont.Get (string) [0x00082] in <d74c70f944404a48bd19ff5e27c91c79>:0 @ http://localhost:8090/_framework/blazor.webassembly.js:0
[    7825ms] [ERROR] at Nori.LineFont.Get (string) [0x00082] in <d74c70f944404a48bd19ff5e27c91c79>:0 @ http://localhost:8090/_framework/blazor.webassembly.js:0
[    7825ms] [ERROR] at Nori.LineFont.Get (string) [0x00082] in <d74c70f944404a48bd19ff5e27c91c79>:0 @ http://localhost:8090/_framework/blazor.webassembly.js:0
[    7826ms] [ERROR] at Nori.LineFont.Get (string) [0x00082] in <d74c70f944404a48bd19ff5e27c91c79>:0 @ http://localhost:8090/_framework/blazor.webassembly.js:0
[    7826ms] [ERROR] at Nori.LineFont.Get (string) [0x00082] in <d74c70f944404a48bd19ff5e27c91c79>:0 @ http://localhost:8090/_framework/blazor.webassembly.js:0
[    7826ms] [ERROR] at Nori.LineFont.Get (string) [0x00082] in <d74c70f944404a48bd19ff5e27c91c79>:0 @ http://localhost:8090/_framework/blazor.webassembly.js:0
[    7826ms] [ERROR] at Nori.LineFont.Get (string) [0x00082] in <d74c70f944404a48bd19ff5e27c91c79>:0 @ http://localhost:8090/_framework/blazor.webassembly.js:0
[    7826ms] [ERROR] at Nori.LineFont.Get (string) [0x00082] in <d74c70f944404a48bd19ff5e27c91c79>:0 @ http://localhost:8090/_framework/blazor.webassembly.js:0
[    7826ms] [ERROR] at Nori.LineFont.Get (string) [0x00082] in <d74c70f944404a48bd19ff5e27c91c79>:0 @ http://localhost:8090/_framework/blazor.webassembly.js:0
[    7826ms] [ERROR] at Nori.LineFont.Get (string) [0x00082] in <d74c70f944404a48bd19ff5e27c91c79>:0 @ http://localhost:8090/_framework/blazor.webassembly.js:0
[    7826ms] [ERROR] at Nori.LineFont.Get (string) [0x00082] in <d74c70f944404a48bd19ff5e27c91c79>:0 @ http://localhost:8090/_framework/blazor.webassembly.js:0
[    7826ms] [ERROR] at Nori.LineFont.Get (string) [0x00082] in <d74c70f944404a48bd19ff5e27c91c79>:0 @ http://localhost:8090/_framework/blazor.webassembly.js:0
[    7826ms] [ERROR] at Nori.LineFont.Get (string) [0x00082] in <d74c70f944404a48bd19ff5e27c91c79>:0 @ http://localhost:8090/_framework/blazor.webassembly.js:0
[    7826ms] [ERROR] at Nori.LineFont.Get (string) [0x00082] in <d74c70f944404a48bd19ff5e27c91c79>:0 @ http://localhost:8090/_framework/blazor.webassembly.js:0
[    7826ms] [ERROR] at Nori.LineFont.Get (string) [0x00082] in <d74c70f944404a48bd19ff5e27c91c79>:0 @ http://localhost:8090/_framework/blazor.webassembly.js:0
[    7826ms] [ERROR] at Nori.LineFont.Get (string) [0x00082] in <d74c70f944404a48bd19ff5e27c91c79>:0 @ http://localhost:8090/_framework/blazor.webassembly.js:0
[    7826ms] [ERROR] at Nori.LineFont.Get (string) [0x00082] in <d74c70f944404a48bd19ff5e27c91c79>:0 @ http://localhost:8090/_framework/blazor.webassembly.js:0
[    7826ms] [ERROR] at Nori.LineFont.Get (string) [0x00082] in <d74c70f944404a48bd19ff5e27c91c79>:0 @ http://localhost:8090/_framework/blazor.webassembly.js:0
[    7827ms] [ERROR] at Nori.LineFont.Get (string) [0x00082] in <d74c70f944404a48bd19ff5e27c91c79>:0 @ http://localhost:8090/_framework/blazor.webassembly.js:0
[    7827ms] [ERROR] at Nori.LineFont.Get (string) [0x00082] in <d74c70f944404a48bd19ff5e27c91c79>:0 @ http://localhost:8090/_framework/blazor.webassembly.js:0
[    7827ms] [ERROR] at Nori.LineFont.Get (string) [0x00082] in <d74c70f944404a48bd19ff5e27c91c79>:0 @ http://localhost:8090/_framework/blazor.webassembly.js:0
[    7827ms] [ERROR] at Nori.LineFont.Get (string) [0x00082] in <d74c70f944404a48bd19ff5e27c91c79>:0 @ http://localhost:8090/_framework/blazor.webassembly.js:0
[    7827ms] [ERROR] at Nori.LineFont.Get (string) [0x00082] in <d74c70f944404a48bd19ff5e27c91c79>:0 @ http://localhost:8090/_framework/blazor.webassembly.js:0
[    7827ms] [ERROR] at Nori.LineFont.Get (string) [0x00082] in <d74c70f944404a48bd19ff5e27c91c79>:0 @ http://localhost:8090/_framework/blazor.webassembly.js:0
[    7827ms] [ERROR] at Nori.LineFont.Get (string) [0x00082] in <d74c70f944404a48bd19ff5e27c91c79>:0 @ http://localhost:8090/_framework/blazor.webassembly.js:0
[    7827ms] [ERROR] at Nori.LineFont.Get (string) [0x00082] in <d74c70f944404a48bd19ff5e27c91c79>:0 @ http://localhost:8090/_framework/blazor.webassembly.js:0
[    7827ms] [ERROR] at Nori.LineFont.Get (string) [0x00082] in <d74c70f944404a48bd19ff5e27c91c79>:0 @ http://localhost:8090/_framework/blazor.webassembly.js:0
[    7827ms] [ERROR] at Nori.LineFont.Get (string) [0x00082] in <d74c70f944404a48bd19ff5e27c91c79>:0 @ http://localhost:8090/_framework/blazor.webassembly.js:0
[    7827ms] [ERROR] at Nori.LineFont.Get (string) [0x00082] in <d74c70f944404a48bd19ff5e27c91c79>:0 @ http://localhost:8090/_framework/blazor.webassembly.js:0
[    7827ms] [ERROR] at Nori.LineFont.Get (string) [0x00082] in <d74c70f944404a48bd19ff5e27c91c79>:0 @ http://localhost:8090/_framework/blazor.webassembly.js:0
[    7827ms] [ERROR] at Nori.LineFont.Get (string) [0x00082] in <d74c70f944404a48bd19ff5e27c91c79>:0 @ http://localhost:8090/_framework/blazor.webassembly.js:0
[    7827ms] [ERROR] at Nori.LineFont.Get (string) [0x00082] in <d74c70f944404a48bd19ff5e27c91c79>:0 @ http://localhost:8090/_framework/blazor.webassembly.js:0
[    7827ms] [ERROR] at Nori.LineFont.Get (string) [0x00082] in <d74c70f944404a48bd19ff5e27c91c79>:0 @ http://localhost:8090/_framework/blazor.webassembly.js:0
[    7827ms] [ERROR] at Nori.LineFont.Get (string) [0x00082] in <d74c70f944404a48bd19ff5e27c91c79>:0 @ http://localhost:8090/_framework/blazor.webassembly.js:0
[    7828ms] [ERROR] at Nori.LineFont.Get (string) [0x00082] in <d74c70f944404a48bd19ff5e27c91c79>:0 @ http://localhost:8090/_framework/blazor.webassembly.js:0
[    7828ms] [ERROR] at Nori.LineFont.Get (string) [0x00082] in <d74c70f944404a48bd19ff5e27c91c79>:0 @ http://localhost:8090/_framework/blazor.webassembly.js:0
[    7828ms] [ERROR] at Nori.LineFont.Get (string) [0x00082] in <d74c70f944404a48bd19ff5e27c91c79>:0 @ http://localhost:8090/_framework/blazor.webassembly.js:0
[    7828ms] [ERROR] at Nori.LineFont.Get (string) [0x00082] in <d74c70f944404a48bd19ff5e27c91c79>:0 @ http://localhost:8090/_framework/blazor.webassembly.js:0
[    7828ms] [ERROR] at Nori.LineFont.Get (string) [0x00082] in <d74c70f944404a48bd19ff5e27c91c79>:0 @ http://localhost:8090/_framework/blazor.webassembly.js:0
[    7828ms] [ERROR] at Nori.LineFont.Get (string) [0x00082] in <d74c70f944404a48bd19ff5e27c91c79>:0 @ http://localhost:8090/_framework/blazor.webassembly.js:0
[    7828ms] [ERROR] at Nori.LineFont.Get (string) [0x00082] in <d74c70f944404a48bd19ff5e27c91c79>:0 @ http://localhost:8090/_framework/blazor.webassembly.js:0
[    7828ms] [ERROR] at Nori.LineFont.Get (string) [0x00082] in <d74c70f944404a48bd19ff5e27c91c79>:0 @ http://localhost:8090/_framework/blazor.webassembly.js:0
[    7828ms] [ERROR] at Nori.LineFont.Get (string) [0x00082] in <d74c70f944404a48bd19ff5e27c91c79>:0 @ http://localhost:8090/_framework/blazor.webassembly.js:0
[    7828ms] [ERROR] at Nori.LineFont.Get (string) [0x00082] in <d74c70f944404a48bd19ff5e27c91c79>:0 @ http://localhost:8090/_framework/blazor.webassembly.js:0
[    7828ms] [ERROR] at Nori.LineFont.Get (string) [0x00082] in <d74c70f944404a48bd19ff5e27c91c79>:0 @ http://localhost:8090/_framework/blazor.webassembly.js:0
[    7828ms] [ERROR] at Nori.LineFont.Get (string) [0x00082] in <d74c70f944404a48bd19ff5e27c91c79>:0 @ http://localhost:8090/_framework/blazor.webassembly.js:0
[    7828ms] [ERROR] at Nori.LineFont.Get (string) [0x00082] in <d74c70f944404a48bd19ff5e27c91c79>:0 @ http://localhost:8090/_framework/blazor.webassembly.js:0
[    7828ms] [ERROR] at Nori.LineFont.Get (string) [0x00082] in <d74c70f944404a48bd19ff5e27c91c79>:0 @ http://localhost:8090/_framework/blazor.webassembly.js:0
[    7828ms] [ERROR] at Nori.LineFont.Get (string) [0x00082] in <d74c70f944404a48bd19ff5e27c91c79>:0 @ http://localhost:8090/_framework/blazor.webassembly.js:0
[    7829ms] [ERROR] at Nori.LineFont.Get (string) [0x00082] in <d74c70f944404a48bd19ff5e27c91c79>:0 @ http://localhost:8090/_framework/blazor.webassembly.js:0
[    7829ms] [ERROR] at Nori.LineFont.Get (string) [0x00082] in <d74c70f944404a48bd19ff5e27c91c79>:0 @ http://localhost:8090/_framework/blazor.webassembly.js:0
[    7829ms] [ERROR] at Nori.LineFont.Get (string) [0x00082] in <d74c70f944404a48bd19ff5e27c91c79>:0 @ http://localhost:8090/_framework/blazor.webassembly.js:0
[    7829ms] [ERROR] at Nori.LineFont.Get (string) [0x00082] in <d74c70f944404a48bd19ff5e27c91c79>:0 @ http://localhost:8090/_framework/blazor.webassembly.js:0
[    7829ms] [ERROR] at Nori.LineFont.Get (string) [0x00082] in <d74c70f944404a48bd19ff5e27c91c79>:0 @ http://localhost:8090/_framework/blazor.webassembly.js:0
[    7829ms] [ERROR] at Nori.LineFont.Get (string) [0x00082] in <d74c70f944404a48bd19ff5e27c91c79>:0 @ http://localhost:8090/_framework/blazor.webassembly.js:0
[    7829ms] [ERROR] at Nori.LineFont.Get (string) [0x00082] in <d74c70f944404a48bd19ff5e27c91c79>:0 @ http://localhost:8090/_framework/blazor.webassembly.js:0
[    7829ms] [ERROR] at Nori.LineFont.Get (string) [0x00082] in <d74c70f944404a48bd19ff5e27c91c79>:0 @ http://localhost:8090/_framework/blazor.webassembly.js:0
[    7829ms] [ERROR] at Nori.LineFont.Get (string) [0x00082] in <d74c70f944404a48bd19ff5e27c91c79>:0 @ http://localhost:8090/_framework/blazor.webassembly.js:0
[    7829ms] [ERROR] at Nori.LineFont.Get (string) [0x00082] in <d74c70f944404a48bd19ff5e27c91c79>:0 @ http://localhost:8090/_framework/blazor.webassembly.js:0
[    7829ms] [ERROR] at Nori.LineFont.Get (string) [0x00082] in <d74c70f944404a48bd19ff5e27c91c79>:0 @ http://localhost:8090/_framework/blazor.webassembly.js:0
[    7829ms] [ERROR] at Nori.LineFont.Get (string) [0x00082] in <d74c70f944404a48bd19ff5e27c91c79>:0 @ http://localhost:8090/_framework/blazor.webassembly.js:0
[    7829ms] [ERROR] at Nori.LineFont.Get (string) [0x00082] in <d74c70f944404a48bd19ff5e27c91c79>:0 @ http://localhost:8090/_framework/blazor.webassembly.js:0
[    7829ms] [ERROR] at Nori.LineFont.Get (string) [0x00082] in <d74c70f944404a48bd19ff5e27c91c79>:0 @ http://localhost:8090/_framework/blazor.webassembly.js:0
[    7829ms] [ERROR] at Nori.LineFont.Get (string) [0x00082] in <d74c70f944404a48bd19ff5e27c91c79>:0 @ http://localhost:8090/_framework/blazor.webassembly.js:0
[    7829ms] [ERROR] at Nori.LineFont.Get (string) [0x00082] in <d74c70f944404a48bd19ff5e27c91c79>:0 @ http://localhost:8090/_framework/blazor.webassembly.js:0
[    7830ms] [ERROR] at Nori.LineFont.Get (string) [0x00082] in <d74c70f944404a48bd19ff5e27c91c79>:0 @ http://localhost:8090/_framework/blazor.webassembly.js:0
[    7830ms] [ERROR] at Nori.LineFont.Get (string) [0x00082] in <d74c70f944404a48bd19ff5e27c91c79>:0 @ http://localhost:8090/_framework/blazor.webassembly.js:0
[    7830ms] [ERROR] at Nori.LineFont.Get (string) [0x00082] in <d74c70f944404a48bd19ff5e27c91c79>:0 @ http://localhost:8090/_framework/blazor.webassembly.js:0
[    7830ms] [ERROR] at Nori.LineFont.Get (string) [0x00082] in <d74c70f944404a48bd19ff5e27c91c79>:0 @ http://localhost:8090/_framework/blazor.webassembly.js:0
[    7830ms] [ERROR] at Nori.LineFont.Get (string) [0x00082] in <d74c70f944404a48bd19ff5e27c91c79>:0 @ http://localhost:8090/_framework/blazor.webassembly.js:0
[    7830ms] [ERROR] at Nori.LineFont.Get (string) [0x00082] in <d74c70f944404a48bd19ff5e27c91c79>:0 @ http://localhost:8090/_framework/blazor.webassembly.js:0
[    7830ms] [ERROR] at Nori.LineFont.Get (string) [0x00082] in <d74c70f944404a48bd19ff5e27c91c79>:0 @ http://localhost:8090/_framework/blazor.webassembly.js:0
[    7830ms] [ERROR] at Nori.LineFont.Get (string) [0x00082] in <d74c70f944404a48bd19ff5e27c91c79>:0 @ http://localhost:8090/_framework/blazor.webassembly.js:0
[    7830ms] [ERROR] at Nori.LineFont.Get (string) [0x00082] in <d74c70f944404a48bd19ff5e27c91c79>:0 @ http://localhost:8090/_framework/blazor.webassembly.js:0
[    7830ms] [ERROR] at Nori.LineFont.Get (string) [0x00082] in <d74c70f944404a48bd19ff5e27c91c79>:0 @ http://localhost:8090/_framework/blazor.webassembly.js:0
[    7830ms] [ERROR] at Nori.LineFont.Get (string) [0x00082] in <d74c70f944404a48bd19ff5e27c91c79>:0 @ http://localhost:8090/_framework/blazor.webassembly.js:0
[    7830ms] [ERROR] at Nori.LineFont.Get (string) [0x00082] in <d74c70f944404a48bd19ff5e27c91c79>:0 @ http://localhost:8090/_framework/blazor.webassembly.js:0
[    7830ms] [ERROR] at Nori.LineFont.Get (string) [0x00082] in <d74c70f944404a48bd19ff5e27c91c79>:0 @ http://localhost:8090/_framework/blazor.webassembly.js:0
[    7831ms] [ERROR] at Nori.LineFont.Get (string) [0x00082] in <d74c70f944404a48bd19ff5e27c91c79>:0 @ http://localhost:8090/_framework/blazor.webassembly.js:0
[    7831ms] [ERROR] at Nori.LineFont.Get (string) [0x00082] in <d74c70f944404a48bd19ff5e27c91c79>:0 @ http://localhost:8090/_framework/blazor.webassembly.js:0
[    7831ms] [ERROR] at Nori.LineFont.Get (string) [0x00082] in <d74c70f944404a48bd19ff5e27c91c79>:0 @ http://localhost:8090/_framework/blazor.webassembly.js:0
[    7831ms] [ERROR] at Nori.LineFont.Get (string) [0x00082] in <d74c70f944404a48bd19ff5e27c91c79>:0 @ http://localhost:8090/_framework/blazor.webassembly.js:0
[    7831ms] [ERROR] at Nori.LineFont.Get (string) [0x00082] in <d74c70f944404a48bd19ff5e27c91c79>:0 @ http://localhost:8090/_framework/blazor.webassembly.js:0
[    7831ms] [ERROR] at Nori.LineFont.Get (string) [0x00082] in <d74c70f944404a48bd19ff5e27c91c79>:0 @ http://localhost:8090/_framework/blazor.webassembly.js:0
[    7831ms] [ERROR] at Nori.LineFont.Get (string) [0x00082] in <d74c70f944404a48bd19ff5e27c91c79>:0 @ http://localhost:8090/_framework/blazor.webassembly.js:0
[    7831ms] [ERROR] at Nori.LineFont.Get (string) [0x00082] in <d74c70f944404a48bd19ff5e27c91c79>:0 @ http://localhost:8090/_framework/blazor.webassembly.js:0
[    7831ms] [ERROR] at Nori.LineFont.Get (string) [0x00082] in <d74c70f944404a48bd19ff5e27c91c79>:0 @ http://localhost:8090/_framework/blazor.webassembly.js:0
[    7831ms] [ERROR] at Nori.LineFont.Get (string) [0x00082] in <d74c70f944404a48bd19ff5e27c91c79>:0 @ http://localhost:8090/_framework/blazor.webassembly.js:0
[    7831ms] [ERROR] at Nori.LineFont.Get (string) [0x00082] in <d74c70f944404a48bd19ff5e27c91c79>:0 @ http://localhost:8090/_framework/blazor.webassembly.js:0
[    7831ms] [ERROR] at Nori.LineFont.Get (string) [0x00082] in <d74c70f944404a48bd19ff5e27c91c79>:0 @ http://localhost:8090/_framework/blazor.webassembly.js:0
[    7831ms] [ERROR] at Nori.LineFont.Get (string) [0x00082] in <d74c70f944404a48bd19ff5e27c91c79>:0 @ http://localhost:8090/_framework/blazor.webassembly.js:0
[    7831ms] [ERROR] at Nori.LineFont.Get (string) [0x00082] in <d74c70f944404a48bd19ff5e27c91c79>:0 @ http://localhost:8090/_framework/blazor.webassembly.js:0
[    7831ms] [ERROR] at Nori.LineFont.Get (string) [0x00082] in <d74c70f944404a48bd19ff5e27c91c79>:0 @ http://localhost:8090/_framework/blazor.webassembly.js:0
[    7832ms] [ERROR] at Nori.LineFont.Get (string) [0x00082] in <d74c70f944404a48bd19ff5e27c91c79>:0 @ http://localhost:8090/_framework/blazor.webassembly.js:0
[    7832ms] [ERROR] at Nori.LineFont.Get (string) [0x00082] in <d74c70f944404a48bd19ff5e27c91c79>:0 @ http://localhost:8090/_framework/blazor.webassembly.js:0
[    7832ms] [ERROR] at Nori.LineFont.Get (string) [0x00082] in <d74c70f944404a48bd19ff5e27c91c79>:0 @ http://localhost:8090/_framework/blazor.webassembly.js:0
[    7832ms] [ERROR] at Nori.LineFont.Get (string) [0x00082] in <d74c70f944404a48bd19ff5e27c91c79>:0 @ http://localhost:8090/_framework/blazor.webassembly.js:0
[    7832ms] [ERROR] at Nori.LineFont.Get (string) [0x00082] in <d74c70f944404a48bd19ff5e27c91c79>:0 @ http://localhost:8090/_framework/blazor.webassembly.js:0
[    7832ms] [ERROR] at Nori.LineFont.Get (string) [0x00082] in <d74c70f944404a48bd19ff5e27c91c79>:0 @ http://localhost:8090/_framework/blazor.webassembly.js:0
[    7832ms] [ERROR] at Nori.LineFont.Get (string) [0x00082] in <d74c70f944404a48bd19ff5e27c91c79>:0 @ http://localhost:8090/_framework/blazor.webassembly.js:0
[    7832ms] [ERROR] at Nori.LineFont.Get (string) [0x00082] in <d74c70f944404a48bd19ff5e27c91c79>:0 @ http://localhost:8090/_framework/blazor.webassembly.js:0
[    7832ms] [ERROR] at Nori.LineFont.Get (string) [0x00082] in <d74c70f944404a48bd19ff5e27c91c79>:0 @ http://localhost:8090/_framework/blazor.webassembly.js:0
[    7832ms] [ERROR] at Nori.LineFont.Get (string) [0x00082] in <d74c70f944404a48bd19ff5e27c91c79>:0 @ http://localhost:8090/_framework/blazor.webassembly.js:0
[    7832ms] [ERROR] at Nori.LineFont.Get (string) [0x00082] in <d74c70f944404a48bd19ff5e27c91c79>:0 @ http://localhost:8090/_framework/blazor.webassembly.js:0
[    7832ms] [ERROR] at Nori.LineFont.Get (string) [0x00082] in <d74c70f944404a48bd19ff5e27c91c79>:0 @ http://localhost:8090/_framework/blazor.webassembly.js:0
[    7832ms] [ERROR] at Nori.LineFont.Get (string) [0x00082] in <d74c70f944404a48bd19ff5e27c91c79>:0 @ http://localhost:8090/_framework/blazor.webassembly.js:0
[    7832ms] [ERROR] at Nori.LineFont.Get (string) [0x00082] in <d74c70f944404a48bd19ff5e27c91c79>:0 @ http://localhost:8090/_framework/blazor.webassembly.js:0
[    7832ms] [ERROR] at Nori.LineFont.Get (string) [0x00082] in <d74c70f944404a48bd19ff5e27c91c79>:0 @ http://localhost:8090/_framework/blazor.webassembly.js:0
[    7832ms] [ERROR] at Nori.LineFont.Get (string) [0x00082] in <d74c70f944404a48bd19ff5e27c91c79>:0 @ http://localhost:8090/_framework/blazor.webassembly.js:0
[    7833ms] [ERROR] at Nori.LineFont.Get (string) [0x00082] in <d74c70f944404a48bd19ff5e27c91c79>:0 @ http://localhost:8090/_framework/blazor.webassembly.js:0
[    7833ms] [ERROR] at Nori.LineFont.Get (string) [0x00082] in <d74c70f944404a48bd19ff5e27c91c79>:0 @ http://localhost:8090/_framework/blazor.webassembly.js:0
[    7833ms] [ERROR] at Nori.LineFont.Get (string) [0x00082] in <d74c70f944404a48bd19ff5e27c91c79>:0 @ http://localhost:8090/_framework/blazor.webassembly.js:0
[    7833ms] [ERROR] at Nori.LineFont.Get (string) [0x00082] in <d74c70f944404a48bd19ff5e27c91c79>:0 @ http://localhost:8090/_framework/blazor.webassembly.js:0
[    7833ms] [ERROR] at Nori.LineFont.Get (string) [0x00082] in <d74c70f944404a48bd19ff5e27c91c79>:0 @ http://localhost:8090/_framework/blazor.webassembly.js:0
[    7833ms] [ERROR] at Nori.LineFont.Get (string) [0x00082] in <d74c70f944404a48bd19ff5e27c91c79>:0 @ http://localhost:8090/_framework/blazor.webassembly.js:0
[    7833ms] [ERROR] at Nori.LineFont.Get (string) [0x00082] in <d74c70f944404a48bd19ff5e27c91c79>:0 @ http://localhost:8090/_framework/blazor.webassembly.js:0
[    7833ms] [ERROR] at Nori.LineFont.Get (string) [0x00082] in <d74c70f944404a48bd19ff5e27c91c79>:0 @ http://localhost:8090/_framework/blazor.webassembly.js:0
[    7833ms] [ERROR] at Nori.LineFont.Get (string) [0x00082] in <d74c70f944404a48bd19ff5e27c91c79>:0 @ http://localhost:8090/_framework/blazor.webassembly.js:0
[    7833ms] [ERROR] at Nori.LineFont.Get (string) [0x00082] in <d74c70f944404a48bd19ff5e27c91c79>:0 @ http://localhost:8090/_framework/blazor.webassembly.js:0
[    7833ms] [ERROR] at Nori.LineFont.Get (string) [0x00082] in <d74c70f944404a48bd19ff5e27c91c79>:0 @ http://localhost:8090/_framework/blazor.webassembly.js:0
[    7833ms] [ERROR] at Nori.LineFont.Get (string) [0x00082] in <d74c70f944404a48bd19ff5e27c91c79>:0 @ http://localhost:8090/_framework/blazor.webassembly.js:0
[    7833ms] [ERROR] at Nori.LineFont.Get (string) [0x00082] in <d74c70f944404a48bd19ff5e27c91c79>:0 @ http://localhost:8090/_framework/blazor.webassembly.js:0
[    7833ms] [ERROR] at Nori.LineFont.Get (string) [0x00082] in <d74c70f944404a48bd19ff5e27c91c79>:0 @ http://localhost:8090/_framework/blazor.webassembly.js:0
[    7833ms] [ERROR] at Nori.LineFont.Get (string) [0x00082] in <d74c70f944404a48bd19ff5e27c91c79>:0 @ http://localhost:8090/_framework/blazor.webassembly.js:0
[    7833ms] [ERROR] at Nori.LineFont.Get (string) [0x00082] in <d74c70f944404a48bd19ff5e27c91c79>:0 @ http://localhost:8090/_framework/blazor.webassembly.js:0
[    7834ms] [ERROR] at Nori.LineFont.Get (string) [0x00082] in <d74c70f944404a48bd19ff5e27c91c79>:0 @ http://localhost:8090/_framework/blazor.webassembly.js:0
[    7834ms] [ERROR] at Nori.LineFont.Get (string) [0x00082] in <d74c70f944404a48bd19ff5e27c91c79>:0 @ http://localhost:8090/_framework/blazor.webassembly.js:0
[    7834ms] [ERROR] at Nori.LineFont.Get (string) [0x00082] in <d74c70f944404a48bd19ff5e27c91c79>:0 @ http://localhost:8090/_framework/blazor.webassembly.js:0
[    7834ms] [ERROR] at Nori.LineFont.Get (string) [0x00082] in <d74c70f944404a48bd19ff5e27c91c79>:0 @ http://localhost:8090/_framework/blazor.webassembly.js:0
[    7834ms] [ERROR] at Nori.LineFont.Get (string) [0x00082] in <d74c70f944404a48bd19ff5e27c91c79>:0 @ http://localhost:8090/_framework/blazor.webassembly.js:0
[    7834ms] [ERROR] at Nori.LineFont.Get (string) [0x00082] in <d74c70f944404a48bd19ff5e27c91c79>:0 @ http://localhost:8090/_framework/blazor.webassembly.js:0
[    7834ms] [ERROR] at Nori.LineFont.Get (string) [0x00082] in <d74c70f944404a48bd19ff5e27c91c79>:0 @ http://localhost:8090/_framework/blazor.webassembly.js:0
[    7834ms] [ERROR] at Nori.LineFont.Get (string) [0x00082] in <d74c70f944404a48bd19ff5e27c91c79>:0 @ http://localhost:8090/_framework/blazor.webassembly.js:0
[    7834ms] [ERROR] at Nori.LineFont.Get (string) [0x00082] in <d74c70f944404a48bd19ff5e27c91c79>:0 @ http://localhost:8090/_framework/blazor.webassembly.js:0
[    7834ms] [ERROR] at Nori.LineFont.Get (string) [0x00082] in <d74c70f944404a48bd19ff5e27c91c79>:0 @ http://localhost:8090/_framework/blazor.webassembly.js:0
[    7834ms] [ERROR] at Nori.LineFont.Get (string) [0x00082] in <d74c70f944404a48bd19ff5e27c91c79>:0 @ http://localhost:8090/_framework/blazor.webassembly.js:0
[    7834ms] [ERROR] at Nori.LineFont.Get (string) [0x00082] in <d74c70f944404a48bd19ff5e27c91c79>:0 @ http://localhost:8090/_framework/blazor.webassembly.js:0
[    7834ms] [ERROR] at Nori.LineFont.Get (string) [0x00082] in <d74c70f944404a48bd19ff5e27c91c79>:0 @ http://localhost:8090/_framework/blazor.webassembly.js:0
[    7834ms] [ERROR] at Nori.LineFont.Get (string) [0x00082] in <d74c70f944404a48bd19ff5e27c91c79>:0 @ http://localhost:8090/_framework/blazor.webassembly.js:0
[    7834ms] [ERROR] at Nori.LineFont.Get (string) [0x00082] in <d74c70f944404a48bd19ff5e27c91c79>:0 @ http://localhost:8090/_framework/blazor.webassembly.js:0
[    7834ms] [ERROR] at Nori.LineFont.Get (string) [0x00082] in <d74c70f944404a48bd19ff5e27c91c79>:0 @ http://localhost:8090/_framework/blazor.webassembly.js:0
[    7834ms] [ERROR] at Nori.LineFont.Get (string) [0x00082] in <d74c70f944404a48bd19ff5e27c91c79>:0 @ http://localhost:8090/_framework/blazor.webassembly.js:0
[    7835ms] [ERROR] at Nori.LineFont.Get (string) [0x00082] in <d74c70f944404a48bd19ff5e27c91c79>:0 @ http://localhost:8090/_framework/blazor.webassembly.js:0
[    7835ms] [ERROR] at Nori.LineFont.Get (string) [0x00082] in <d74c70f944404a48bd19ff5e27c91c79>:0 @ http://localhost:8090/_framework/blazor.webassembly.js:0
[    7835ms] [ERROR] at Nori.LineFont.Get (string) [0x00082] in <d74c70f944404a48bd19ff5e27c91c79>:0 @ http://localhost:8090/_framework/blazor.webassembly.js:0
[    7835ms] [ERROR] at Nori.LineFont.Get (string) [0x00082] in <d74c70f944404a48bd19ff5e27c91c79>:0 @ http://localhost:8090/_framework/blazor.webassembly.js:0
[    7835ms] [ERROR] at Nori.LineFont.Get (string) [0x00082] in <d74c70f944404a48bd19ff5e27c91c79>:0 @ http://localhost:8090/_framework/blazor.webassembly.js:0
[    7835ms] [ERROR] at Nori.LineFont.Get (string) [0x00082] in <d74c70f944404a48bd19ff5e27c91c79>:0 @ http://localhost:8090/_framework/blazor.webassembly.js:0
[    7835ms] [ERROR] at Nori.LineFont.Get (string) [0x00082] in <d74c70f944404a48bd19ff5e27c91c79>:0 @ http://localhost:8090/_framework/blazor.webassembly.js:0
[    7835ms] [ERROR] at Nori.LineFont.Get (string) [0x00082] in <d74c70f944404a48bd19ff5e27c91c79>:0 @ http://localhost:8090/_framework/blazor.webassembly.js:0
[    7835ms] [ERROR] at Nori.LineFont.Get (string) [0x00082] in <d74c70f944404a48bd19ff5e27c91c79>:0 @ http://localhost:8090/_framework/blazor.webassembly.js:0
[    7835ms] [ERROR] at Nori.LineFont.Get (string) [0x00082] in <d74c70f944404a48bd19ff5e27c91c79>:0 @ http://localhost:8090/_framework/blazor.webassembly.js:0
[    7835ms] [ERROR] at Nori.LineFont.Get (string) [0x00082] in <d74c70f944404a48bd19ff5e27c91c79>:0 @ http://localhost:8090/_framework/blazor.webassembly.js:0
[    7835ms] [ERROR] at Nori.LineFont.Get (string) [0x00082] in <d74c70f944404a48bd19ff5e27c91c79>:0 @ http://localhost:8090/_framework/blazor.webassembly.js:0
[    7835ms] [ERROR] at Nori.LineFont.Get (string) [0x00082] in <d74c70f944404a48bd19ff5e27c91c79>:0 @ http://localhost:8090/_framework/blazor.webassembly.js:0
[    7835ms] [ERROR] at Nori.LineFont.Get (string) [0x00082] in <d74c70f944404a48bd19ff5e27c91c79>:0 @ http://localhost:8090/_framework/blazor.webassembly.js:0
[    7835ms] [ERROR] at Nori.LineFont.Get (string) [0x00082] in <d74c70f944404a48bd19ff5e27c91c79>:0 @ http://localhost:8090/_framework/blazor.webassembly.js:0
[    7835ms] [ERROR] at Nori.LineFont.Get (string) [0x00082] in <d74c70f944404a48bd19ff5e27c91c79>:0 @ http://localhost:8090/_framework/blazor.webassembly.js:0
[    7836ms] [ERROR] at Nori.LineFont.Get (string) [0x00082] in <d74c70f944404a48bd19ff5e27c91c79>:0 @ http://localhost:8090/_framework/blazor.webassembly.js:0
[    7836ms] [ERROR] at Nori.LineFont.Get (string) [0x00082] in <d74c70f944404a48bd19ff5e27c91c79>:0 @ http://localhost:8090/_framework/blazor.webassembly.js:0
[    7836ms] [ERROR] at Nori.LineFont.Get (string) [0x00082] in <d74c70f944404a48bd19ff5e27c91c79>:0 @ http://localhost:8090/_framework/blazor.webassembly.js:0
[    7836ms] [ERROR] at Nori.LineFont.Get (string) [0x00082] in <d74c70f944404a48bd19ff5e27c91c79>:0 @ http://localhost:8090/_framework/blazor.webassembly.js:0
[    7836ms] [ERROR] at Nori.LineFont.Get (string) [0x00082] in <d74c70f944404a48bd19ff5e27c91c79>:0 @ http://localhost:8090/_framework/blazor.webassembly.js:0
[    7836ms] [ERROR] at Nori.LineFont.Get (string) [0x00082] in <d74c70f944404a48bd19ff5e27c91c79>:0 @ http://localhost:8090/_framework/blazor.webassembly.js:0
[    7836ms] [ERROR] at Nori.LineFont.Get (string) [0x00082] in <d74c70f944404a48bd19ff5e27c91c79>:0 @ http://localhost:8090/_framework/blazor.webassembly.js:0
[    7836ms] [ERROR] at Nori.LineFont.Get (string) [0x00082] in <d74c70f944404a48bd19ff5e27c91c79>:0 @ http://localhost:8090/_framework/blazor.webassembly.js:0
[    7836ms] [ERROR] at Nori.LineFont.Get (string) [0x00082] in <d74c70f944404a48bd19ff5e27c91c79>:0 @ http://localhost:8090/_framework/blazor.webassembly.js:0
[    7836ms] [ERROR] at Nori.LineFont.Get (string) [0x00082] in <d74c70f944404a48bd19ff5e27c91c79>:0 @ http://localhost:8090/_framework/blazor.webassembly.js:0
[    7836ms] [ERROR] at Nori.LineFont.Get (string) [0x00082] in <d74c70f944404a48bd19ff5e27c91c79>:0 @ http://localhost:8090/_framework/blazor.webassembly.js:0
[    7836ms] [ERROR] at Nori.LineFont.Get (string) [0x00082] in <d74c70f944404a48bd19ff5e27c91c79>:0 @ http://localhost:8090/_framework/blazor.webassembly.js:0
[    7836ms] [ERROR] at Nori.LineFont.Get (string) [0x00082] in <d74c70f944404a48bd19ff5e27c91c79>:0 @ http://localhost:8090/_framework/blazor.webassembly.js:0
[    7837ms] [ERROR] at Nori.LineFont.Get (string) [0x00082] in <d74c70f944404a48bd19ff5e27c91c79>:0 @ http://localhost:8090/_framework/blazor.webassembly.js:0
[    7837ms] [ERROR] at Nori.LineFont.Get (string) [0x00082] in <d74c70f944404a48bd19ff5e27c91c79>:0 @ http://localhost:8090/_framework/blazor.webassembly.js:0
[    7837ms] [ERROR] at Nori.LineFont.Get (string) [0x00082] in <d74c70f944404a48bd19ff5e27c91c79>:0 @ http://localhost:8090/_framework/blazor.webassembly.js:0
[    7837ms] [ERROR] at Nori.LineFont.Get (string) [0x00082] in <d74c70f944404a48bd19ff5e27c91c79>:0 @ http://localhost:8090/_framework/blazor.webassembly.js:0
[    7837ms] [ERROR] at Nori.LineFont.Get (string) [0x00082] in <d74c70f944404a48bd19ff5e27c91c79>:0 @ http://localhost:8090/_framework/blazor.webassembly.js:0
[    7837ms] [ERROR] at Nori.LineFont.Get (string) [0x00082] in <d74c70f944404a48bd19ff5e27c91c79>:0 @ http://localhost:8090/_framework/blazor.webassembly.js:0
[    7837ms] [ERROR] at Nori.LineFont.Get (string) [0x00082] in <d74c70f944404a48bd19ff5e27c91c79>:0 @ http://localhost:8090/_framework/blazor.webassembly.js:0
[    7837ms] [ERROR] at Nori.LineFont.Get (string) [0x00082] in <d74c70f944404a48bd19ff5e27c91c79>:0 @ http://localhost:8090/_framework/blazor.webassembly.js:0
[    7837ms] [ERROR] at Nori.LineFont.Get (string) [0x00082] in <d74c70f944404a48bd19ff5e27c91c79>:0 @ http://localhost:8090/_framework/blazor.webassembly.js:0
[    7837ms] [ERROR] at Nori.LineFont.Get (string) [0x00082] in <d74c70f944404a48bd19ff5e27c91c79>:0 @ http://localhost:8090/_framework/blazor.webassembly.js:0
[    7837ms] [ERROR] at Nori.LineFont.Get (string) [0x00082] in <d74c70f944404a48bd19ff5e27c91c79>:0 @ http://localhost:8090/_framework/blazor.webassembly.js:0
[    7837ms] [ERROR] at Nori.LineFont.Get (string) [0x00082] in <d74c70f944404a48bd19ff5e27c91c79>:0 @ http://localhost:8090/_framework/blazor.webassembly.js:0
[    7837ms] [ERROR] at Nori.LineFont.Get (string) [0x00082] in <d74c70f944404a48bd19ff5e27c91c79>:0 @ http://localhost:8090/_framework/blazor.webassembly.js:0
[    7837ms] [ERROR] at Nori.LineFont.Get (string) [0x00082] in <d74c70f944404a48bd19ff5e27c91c79>:0 @ http://localhost:8090/_framework/blazor.webassembly.js:0
[    7837ms] [ERROR] at Nori.LineFont.Get (string) [0x00082] in <d74c70f944404a48bd19ff5e27c91c79>:0 @ http://localhost:8090/_framework/blazor.webassembly.js:0
[    7838ms] [ERROR] at Nori.LineFont.Get (string) [0x00082] in <d74c70f944404a48bd19ff5e27c91c79>:0 @ http://localhost:8090/_framework/blazor.webassembly.js:0
[    7838ms] [ERROR] at Nori.LineFont.Get (string) [0x00082] in <d74c70f944404a48bd19ff5e27c91c79>:0 @ http://localhost:8090/_framework/blazor.webassembly.js:0
[    7838ms] [ERROR] at Nori.LineFont.Get (string) [0x00082] in <d74c70f944404a48bd19ff5e27c91c79>:0 @ http://localhost:8090/_framework/blazor.webassembly.js:0
[    7838ms] [ERROR] at Nori.LineFont.Get (string) [0x00082] in <d74c70f944404a48bd19ff5e27c91c79>:0 @ http://localhost:8090/_framework/blazor.webassembly.js:0
[    7838ms] [ERROR] at Nori.LineFont.Get (string) [0x00082] in <d74c70f944404a48bd19ff5e27c91c79>:0 @ http://localhost:8090/_framework/blazor.webassembly.js:0
[    7838ms] [ERROR] at Nori.LineFont.Get (string) [0x00082] in <d74c70f944404a48bd19ff5e27c91c79>:0 @ http://localhost:8090/_framework/blazor.webassembly.js:0
[    7838ms] [ERROR] at Nori.LineFont.Get (string) [0x00082] in <d74c70f944404a48bd19ff5e27c91c79>:0 @ http://localhost:8090/_framework/blazor.webassembly.js:0
[    7838ms] [ERROR] at Nori.LineFont.Get (string) [0x00082] in <d74c70f944404a48bd19ff5e27c91c79>:0 @ http://localhost:8090/_framework/blazor.webassembly.js:0
[    7838ms] [ERROR] at Nori.LineFont.Get (string) [0x00082] in <d74c70f944404a48bd19ff5e27c91c79>:0 @ http://localhost:8090/_framework/blazor.webassembly.js:0
[    7838ms] [ERROR] at Nori.LineFont.Get (string) [0x00082] in <d74c70f944404a48bd19ff5e27c91c79>:0 @ http://localhost:8090/_framework/blazor.webassembly.js:0
[    7838ms] [ERROR] at Nori.LineFont.Get (string) [0x00082] in <d74c70f944404a48bd19ff5e27c91c79>:0 @ http://localhost:8090/_framework/blazor.webassembly.js:0
[    7839ms] [ERROR] at Nori.LineFont.Get (string) [0x00082] in <d74c70f944404a48bd19ff5e27c91c79>:0 @ http://localhost:8090/_framework/blazor.webassembly.js:0
[    7839ms] [ERROR] at Nori.LineFont.Get (string) [0x00082] in <d74c70f944404a48bd19ff5e27c91c79>:0 @ http://localhost:8090/_framework/blazor.webassembly.js:0
[    7839ms] [ERROR] at Nori.LineFont.Get (string) [0x00082] in <d74c70f944404a48bd19ff5e27c91c79>:0 @ http://localhost:8090/_framework/blazor.webassembly.js:0
[    7839ms] [ERROR] at Nori.LineFont.Get (string) [0x00082] in <d74c70f944404a48bd19ff5e27c91c79>:0 @ http://localhost:8090/_framework/blazor.webassembly.js:0
[    7839ms] [ERROR] at Nori.LineFont.Get (string) [0x00082] in <d74c70f944404a48bd19ff5e27c91c79>:0 @ http://localhost:8090/_framework/blazor.webassembly.js:0
[    7839ms] [ERROR] at Nori.LineFont.Get (string) [0x00082] in <d74c70f944404a48bd19ff5e27c91c79>:0 @ http://localhost:8090/_framework/blazor.webassembly.js:0
[    7839ms] [ERROR] at Nori.LineFont.Get (string) [0x00082] in <d74c70f944404a48bd19ff5e27c91c79>:0 @ http://localhost:8090/_framework/blazor.webassembly.js:0
[    7840ms] [ERROR] at Nori.LineFont.Get (string) [0x00082] in <d74c70f944404a48bd19ff5e27c91c79>:0 @ http://localhost:8090/_framework/blazor.webassembly.js:0
[    7840ms] [ERROR] at Nori.LineFont.Get (string) [0x00082] in <d74c70f944404a48bd19ff5e27c91c79>:0 @ http://localhost:8090/_framework/blazor.webassembly.js:0
[    7840ms] [ERROR] at Nori.LineFont.Get (string) [0x00082] in <d74c70f944404a48bd19ff5e27c91c79>:0 @ http://localhost:8090/_framework/blazor.webassembly.js:0
[    7840ms] [ERROR] at Nori.LineFont.Get (string) [0x00082] in <d74c70f944404a48bd19ff5e27c91c79>:0 @ http://localhost:8090/_framework/blazor.webassembly.js:0
[    7840ms] [ERROR] at Nori.LineFont.Get (string) [0x00082] in <d74c70f944404a48bd19ff5e27c91c79>:0 @ http://localhost:8090/_framework/blazor.webassembly.js:0
[    7840ms] [ERROR] at Nori.LineFont.Get (string) [0x00082] in <d74c70f944404a48bd19ff5e27c91c79>:0 @ http://localhost:8090/_framework/blazor.webassembly.js:0
[    7840ms] [ERROR] at Nori.LineFont.Get (string) [0x00082] in <d74c70f944404a48bd19ff5e27c91c79>:0 @ http://localhost:8090/_framework/blazor.webassembly.js:0
[    7840ms] [ERROR] at Nori.LineFont.Get (string) [0x00082] in <d74c70f944404a48bd19ff5e27c91c79>:0 @ http://localhost:8090/_framework/blazor.webassembly.js:0
[    7840ms] [ERROR] at Nori.LineFont.Get (string) [0x00082] in <d74c70f944404a48bd19ff5e27c91c79>:0 @ http://localhost:8090/_framework/blazor.webassembly.js:0
[    7840ms] [ERROR] at Nori.LineFont.Get (string) [0x00082] in <d74c70f944404a48bd19ff5e27c91c79>:0 @ http://localhost:8090/_framework/blazor.webassembly.js:0
[    7840ms] [ERROR] at Nori.LineFont.Get (string) [0x00082] in <d74c70f944404a48bd19ff5e27c91c79>:0 @ http://localhost:8090/_framework/blazor.webassembly.js:0
[    7840ms] [ERROR] at Nori.LineFont.Get (string) [0x00082] in <d74c70f944404a48bd19ff5e27c91c79>:0 @ http://localhost:8090/_framework/blazor.webassembly.js:0
[    7840ms] [ERROR] at Nori.LineFont.Get (string) [0x00082] in <d74c70f944404a48bd19ff5e27c91c79>:0 @ http://localhost:8090/_framework/blazor.webassembly.js:0
[    7840ms] [ERROR] at Nori.LineFont.Get (string) [0x00082] in <d74c70f944404a48bd19ff5e27c91c79>:0 @ http://localhost:8090/_framework/blazor.webassembly.js:0
[    7840ms] [ERROR] at Nori.LineFont.Get (string) [0x00082] in <d74c70f944404a48bd19ff5e27c91c79>:0 @ http://localhost:8090/_framework/blazor.webassembly.js:0
[    7840ms] [ERROR] at Nori.LineFont.Get (string) [0x00082] in <d74c70f944404a48bd19ff5e27c91c79>:0 @ http://localhost:8090/_framework/blazor.webassembly.js:0
[    7841ms] [ERROR] at Nori.LineFont.Get (string) [0x00082] in <d74c70f944404a48bd19ff5e27c91c79>:0 @ http://localhost:8090/_framework/blazor.webassembly.js:0
[    7841ms] [ERROR] at Nori.LineFont.Get (string) [0x00082] in <d74c70f944404a48bd19ff5e27c91c79>:0 @ http://localhost:8090/_framework/blazor.webassembly.js:0
[    7841ms] [ERROR] at Nori.LineFont.Get (string) [0x00082] in <d74c70f944404a48bd19ff5e27c91c79>:0 @ http://localhost:8090/_framework/blazor.webassembly.js:0
[    7841ms] [ERROR] at Nori.LineFont.Get (string) [0x00082] in <d74c70f944404a48bd19ff5e27c91c79>:0 @ http://localhost:8090/_framework/blazor.webassembly.js:0
[    7841ms] [ERROR] at Nori.LineFont.Get (string) [0x00082] in <d74c70f944404a48bd19ff5e27c91c79>:0 @ http://localhost:8090/_framework/blazor.webassembly.js:0
[    7841ms] [ERROR] at Nori.LineFont.Get (string) [0x00082] in <d74c70f944404a48bd19ff5e27c91c79>:0 @ http://localhost:8090/_framework/blazor.webassembly.js:0
[    7841ms] [ERROR] at Nori.LineFont.Get (string) [0x00082] in <d74c70f944404a48bd19ff5e27c91c79>:0 @ http://localhost:8090/_framework/blazor.webassembly.js:0
[    7841ms] [ERROR] at Nori.LineFont.Get (string) [0x00082] in <d74c70f944404a48bd19ff5e27c91c79>:0 @ http://localhost:8090/_framework/blazor.webassembly.js:0
[    7841ms] [ERROR] at Nori.LineFont.Get (string) [0x00082] in <d74c70f944404a48bd19ff5e27c91c79>:0 @ http://localhost:8090/_framework/blazor.webassembly.js:0
[    7841ms] [ERROR] at Nori.LineFont.Get (string) [0x00082] in <d74c70f944404a48bd19ff5e27c91c79>:0 @ http://localhost:8090/_framework/blazor.webassembly.js:0
[    7841ms] [ERROR] at Nori.LineFont.Get (string) [0x00082] in <d74c70f944404a48bd19ff5e27c91c79>:0 @ http://localhost:8090/_framework/blazor.webassembly.js:0
[    7841ms] [ERROR] at Nori.LineFont.Get (string) [0x00082] in <d74c70f944404a48bd19ff5e27c91c79>:0 @ http://localhost:8090/_framework/blazor.webassembly.js:0
[    7841ms] [ERROR] at Nori.LineFont.Get (string) [0x00082] in <d74c70f944404a48bd19ff5e27c91c79>:0 @ http://localhost:8090/_framework/blazor.webassembly.js:0
[    7841ms] [ERROR] at Nori.LineFont.Get (string) [0x00082] in <d74c70f944404a48bd19ff5e27c91c79>:0 @ http://localhost:8090/_framework/blazor.webassembly.js:0
[    7841ms] [ERROR] at Nori.LineFont.Get (string) [0x00082] in <d74c70f944404a48bd19ff5e27c91c79>:0 @ http://localhost:8090/_framework/blazor.webassembly.js:0
[    7841ms] [ERROR] at Nori.LineFont.Get (string) [0x00082] in <d74c70f944404a48bd19ff5e27c91c79>:0 @ http://localhost:8090/_framework/blazor.webassembly.js:0
[    7841ms] [ERROR] at Nori.LineFont.Get (string) [0x00082] in <d74c70f944404a48bd19ff5e27c91c79>:0 @ http://localhost:8090/_framework/blazor.webassembly.js:0
[    7842ms] [ERROR] at Nori.LineFont.Get (string) [0x00082] in <d74c70f944404a48bd19ff5e27c91c79>:0 @ http://localhost:8090/_framework/blazor.webassembly.js:0
[    7842ms] [ERROR] at Nori.LineFont.Get (string) [0x00082] in <d74c70f944404a48bd19ff5e27c91c79>:0 @ http://localhost:8090/_framework/blazor.webassembly.js:0
[    7842ms] [ERROR] at Nori.LineFont.Get (string) [0x00082] in <d74c70f944404a48bd19ff5e27c91c79>:0 @ http://localhost:8090/_framework/blazor.webassembly.js:0
[    7842ms] [ERROR] at Nori.LineFont.Get (string) [0x00082] in <d74c70f944404a48bd19ff5e27c91c79>:0 @ http://localhost:8090/_framework/blazor.webassembly.js:0
[    7842ms] [ERROR] at Nori.LineFont.Get (string) [0x00082] in <d74c70f944404a48bd19ff5e27c91c79>:0 @ http://localhost:8090/_framework/blazor.webassembly.js:0
[    7842ms] [ERROR] at Nori.LineFont.Get (string) [0x00082] in <d74c70f944404a48bd19ff5e27c91c79>:0 @ http://localhost:8090/_framework/blazor.webassembly.js:0
[    7842ms] [ERROR] at Nori.LineFont.Get (string) [0x00082] in <d74c70f944404a48bd19ff5e27c91c79>:0 @ http://localhost:8090/_framework/blazor.webassembly.js:0
[    7842ms] [ERROR] at Nori.LineFont.Get (string) [0x00082] in <d74c70f944404a48bd19ff5e27c91c79>:0 @ http://localhost:8090/_framework/blazor.webassembly.js:0
[    7842ms] [ERROR] at Nori.LineFont.Get (string) [0x00082] in <d74c70f944404a48bd19ff5e27c91c79>:0 @ http://localhost:8090/_framework/blazor.webassembly.js:0
[    7842ms] [ERROR] at Nori.LineFont.Get (string) [0x00082] in <d74c70f944404a48bd19ff5e27c91c79>:0 @ http://localhost:8090/_framework/blazor.webassembly.js:0
[    7842ms] [ERROR] at Nori.LineFont.Get (string) [0x00082] in <d74c70f944404a48bd19ff5e27c91c79>:0 @ http://localhost:8090/_framework/blazor.webassembly.js:0
[    7842ms] [ERROR] at Nori.LineFont.Get (string) [0x00082] in <d74c70f944404a48bd19ff5e27c91c79>:0 @ http://localhost:8090/_framework/blazor.webassembly.js:0
[    7842ms] [ERROR] at Nori.LineFont.Get (string) [0x00082] in <d74c70f944404a48bd19ff5e27c91c79>:0 @ http://localhost:8090/_framework/blazor.webassembly.js:0
[    7842ms] [ERROR] at Nori.LineFont.Get (string) [0x00082] in <d74c70f944404a48bd19ff5e27c91c79>:0 @ http://localhost:8090/_framework/blazor.webassembly.js:0
[    7842ms] [ERROR] at Nori.LineFont.Get (string) [0x00082] in <d74c70f944404a48bd19ff5e27c91c79>:0 @ http://localhost:8090/_framework/blazor.webassembly.js:0
[    7842ms] [ERROR] at Nori.LineFont.Get (string) [0x00082] in <d74c70f944404a48bd19ff5e27c91c79>:0 @ http://localhost:8090/_framework/blazor.webassembly.js:0
[    7843ms] [ERROR] at Nori.LineFont.Get (string) [0x00082] in <d74c70f944404a48bd19ff5e27c91c79>:0 @ http://localhost:8090/_framework/blazor.webassembly.js:0
[    7843ms] [ERROR] at Nori.LineFont.Get (string) [0x00082] in <d74c70f944404a48bd19ff5e27c91c79>:0 @ http://localhost:8090/_framework/blazor.webassembly.js:0
[    7843ms] [ERROR] at Nori.LineFont.Get (string) [0x00082] in <d74c70f944404a48bd19ff5e27c91c79>:0 @ http://localhost:8090/_framework/blazor.webassembly.js:0
[    7843ms] [ERROR] at Nori.LineFont.Get (string) [0x00082] in <d74c70f944404a48bd19ff5e27c91c79>:0 @ http://localhost:8090/_framework/blazor.webassembly.js:0
[    7843ms] [ERROR] at Nori.LineFont.Get (string) [0x00082] in <d74c70f944404a48bd19ff5e27c91c79>:0 @ http://localhost:8090/_framework/blazor.webassembly.js:0
[    7843ms] [ERROR] at Nori.LineFont.Get (string) [0x00082] in <d74c70f944404a48bd19ff5e27c91c79>:0 @ http://localhost:8090/_framework/blazor.webassembly.js:0
[    7843ms] [ERROR] at Nori.LineFont.Get (string) [0x00082] in <d74c70f944404a48bd19ff5e27c91c79>:0 @ http://localhost:8090/_framework/blazor.webassembly.js:0
[    7843ms] [ERROR] at Nori.LineFont.Get (string) [0x00082] in <d74c70f944404a48bd19ff5e27c91c79>:0 @ http://localhost:8090/_framework/blazor.webassembly.js:0
[    7843ms] [ERROR] at Nori.LineFont.Get (string) [0x00082] in <d74c70f944404a48bd19ff5e27c91c79>:0 @ http://localhost:8090/_framework/blazor.webassembly.js:0
[    7843ms] [ERROR] at Nori.LineFont.Get (string) [0x00082] in <d74c70f944404a48bd19ff5e27c91c79>:0 @ http://localhost:8090/_framework/blazor.webassembly.js:0
[    7843ms] [ERROR] at Nori.LineFont.Get (string) [0x00082] in <d74c70f944404a48bd19ff5e27c91c79>:0 @ http://localhost:8090/_framework/blazor.webassembly.js:0
[    7843ms] [ERROR] at Nori.LineFont.Get (string) [0x00082] in <d74c70f944404a48bd19ff5e27c91c79>:0 @ http://localhost:8090/_framework/blazor.webassembly.js:0
[    7843ms] [ERROR] at Nori.LineFont.Get (string) [0x00082] in <d74c70f944404a48bd19ff5e27c91c79>:0 @ http://localhost:8090/_framework/blazor.webassembly.js:0
[    7843ms] [ERROR] at Nori.LineFont.Get (string) [0x00082] in <d74c70f944404a48bd19ff5e27c91c79>:0 @ http://localhost:8090/_framework/blazor.webassembly.js:0
[    7843ms] [ERROR] at Nori.LineFont.Get (string) [0x00082] in <d74c70f944404a48bd19ff5e27c91c79>:0 @ http://localhost:8090/_framework/blazor.webassembly.js:0
[    7843ms] [ERROR] at Nori.LineFont.Get (string) [0x00082] in <d74c70f944404a48bd19ff5e27c91c79>:0 @ http://localhost:8090/_framework/blazor.webassembly.js:0
[    7843ms] [ERROR] at Nori.LineFont.Get (string) [0x00082] in <d74c70f944404a48bd19ff5e27c91c79>:0 @ http://localhost:8090/_framework/blazor.webassembly.js:0
[    7844ms] [ERROR] at Nori.LineFont.Get (string) [0x00082] in <d74c70f944404a48bd19ff5e27c91c79>:0 @ http://localhost:8090/_framework/blazor.webassembly.js:0
[    7844ms] [ERROR] at Nori.LineFont.Get (string) [0x00082] in <d74c70f944404a48bd19ff5e27c91c79>:0 @ http://localhost:8090/_framework/blazor.webassembly.js:0
[    7844ms] [ERROR] at Nori.LineFont.Get (string) [0x00082] in <d74c70f944404a48bd19ff5e27c91c79>:0 @ http://localhost:8090/_framework/blazor.webassembly.js:0
[    7844ms] [ERROR] at Nori.LineFont.Get (string) [0x00082] in <d74c70f944404a48bd19ff5e27c91c79>:0 @ http://localhost:8090/_framework/blazor.webassembly.js:0
[    7844ms] [ERROR] at Nori.LineFont.Get (string) [0x00082] in <d74c70f944404a48bd19ff5e27c91c79>:0 @ http://localhost:8090/_framework/blazor.webassembly.js:0
[    7844ms] [ERROR] at Nori.LineFont.Get (string) [0x00082] in <d74c70f944404a48bd19ff5e27c91c79>:0 @ http://localhost:8090/_framework/blazor.webassembly.js:0
[    7844ms] [ERROR] at Nori.LineFont.Get (string) [0x00082] in <d74c70f944404a48bd19ff5e27c91c79>:0 @ http://localhost:8090/_framework/blazor.webassembly.js:0
[    7844ms] [ERROR] at Nori.LineFont.Get (string) [0x00082] in <d74c70f944404a48bd19ff5e27c91c79>:0 @ http://localhost:8090/_framework/blazor.webassembly.js:0
[    7844ms] [ERROR] at Nori.LineFont.Get (string) [0x00082] in <d74c70f944404a48bd19ff5e27c91c79>:0 @ http://localhost:8090/_framework/blazor.webassembly.js:0
[    7844ms] [ERROR] at Nori.LineFont.Get (string) [0x00082] in <d74c70f944404a48bd19ff5e27c91c79>:0 @ http://localhost:8090/_framework/blazor.webassembly.js:0
[    7844ms] [ERROR] at Nori.LineFont.Get (string) [0x00082] in <d74c70f944404a48bd19ff5e27c91c79>:0 @ http://localhost:8090/_framework/blazor.webassembly.js:0
[    7844ms] [ERROR] at Nori.LineFont.Get (string) [0x00082] in <d74c70f944404a48bd19ff5e27c91c79>:0 @ http://localhost:8090/_framework/blazor.webassembly.js:0
[    7844ms] [ERROR] at Nori.LineFont.Get (string) [0x00082] in <d74c70f944404a48bd19ff5e27c91c79>:0 @ http://localhost:8090/_framework/blazor.webassembly.js:0
[    7844ms] [ERROR] at Nori.LineFont.Get (string) [0x00082] in <d74c70f944404a48bd19ff5e27c91c79>:0 @ http://localhost:8090/_framework/blazor.webassembly.js:0
[    7844ms] [ERROR] at Nori.LineFont.Get (string) [0x00082] in <d74c70f944404a48bd19ff5e27c91c79>:0 @ http://localhost:8090/_framework/blazor.webassembly.js:0
[    7844ms] [ERROR] at Nori.LineFont.Get (string) [0x00082] in <d74c70f944404a48bd19ff5e27c91c79>:0 @ http://localhost:8090/_framework/blazor.webassembly.js:0
[    7845ms] [ERROR] at Nori.LineFont.Get (string) [0x00082] in <d74c70f944404a48bd19ff5e27c91c79>:0 @ http://localhost:8090/_framework/blazor.webassembly.js:0
[    7845ms] [ERROR] at Nori.LineFont.Get (string) [0x00082] in <d74c70f944404a48bd19ff5e27c91c79>:0 @ http://localhost:8090/_framework/blazor.webassembly.js:0
[    7845ms] [ERROR] at Nori.LineFont.Get (string) [0x00082] in <d74c70f944404a48bd19ff5e27c91c79>:0 @ http://localhost:8090/_framework/blazor.webassembly.js:0
[    7845ms] [ERROR] at Nori.LineFont.Get (string) [0x00082] in <d74c70f944404a48bd19ff5e27c91c79>:0 @ http://localhost:8090/_framework/blazor.webassembly.js:0
[    7845ms] [ERROR] at Nori.LineFont.Get (string) [0x00082] in <d74c70f944404a48bd19ff5e27c91c79>:0 @ http://localhost:8090/_framework/blazor.webassembly.js:0
[    7845ms] [ERROR] at Nori.LineFont.Get (string) [0x00082] in <d74c70f944404a48bd19ff5e27c91c79>:0 @ http://localhost:8090/_framework/blazor.webassembly.js:0
[    7845ms] [ERROR] at Nori.LineFont.Get (string) [0x00082] in <d74c70f944404a48bd19ff5e27c91c79>:0 @ http://localhost:8090/_framework/blazor.webassembly.js:0
[    7845ms] [ERROR] at Nori.LineFont.Get (string) [0x00082] in <d74c70f944404a48bd19ff5e27c91c79>:0 @ http://localhost:8090/_framework/blazor.webassembly.js:0
[    7845ms] [ERROR] at Nori.LineFont.Get (string) [0x00082] in <d74c70f944404a48bd19ff5e27c91c79>:0 @ http://localhost:8090/_framework/blazor.webassembly.js:0
[    7845ms] [ERROR] at Nori.LineFont.Get (string) [0x00082] in <d74c70f944404a48bd19ff5e27c91c79>:0 @ http://localhost:8090/_framework/blazor.webassembly.js:0
[    7845ms] [ERROR] at Nori.LineFont.Get (string) [0x00082] in <d74c70f944404a48bd19ff5e27c91c79>:0 @ http://localhost:8090/_framework/blazor.webassembly.js:0
[    7845ms] [ERROR] at Nori.LineFont.Get (string) [0x00082] in <d74c70f944404a48bd19ff5e27c91c79>:0 @ http://localhost:8090/_framework/blazor.webassembly.js:0
[    7845ms] [ERROR] at Nori.LineFont.Get (string) [0x00082] in <d74c70f944404a48bd19ff5e27c91c79>:0 @ http://localhost:8090/_framework/blazor.webassembly.js:0
[    7845ms] [ERROR] at Nori.LineFont.Get (string) [0x00082] in <d74c70f944404a48bd19ff5e27c91c79>:0 @ http://localhost:8090/_framework/blazor.webassembly.js:0
[    7846ms] [ERROR] at Nori.LineFont.Get (string) [0x00082] in <d74c70f944404a48bd19ff5e27c91c79>:0 @ http://localhost:8090/_framework/blazor.webassembly.js:0
[    7846ms] [ERROR] at Nori.LineFont.Get (string) [0x00082] in <d74c70f944404a48bd19ff5e27c91c79>:0 @ http://localhost:8090/_framework/blazor.webassembly.js:0
[    7846ms] [ERROR] at Nori.LineFont.Get (string) [0x00082] in <d74c70f944404a48bd19ff5e27c91c79>:0 @ http://localhost:8090/_framework/blazor.webassembly.js:0
[    7846ms] [ERROR] at Nori.LineFont.Get (string) [0x00082] in <d74c70f944404a48bd19ff5e27c91c79>:0 @ http://localhost:8090/_framework/blazor.webassembly.js:0
[    7846ms] [ERROR] at Nori.LineFont.Get (string) [0x00082] in <d74c70f944404a48bd19ff5e27c91c79>:0 @ http://localhost:8090/_framework/blazor.webassembly.js:0
[    7846ms] [ERROR] at Nori.LineFont.Get (string) [0x00082] in <d74c70f944404a48bd19ff5e27c91c79>:0 @ http://localhost:8090/_framework/blazor.webassembly.js:0
[    7846ms] [ERROR] at Nori.LineFont.Get (string) [0x00082] in <d74c70f944404a48bd19ff5e27c91c79>:0 @ http://localhost:8090/_framework/blazor.webassembly.js:0
[    7846ms] [ERROR] at Nori.LineFont.Get (string) [0x00082] in <d74c70f944404a48bd19ff5e27c91c79>:0 @ http://localhost:8090/_framework/blazor.webassembly.js:0
[    7846ms] [ERROR] at Nori.LineFont.Get (string) [0x00082] in <d74c70f944404a48bd19ff5e27c91c79>:0 @ http://localhost:8090/_framework/blazor.webassembly.js:0
[    7846ms] [ERROR] at Nori.LineFont.Get (string) [0x00082] in <d74c70f944404a48bd19ff5e27c91c79>:0 @ http://localhost:8090/_framework/blazor.webassembly.js:0
[    7846ms] [ERROR] at Nori.LineFont.Get (string) [0x00082] in <d74c70f944404a48bd19ff5e27c91c79>:0 @ http://localhost:8090/_framework/blazor.webassembly.js:0
[    7846ms] [ERROR] at Nori.LineFont.Get (string) [0x00082] in <d74c70f944404a48bd19ff5e27c91c79>:0 @ http://localhost:8090/_framework/blazor.webassembly.js:0
[    7846ms] [ERROR] at Nori.LineFont.Get (string) [0x00082] in <d74c70f944404a48bd19ff5e27c91c79>:0 @ http://localhost:8090/_framework/blazor.webassembly.js:0
[    7846ms] [ERROR] at Nori.LineFont.Get (string) [0x00082] in <d74c70f944404a48bd19ff5e27c91c79>:0 @ http://localhost:8090/_framework/blazor.webassembly.js:0
[    7847ms] [ERROR] at Nori.LineFont.Get (string) [0x00082] in <d74c70f944404a48bd19ff5e27c91c79>:0 @ http://localhost:8090/_framework/blazor.webassembly.js:0
[    7847ms] [ERROR] at Nori.LineFont.Get (string) [0x00082] in <d74c70f944404a48bd19ff5e27c91c79>:0 @ http://localhost:8090/_framework/blazor.webassembly.js:0
[    7847ms] [ERROR] at Nori.LineFont.Get (string) [0x00082] in <d74c70f944404a48bd19ff5e27c91c79>:0 @ http://localhost:8090/_framework/blazor.webassembly.js:0
[    7847ms] [ERROR] at Nori.LineFont.Get (string) [0x00082] in <d74c70f944404a48bd19ff5e27c91c79>:0 @ http://localhost:8090/_framework/blazor.webassembly.js:0
[    7847ms] [ERROR] at Nori.LineFont.Get (string) [0x00082] in <d74c70f944404a48bd19ff5e27c91c79>:0 @ http://localhost:8090/_framework/blazor.webassembly.js:0
[    7847ms] [ERROR] at Nori.LineFont.Get (string) [0x00082] in <d74c70f944404a48bd19ff5e27c91c79>:0 @ http://localhost:8090/_framework/blazor.webassembly.js:0
[    7847ms] [ERROR] at Nori.LineFont.Get (string) [0x00082] in <d74c70f944404a48bd19ff5e27c91c79>:0 @ http://localhost:8090/_framework/blazor.webassembly.js:0
[    7847ms] [ERROR] at Nori.LineFont.Get (string) [0x00082] in <d74c70f944404a48bd19ff5e27c91c79>:0 @ http://localhost:8090/_framework/blazor.webassembly.js:0
[    7847ms] [ERROR] at Nori.LineFont.Get (string) [0x00082] in <d74c70f944404a48bd19ff5e27c91c79>:0 @ http://localhost:8090/_framework/blazor.webassembly.js:0
[    7847ms] [ERROR] at Nori.LineFont.Get (string) [0x00082] in <d74c70f944404a48bd19ff5e27c91c79>:0 @ http://localhost:8090/_framework/blazor.webassembly.js:0
[    7847ms] [ERROR] at Nori.LineFont.Get (string) [0x00082] in <d74c70f944404a48bd19ff5e27c91c79>:0 @ http://localhost:8090/_framework/blazor.webassembly.js:0
[    7847ms] [ERROR] at Nori.LineFont.Get (string) [0x00082] in <d74c70f944404a48bd19ff5e27c91c79>:0 @ http://localhost:8090/_framework/blazor.webassembly.js:0
[    7847ms] [ERROR] at Nori.LineFont.Get (string) [0x00082] in <d74c70f944404a48bd19ff5e27c91c79>:0 @ http://localhost:8090/_framework/blazor.webassembly.js:0
[    7847ms] [ERROR] at Nori.LineFont.Get (string) [0x00082] in <d74c70f944404a48bd19ff5e27c91c79>:0 @ http://localhost:8090/_framework/blazor.webassembly.js:0
[    7847ms] [ERROR] at Nori.LineFont.Get (string) [0x00082] in <d74c70f944404a48bd19ff5e27c91c79>:0 @ http://localhost:8090/_framework/blazor.webassembly.js:0
[    7848ms] [ERROR] at Nori.LineFont.Get (string) [0x00082] in <d74c70f944404a48bd19ff5e27c91c79>:0 @ http://localhost:8090/_framework/blazor.webassembly.js:0
[    7848ms] [ERROR] at Nori.LineFont.Get (string) [0x00082] in <d74c70f944404a48bd19ff5e27c91c79>:0 @ http://localhost:8090/_framework/blazor.webassembly.js:0
[    7848ms] [ERROR] at Nori.LineFont.Get (string) [0x00082] in <d74c70f944404a48bd19ff5e27c91c79>:0 @ http://localhost:8090/_framework/blazor.webassembly.js:0
[    7848ms] [ERROR] at Nori.LineFont.Get (string) [0x00082] in <d74c70f944404a48bd19ff5e27c91c79>:0 @ http://localhost:8090/_framework/blazor.webassembly.js:0
[    7848ms] [ERROR] at Nori.LineFont.Get (string) [0x00082] in <d74c70f944404a48bd19ff5e27c91c79>:0 @ http://localhost:8090/_framework/blazor.webassembly.js:0
[    7848ms] [ERROR] at Nori.LineFont.Get (string) [0x00082] in <d74c70f944404a48bd19ff5e27c91c79>:0 @ http://localhost:8090/_framework/blazor.webassembly.js:0
[    7848ms] [ERROR] at Nori.LineFont.Get (string) [0x00082] in <d74c70f944404a48bd19ff5e27c91c79>:0 @ http://localhost:8090/_framework/blazor.webassembly.js:0
[    7848ms] [ERROR] at Nori.LineFont.Get (string) [0x00082] in <d74c70f944404a48bd19ff5e27c91c79>:0 @ http://localhost:8090/_framework/blazor.webassembly.js:0
[    7848ms] [ERROR] at Nori.LineFont.Get (string) [0x00082] in <d74c70f944404a48bd19ff5e27c91c79>:0 @ http://localhost:8090/_framework/blazor.webassembly.js:0
[    7848ms] [ERROR] at Nori.LineFont.Get (string) [0x00082] in <d74c70f944404a48bd19ff5e27c91c79>:0 @ http://localhost:8090/_framework/blazor.webassembly.js:0
[    7848ms] [ERROR] at Nori.LineFont.Get (string) [0x00082] in <d74c70f944404a48bd19ff5e27c91c79>:0 @ http://localhost:8090/_framework/blazor.webassembly.js:0
[    7848ms] [ERROR] at Nori.LineFont.Get (string) [0x00082] in <d74c70f944404a48bd19ff5e27c91c79>:0 @ http://localhost:8090/_framework/blazor.webassembly.js:0
[    7848ms] [ERROR] at Nori.LineFont.Get (string) [0x00082] in <d74c70f944404a48bd19ff5e27c91c79>:0 @ http://localhost:8090/_framework/blazor.webassembly.js:0
[    7848ms] [ERROR] at Nori.LineFont.Get (string) [0x00082] in <d74c70f944404a48bd19ff5e27c91c79>:0 @ http://localhost:8090/_framework/blazor.webassembly.js:0
[    7848ms] [ERROR] at Nori.LineFont.Get (string) [0x00082] in <d74c70f944404a48bd19ff5e27c91c79>:0 @ http://localhost:8090/_framework/blazor.webassembly.js:0
[    7849ms] [ERROR] at Nori.LineFont.Get (string) [0x00082] in <d74c70f944404a48bd19ff5e27c91c79>:0 @ http://localhost:8090/_framework/blazor.webassembly.js:0
[    7849ms] [ERROR] at Nori.LineFont.Get (string) [0x00082] in <d74c70f944404a48bd19ff5e27c91c79>:0 @ http://localhost:8090/_framework/blazor.webassembly.js:0
[    7849ms] [ERROR] at Nori.LineFont.Get (string) [0x00082] in <d74c70f944404a48bd19ff5e27c91c79>:0 @ http://localhost:8090/_framework/blazor.webassembly.js:0
[    7849ms] [ERROR] at Nori.LineFont.Get (string) [0x00082] in <d74c70f944404a48bd19ff5e27c91c79>:0 @ http://localhost:8090/_framework/blazor.webassembly.js:0
[    7849ms] [ERROR] at Nori.LineFont.Get (string) [0x00082] in <d74c70f944404a48bd19ff5e27c91c79>:0 @ http://localhost:8090/_framework/blazor.webassembly.js:0
[    7849ms] [ERROR] at Nori.LineFont.Get (string) [0x00082] in <d74c70f944404a48bd19ff5e27c91c79>:0 @ http://localhost:8090/_framework/blazor.webassembly.js:0
[    7849ms] [ERROR] at Nori.LineFont.Get (string) [0x00082] in <d74c70f944404a48bd19ff5e27c91c79>:0 @ http://localhost:8090/_framework/blazor.webassembly.js:0
[    7849ms] [ERROR] at Nori.LineFont.Get (string) [0x00082] in <d74c70f944404a48bd19ff5e27c91c79>:0 @ http://localhost:8090/_framework/blazor.webassembly.js:0
[    7849ms] [ERROR] at Nori.LineFont.Get (string) [0x00082] in <d74c70f944404a48bd19ff5e27c91c79>:0 @ http://localhost:8090/_framework/blazor.webassembly.js:0
[    7849ms] [ERROR] at Nori.LineFont.Get (string) [0x00082] in <d74c70f944404a48bd19ff5e27c91c79>:0 @ http://localhost:8090/_framework/blazor.webassembly.js:0
[    7849ms] [ERROR] at Nori.LineFont.Get (string) [0x00082] in <d74c70f944404a48bd19ff5e27c91c79>:0 @ http://localhost:8090/_framework/blazor.webassembly.js:0
[    7849ms] [ERROR] at Nori.LineFont.Get (string) [0x00082] in <d74c70f944404a48bd19ff5e27c91c79>:0 @ http://localhost:8090/_framework/blazor.webassembly.js:0
[    7849ms] [ERROR] at Nori.LineFont.Get (string) [0x00082] in <d74c70f944404a48bd19ff5e27c91c79>:0 @ http://localhost:8090/_framework/blazor.webassembly.js:0
[    7849ms] [ERROR] at Nori.LineFont.Get (string) [0x00082] in <d74c70f944404a48bd19ff5e27c91c79>:0 @ http://localhost:8090/_framework/blazor.webassembly.js:0
[    7850ms] [ERROR] at Nori.LineFont.Get (string) [0x00082] in <d74c70f944404a48bd19ff5e27c91c79>:0 @ http://localhost:8090/_framework/blazor.webassembly.js:0
[    7850ms] [ERROR] at Nori.LineFont.Get (string) [0x00082] in <d74c70f944404a48bd19ff5e27c91c79>:0 @ http://localhost:8090/_framework/blazor.webassembly.js:0
[    7850ms] [ERROR] at Nori.LineFont.Get (string) [0x00082] in <d74c70f944404a48bd19ff5e27c91c79>:0 @ http://localhost:8090/_framework/blazor.webassembly.js:0
[    7850ms] [ERROR] at Nori.LineFont.Get (string) [0x00082] in <d74c70f944404a48bd19ff5e27c91c79>:0 @ http://localhost:8090/_framework/blazor.webassembly.js:0
[    7850ms] [ERROR] at Nori.LineFont.Get (string) [0x00082] in <d74c70f944404a48bd19ff5e27c91c79>:0 @ http://localhost:8090/_framework/blazor.webassembly.js:0
[    7850ms] [ERROR] at Nori.LineFont.Get (string) [0x00082] in <d74c70f944404a48bd19ff5e27c91c79>:0 @ http://localhost:8090/_framework/blazor.webassembly.js:0
[    7850ms] [ERROR] at Nori.LineFont.Get (string) [0x00082] in <d74c70f944404a48bd19ff5e27c91c79>:0 @ http://localhost:8090/_framework/blazor.webassembly.js:0
[    7850ms] [ERROR] at Nori.LineFont.Get (string) [0x00082] in <d74c70f944404a48bd19ff5e27c91c79>:0 @ http://localhost:8090/_framework/blazor.webassembly.js:0
[    7850ms] [ERROR] at Nori.LineFont.Get (string) [0x00082] in <d74c70f944404a48bd19ff5e27c91c79>:0 @ http://localhost:8090/_framework/blazor.webassembly.js:0
[    7850ms] [ERROR] at Nori.LineFont.Get (string) [0x00082] in <d74c70f944404a48bd19ff5e27c91c79>:0 @ http://localhost:8090/_framework/blazor.webassembly.js:0
[    7850ms] [ERROR] at Nori.LineFont.Get (string) [0x00082] in <d74c70f944404a48bd19ff5e27c91c79>:0 @ http://localhost:8090/_framework/blazor.webassembly.js:0
[    7850ms] [ERROR] at Nori.LineFont.Get (string) [0x00082] in <d74c70f944404a48bd19ff5e27c91c79>:0 @ http://localhost:8090/_framework/blazor.webassembly.js:0
[    7850ms] [ERROR] at Nori.LineFont.Get (string) [0x00082] in <d74c70f944404a48bd19ff5e27c91c79>:0 @ http://localhost:8090/_framework/blazor.webassembly.js:0
[    7850ms] [ERROR] at Nori.LineFont.Get (string) [0x00082] in <d74c70f944404a48bd19ff5e27c91c79>:0 @ http://localhost:8090/_framework/blazor.webassembly.js:0
[    7850ms] [ERROR] at Nori.LineFont.Get (string) [0x00082] in <d74c70f944404a48bd19ff5e27c91c79>:0 @ http://localhost:8090/_framework/blazor.webassembly.js:0
[    7851ms] [ERROR] at Nori.LineFont.Get (string) [0x00082] in <d74c70f944404a48bd19ff5e27c91c79>:0 @ http://localhost:8090/_framework/blazor.webassembly.js:0
[    7851ms] [ERROR] at Nori.LineFont.Get (string) [0x00082] in <d74c70f944404a48bd19ff5e27c91c79>:0 @ http://localhost:8090/_framework/blazor.webassembly.js:0
[    7851ms] [ERROR] at Nori.LineFont.Get (string) [0x00082] in <d74c70f944404a48bd19ff5e27c91c79>:0 @ http://localhost:8090/_framework/blazor.webassembly.js:0
[    7851ms] [ERROR] at Nori.LineFont.Get (string) [0x00082] in <d74c70f944404a48bd19ff5e27c91c79>:0 @ http://localhost:8090/_framework/blazor.webassembly.js:0
[    7851ms] [ERROR] at Nori.LineFont.Get (string) [0x00082] in <d74c70f944404a48bd19ff5e27c91c79>:0 @ http://localhost:8090/_framework/blazor.webassembly.js:0
[    7851ms] [ERROR] at Nori.LineFont.Get (string) [0x00082] in <d74c70f944404a48bd19ff5e27c91c79>:0 @ http://localhost:8090/_framework/blazor.webassembly.js:0
[    7851ms] [ERROR] at Nori.LineFont.Get (string) [0x00082] in <d74c70f944404a48bd19ff5e27c91c79>:0 @ http://localhost:8090/_framework/blazor.webassembly.js:0
[    7851ms] [ERROR] at Nori.LineFont.Get (string) [0x00082] in <d74c70f944404a48bd19ff5e27c91c79>:0 @ http://localhost:8090/_framework/blazor.webassembly.js:0
[    7851ms] [ERROR] at Nori.LineFont.Get (string) [0x00082] in <d74c70f944404a48bd19ff5e27c91c79>:0 @ http://localhost:8090/_framework/blazor.webassembly.js:0
[    7851ms] [ERROR] at Nori.LineFont.Get (string) [0x00082] in <d74c70f944404a48bd19ff5e27c91c79>:0 @ http://localhost:8090/_framework/blazor.webassembly.js:0
[    7851ms] [ERROR] at Nori.LineFont.Get (string) [0x00082] in <d74c70f944404a48bd19ff5e27c91c79>:0 @ http://localhost:8090/_framework/blazor.webassembly.js:0
[    7851ms] [ERROR] at Nori.LineFont.Get (string) [0x00082] in <d74c70f944404a48bd19ff5e27c91c79>:0 @ http://localhost:8090/_framework/blazor.webassembly.js:0
[    7851ms] [ERROR] at Nori.LineFont.Get (string) [0x00082] in <d74c70f944404a48bd19ff5e27c91c79>:0 @ http://localhost:8090/_framework/blazor.webassembly.js:0
[    7851ms] [ERROR] at Nori.LineFont.Get (string) [0x00082] in <d74c70f944404a48bd19ff5e27c91c79>:0 @ http://localhost:8090/_framework/blazor.webassembly.js:0
[    7851ms] [ERROR] at Nori.LineFont.Get (string) [0x00082] in <d74c70f944404a48bd19ff5e27c91c79>:0 @ http://localhost:8090/_framework/blazor.webassembly.js:0
[    7851ms] [ERROR] at Nori.LineFont.Get (string) [0x00082] in <d74c70f944404a48bd19ff5e27c91c79>:0 @ http://localhost:8090/_framework/blazor.webassembly.js:0
[    7852ms] [ERROR] at Nori.LineFont.Get (string) [0x00082] in <d74c70f944404a48bd19ff5e27c91c79>:0 @ http://localhost:8090/_framework/blazor.webassembly.js:0
[    7852ms] [ERROR] at Nori.LineFont.Get (string) [0x00082] in <d74c70f944404a48bd19ff5e27c91c79>:0 @ http://localhost:8090/_framework/blazor.webassembly.js:0
[    7852ms] [ERROR] at Nori.LineFont.Get (string) [0x00082] in <d74c70f944404a48bd19ff5e27c91c79>:0 @ http://localhost:8090/_framework/blazor.webassembly.js:0
[    7852ms] [ERROR] at Nori.LineFont.Get (string) [0x00082] in <d74c70f944404a48bd19ff5e27c91c79>:0 @ http://localhost:8090/_framework/blazor.webassembly.js:0
[    7852ms] [ERROR] at Nori.LineFont.Get (string) [0x00082] in <d74c70f944404a48bd19ff5e27c91c79>:0 @ http://localhost:8090/_framework/blazor.webassembly.js:0
[    7852ms] [ERROR] at Nori.LineFont.Get (string) [0x00082] in <d74c70f944404a48bd19ff5e27c91c79>:0 @ http://localhost:8090/_framework/blazor.webassembly.js:0
[    7852ms] [ERROR] at Nori.LineFont.Get (string) [0x00082] in <d74c70f944404a48bd19ff5e27c91c79>:0 @ http://localhost:8090/_framework/blazor.webassembly.js:0
[    7852ms] [ERROR] at Nori.LineFont.Get (string) [0x00082] in <d74c70f944404a48bd19ff5e27c91c79>:0 @ http://localhost:8090/_framework/blazor.webassembly.js:0
[    7852ms] [ERROR] at Nori.LineFont.Get (string) [0x00082] in <d74c70f944404a48bd19ff5e27c91c79>:0 @ http://localhost:8090/_framework/blazor.webassembly.js:0
[    7852ms] [ERROR] at Nori.LineFont.Get (string) [0x00082] in <d74c70f944404a48bd19ff5e27c91c79>:0 @ http://localhost:8090/_framework/blazor.webassembly.js:0
[    7852ms] [ERROR] at Nori.LineFont.Get (string) [0x00082] in <d74c70f944404a48bd19ff5e27c91c79>:0 @ http://localhost:8090/_framework/blazor.webassembly.js:0
[    7852ms] [ERROR] at Nori.LineFont.Get (string) [0x00082] in <d74c70f944404a48bd19ff5e27c91c79>:0 @ http://localhost:8090/_framework/blazor.webassembly.js:0
[    7852ms] [ERROR] at Nori.LineFont.Get (string) [0x00082] in <d74c70f944404a48bd19ff5e27c91c79>:0 @ http://localhost:8090/_framework/blazor.webassembly.js:0
[    7852ms] [ERROR] at Nori.LineFont.Get (string) [0x00082] in <d74c70f944404a48bd19ff5e27c91c79>:0 @ http://localhost:8090/_framework/blazor.webassembly.js:0
[    7852ms] [ERROR] at Nori.LineFont.Get (string) [0x00082] in <d74c70f944404a48bd19ff5e27c91c79>:0 @ http://localhost:8090/_framework/blazor.webassembly.js:0
[    7852ms] [ERROR] at Nori.LineFont.Get (string) [0x00082] in <d74c70f944404a48bd19ff5e27c91c79>:0 @ http://localhost:8090/_framework/blazor.webassembly.js:0
[    7853ms] [ERROR] at Nori.LineFont.Get (string) [0x00082] in <d74c70f944404a48bd19ff5e27c91c79>:0 @ http://localhost:8090/_framework/blazor.webassembly.js:0
[    7853ms] [ERROR] at Nori.LineFont.Get (string) [0x00082] in <d74c70f944404a48bd19ff5e27c91c79>:0 @ http://localhost:8090/_framework/blazor.webassembly.js:0
[    7853ms] [ERROR] at Nori.LineFont.Get (string) [0x00082] in <d74c70f944404a48bd19ff5e27c91c79>:0 @ http://localhost:8090/_framework/blazor.webassembly.js:0
[    7853ms] [ERROR] at Nori.LineFont.Get (string) [0x00082] in <d74c70f944404a48bd19ff5e27c91c79>:0 @ http://localhost:8090/_framework/blazor.webassembly.js:0
[    7853ms] [ERROR] at Nori.LineFont.Get (string) [0x00082] in <d74c70f944404a48bd19ff5e27c91c79>:0 @ http://localhost:8090/_framework/blazor.webassembly.js:0
[    7853ms] [ERROR] at Nori.LineFont.Get (string) [0x00082] in <d74c70f944404a48bd19ff5e27c91c79>:0 @ http://localhost:8090/_framework/blazor.webassembly.js:0
[    7853ms] [ERROR] at Nori.LineFont.Get (string) [0x00082] in <d74c70f944404a48bd19ff5e27c91c79>:0 @ http://localhost:8090/_framework/blazor.webassembly.js:0
[    7853ms] [ERROR] at Nori.LineFont.Get (string) [0x00082] in <d74c70f944404a48bd19ff5e27c91c79>:0 @ http://localhost:8090/_framework/blazor.webassembly.js:0
[    7853ms] [ERROR] at Nori.LineFont.Get (string) [0x00082] in <d74c70f944404a48bd19ff5e27c91c79>:0 @ http://localhost:8090/_framework/blazor.webassembly.js:0
[    7853ms] [ERROR] at Nori.LineFont.Get (string) [0x00082] in <d74c70f944404a48bd19ff5e27c91c79>:0 @ http://localhost:8090/_framework/blazor.webassembly.js:0
[    7853ms] [ERROR] at Nori.LineFont.Get (string) [0x00082] in <d74c70f944404a48bd19ff5e27c91c79>:0 @ http://localhost:8090/_framework/blazor.webassembly.js:0
[    7853ms] [ERROR] at Nori.LineFont.Get (string) [0x00082] in <d74c70f944404a48bd19ff5e27c91c79>:0 @ http://localhost:8090/_framework/blazor.webassembly.js:0
[    7853ms] [ERROR] at Nori.LineFont.Get (string) [0x00082] in <d74c70f944404a48bd19ff5e27c91c79>:0 @ http://localhost:8090/_framework/blazor.webassembly.js:0
[    7853ms] [ERROR] at Nori.LineFont.Get (string) [0x00082] in <d74c70f944404a48bd19ff5e27c91c79>:0 @ http://localhost:8090/_framework/blazor.webassembly.js:0
[    7853ms] [ERROR] at Nori.LineFont.Get (string) [0x00082] in <d74c70f944404a48bd19ff5e27c91c79>:0 @ http://localhost:8090/_framework/blazor.webassembly.js:0
[    7853ms] [ERROR] at Nori.LineFont.Get (string) [0x00082] in <d74c70f944404a48bd19ff5e27c91c79>:0 @ http://localhost:8090/_framework/blazor.webassembly.js:0
[    7854ms] [ERROR] at Nori.LineFont.Get (string) [0x00082] in <d74c70f944404a48bd19ff5e27c91c79>:0 @ http://localhost:8090/_framework/blazor.webassembly.js:0
[    7854ms] [ERROR] at Nori.LineFont.Get (string) [0x00082] in <d74c70f944404a48bd19ff5e27c91c79>:0 @ http://localhost:8090/_framework/blazor.webassembly.js:0
[    7854ms] [ERROR] at Nori.LineFont.Get (string) [0x00082] in <d74c70f944404a48bd19ff5e27c91c79>:0 @ http://localhost:8090/_framework/blazor.webassembly.js:0
[    7854ms] [ERROR] at Nori.LineFont.Get (string) [0x00082] in <d74c70f944404a48bd19ff5e27c91c79>:0 @ http://localhost:8090/_framework/blazor.webassembly.js:0
[    7854ms] [ERROR] at Nori.LineFont.Get (string) [0x00082] in <d74c70f944404a48bd19ff5e27c91c79>:0 @ http://localhost:8090/_framework/blazor.webassembly.js:0
[    7854ms] [ERROR] at Nori.LineFont.Get (string) [0x00082] in <d74c70f944404a48bd19ff5e27c91c79>:0 @ http://localhost:8090/_framework/blazor.webassembly.js:0
[    7854ms] [ERROR] at Nori.LineFont.Get (string) [0x00082] in <d74c70f944404a48bd19ff5e27c91c79>:0 @ http://localhost:8090/_framework/blazor.webassembly.js:0
[    7854ms] [ERROR] at Nori.LineFont.Get (string) [0x00082] in <d74c70f944404a48bd19ff5e27c91c79>:0 @ http://localhost:8090/_framework/blazor.webassembly.js:0
[    7854ms] [ERROR] at Nori.LineFont.Get (string) [0x00082] in <d74c70f944404a48bd19ff5e27c91c79>:0 @ http://localhost:8090/_framework/blazor.webassembly.js:0
[    7854ms] [ERROR] at Nori.LineFont.Get (string) [0x00082] in <d74c70f944404a48bd19ff5e27c91c79>:0 @ http://localhost:8090/_framework/blazor.webassembly.js:0
[    7854ms] [ERROR] at Nori.LineFont.Get (string) [0x00082] in <d74c70f944404a48bd19ff5e27c91c79>:0 @ http://localhost:8090/_framework/blazor.webassembly.js:0
[    7854ms] [ERROR] at Nori.LineFont.Get (string) [0x00082] in <d74c70f944404a48bd19ff5e27c91c79>:0 @ http://localhost:8090/_framework/blazor.webassembly.js:0
[    7854ms] [ERROR] at Nori.LineFont.Get (string) [0x00082] in <d74c70f944404a48bd19ff5e27c91c79>:0 @ http://localhost:8090/_framework/blazor.webassembly.js:0
[    7854ms] [ERROR] at Nori.LineFont.Get (string) [0x00082] in <d74c70f944404a48bd19ff5e27c91c79>:0 @ http://localhost:8090/_framework/blazor.webassembly.js:0
[    7854ms] [ERROR] at Nori.LineFont.Get (string) [0x00082] in <d74c70f944404a48bd19ff5e27c91c79>:0 @ http://localhost:8090/_framework/blazor.webassembly.js:0
[    7855ms] [ERROR] at Nori.LineFont.Get (string) [0x00082] in <d74c70f944404a48bd19ff5e27c91c79>:0 @ http://localhost:8090/_framework/blazor.webassembly.js:0
[    7855ms] [ERROR] at Nori.LineFont.Get (string) [0x00082] in <d74c70f944404a48bd19ff5e27c91c79>:0 @ http://localhost:8090/_framework/blazor.webassembly.js:0
[    7855ms] [ERROR] at Nori.LineFont.Get (string) [0x00082] in <d74c70f944404a48bd19ff5e27c91c79>:0 @ http://localhost:8090/_framework/blazor.webassembly.js:0
[    7855ms] [ERROR] at Nori.LineFont.Get (string) [0x00082] in <d74c70f944404a48bd19ff5e27c91c79>:0 @ http://localhost:8090/_framework/blazor.webassembly.js:0
[    7855ms] [ERROR] at Nori.LineFont.Get (string) [0x00082] in <d74c70f944404a48bd19ff5e27c91c79>:0 @ http://localhost:8090/_framework/blazor.webassembly.js:0
[    7855ms] [ERROR] at Nori.LineFont.Get (string) [0x00082] in <d74c70f944404a48bd19ff5e27c91c79>:0 @ http://localhost:8090/_framework/blazor.webassembly.js:0
[    7855ms] [ERROR] at Nori.LineFont.Get (string) [0x00082] in <d74c70f944404a48bd19ff5e27c91c79>:0 @ http://localhost:8090/_framework/blazor.webassembly.js:0
[    7855ms] [ERROR] at Nori.LineFont.Get (string) [0x00082] in <d74c70f944404a48bd19ff5e27c91c79>:0 @ http://localhost:8090/_framework/blazor.webassembly.js:0
[    7855ms] [ERROR] at Nori.LineFont.Get (string) [0x00082] in <d74c70f944404a48bd19ff5e27c91c79>:0 @ http://localhost:8090/_framework/blazor.webassembly.js:0
[    7855ms] [ERROR] at Nori.LineFont.Get (string) [0x00082] in <d74c70f944404a48bd19ff5e27c91c79>:0 @ http://localhost:8090/_framework/blazor.webassembly.js:0
[    7855ms] [ERROR] at Nori.LineFont.Get (string) [0x00082] in <d74c70f944404a48bd19ff5e27c91c79>:0 @ http://localhost:8090/_framework/blazor.webassembly.js:0
[    7855ms] [ERROR] at Nori.LineFont.Get (string) [0x00082] in <d74c70f944404a48bd19ff5e27c91c79>:0 @ http://localhost:8090/_framework/blazor.webassembly.js:0
[    7855ms] [ERROR] at Nori.LineFont.Get (string) [0x00082] in <d74c70f944404a48bd19ff5e27c91c79>:0 @ http://localhost:8090/_framework/blazor.webassembly.js:0
[    7855ms] [ERROR] at Nori.LineFont.Get (string) [0x00082] in <d74c70f944404a48bd19ff5e27c91c79>:0 @ http://localhost:8090/_framework/blazor.webassembly.js:0
[    7855ms] [ERROR] at Nori.LineFont.Get (string) [0x00082] in <d74c70f944404a48bd19ff5e27c91c79>:0 @ http://localhost:8090/_framework/blazor.webassembly.js:0
[    7855ms] [ERROR] at Nori.LineFont.Get (string) [0x00082] in <d74c70f944404a48bd19ff5e27c91c79>:0 @ http://localhost:8090/_framework/blazor.webassembly.js:0
[    7856ms] [ERROR] at Nori.LineFont.Get (string) [0x00082] in <d74c70f944404a48bd19ff5e27c91c79>:0 @ http://localhost:8090/_framework/blazor.webassembly.js:0
[    7856ms] [ERROR] at Nori.LineFont.Get (string) [0x00082] in <d74c70f944404a48bd19ff5e27c91c79>:0 @ http://localhost:8090/_framework/blazor.webassembly.js:0
[    7856ms] [ERROR] at Nori.LineFont.Get (string) [0x00082] in <d74c70f944404a48bd19ff5e27c91c79>:0 @ http://localhost:8090/_framework/blazor.webassembly.js:0
[    7856ms] [ERROR] at Nori.LineFont.Get (string) [0x00082] in <d74c70f944404a48bd19ff5e27c91c79>:0 @ http://localhost:8090/_framework/blazor.webassembly.js:0
[    7856ms] [ERROR] at Nori.LineFont.Get (string) [0x00082] in <d74c70f944404a48bd19ff5e27c91c79>:0 @ http://localhost:8090/_framework/blazor.webassembly.js:0
[    7856ms] [ERROR] at Nori.LineFont.Get (string) [0x00082] in <d74c70f944404a48bd19ff5e27c91c79>:0 @ http://localhost:8090/_framework/blazor.webassembly.js:0
[    7856ms] [ERROR] at Nori.LineFont.Get (string) [0x00082] in <d74c70f944404a48bd19ff5e27c91c79>:0 @ http://localhost:8090/_framework/blazor.webassembly.js:0
[    7856ms] [ERROR] at Nori.LineFont.Get (string) [0x00082] in <d74c70f944404a48bd19ff5e27c91c79>:0 @ http://localhost:8090/_framework/blazor.webassembly.js:0
[    7856ms] [ERROR] at Nori.LineFont.Get (string) [0x00082] in <d74c70f944404a48bd19ff5e27c91c79>:0 @ http://localhost:8090/_framework/blazor.webassembly.js:0
[    7856ms] [ERROR] at Nori.LineFont.Get (string) [0x00082] in <d74c70f944404a48bd19ff5e27c91c79>:0 @ http://localhost:8090/_framework/blazor.webassembly.js:0
[    7856ms] [ERROR] at Nori.LineFont.Get (string) [0x00082] in <d74c70f944404a48bd19ff5e27c91c79>:0 @ http://localhost:8090/_framework/blazor.webassembly.js:0
[    7856ms] [ERROR] at Nori.LineFont.Get (string) [0x00082] in <d74c70f944404a48bd19ff5e27c91c79>:0 @ http://localhost:8090/_framework/blazor.webassembly.js:0
[    7856ms] [ERROR] at Nori.LineFont.Get (string) [0x00082] in <d74c70f944404a48bd19ff5e27c91c79>:0 @ http://localhost:8090/_framework/blazor.webassembly.js:0
[    7856ms] [ERROR] at Nori.LineFont.Get (string) [0x00082] in <d74c70f944404a48bd19ff5e27c91c79>:0 @ http://localhost:8090/_framework/blazor.webassembly.js:0
[    7856ms] [ERROR] at Nori.LineFont.Get (string) [0x00082] in <d74c70f944404a48bd19ff5e27c91c79>:0 @ http://localhost:8090/_framework/blazor.webassembly.js:0
[    7857ms] [ERROR] at Nori.LineFont.Get (string) [0x00082] in <d74c70f944404a48bd19ff5e27c91c79>:0 @ http://localhost:8090/_framework/blazor.webassembly.js:0
[    7857ms] [ERROR] at Nori.LineFont.Get (string) [0x00082] in <d74c70f944404a48bd19ff5e27c91c79>:0 @ http://localhost:8090/_framework/blazor.webassembly.js:0
[    7857ms] [ERROR] at Nori.LineFont.Get (string) [0x00082] in <d74c70f944404a48bd19ff5e27c91c79>:0 @ http://localhost:8090/_framework/blazor.webassembly.js:0
[    7857ms] [ERROR] at Nori.LineFont.Get (string) [0x00082] in <d74c70f944404a48bd19ff5e27c91c79>:0 @ http://localhost:8090/_framework/blazor.webassembly.js:0
[    7857ms] [ERROR] at Nori.LineFont.Get (string) [0x00082] in <d74c70f944404a48bd19ff5e27c91c79>:0 @ http://localhost:8090/_framework/blazor.webassembly.js:0
[    7857ms] [ERROR] at Nori.LineFont.Get (string) [0x00082] in <d74c70f944404a48bd19ff5e27c91c79>:0 @ http://localhost:8090/_framework/blazor.webassembly.js:0
[    7857ms] [ERROR] at Nori.LineFont.Get (string) [0x00082] in <d74c70f944404a48bd19ff5e27c91c79>:0 @ http://localhost:8090/_framework/blazor.webassembly.js:0
[    7857ms] [ERROR] at Nori.LineFont.Get (string) [0x00082] in <d74c70f944404a48bd19ff5e27c91c79>:0 @ http://localhost:8090/_framework/blazor.webassembly.js:0
[    7857ms] [ERROR] at Nori.LineFont.Get (string) [0x00082] in <d74c70f944404a48bd19ff5e27c91c79>:0 @ http://localhost:8090/_framework/blazor.webassembly.js:0
[    7857ms] [ERROR] at Nori.LineFont.Get (string) [0x00082] in <d74c70f944404a48bd19ff5e27c91c79>:0 @ http://localhost:8090/_framework/blazor.webassembly.js:0
[    7857ms] [ERROR] at Nori.LineFont.Get (string) [0x00082] in <d74c70f944404a48bd19ff5e27c91c79>:0 @ http://localhost:8090/_framework/blazor.webassembly.js:0
[    7857ms] [ERROR] at Nori.LineFont.Get (string) [0x00082] in <d74c70f944404a48bd19ff5e27c91c79>:0 @ http://localhost:8090/_framework/blazor.webassembly.js:0
[    7857ms] [ERROR] at Nori.LineFont.Get (string) [0x00082] in <d74c70f944404a48bd19ff5e27c91c79>:0 @ http://localhost:8090/_framework/blazor.webassembly.js:0
[    7857ms] [ERROR] at Nori.LineFont.Get (string) [0x00082] in <d74c70f944404a48bd19ff5e27c91c79>:0 @ http://localhost:8090/_framework/blazor.webassembly.js:0
[    7857ms] [ERROR] at Nori.LineFont.Get (string) [0x00082] in <d74c70f944404a48bd19ff5e27c91c79>:0 @ http://localhost:8090/_framework/blazor.webassembly.js:0
[    7857ms] [ERROR] at Nori.LineFont.Get (string) [0x00082] in <d74c70f944404a48bd19ff5e27c91c79>:0 @ http://localhost:8090/_framework/blazor.webassembly.js:0
[    7858ms] [ERROR] at Nori.LineFont.Get (string) [0x00082] in <d74c70f944404a48bd19ff5e27c91c79>:0 @ http://localhost:8090/_framework/blazor.webassembly.js:0
[    7858ms] [ERROR] at Nori.LineFont.Get (string) [0x00082] in <d74c70f944404a48bd19ff5e27c91c79>:0 @ http://localhost:8090/_framework/blazor.webassembly.js:0
[    7858ms] [ERROR] at Nori.LineFont.Get (string) [0x00082] in <d74c70f944404a48bd19ff5e27c91c79>:0 @ http://localhost:8090/_framework/blazor.webassembly.js:0
[    7858ms] [ERROR] at Nori.LineFont.Get (string) [0x00082] in <d74c70f944404a48bd19ff5e27c91c79>:0 @ http://localhost:8090/_framework/blazor.webassembly.js:0
[    7858ms] [ERROR] at Nori.LineFont.Get (string) [0x00082] in <d74c70f944404a48bd19ff5e27c91c79>:0 @ http://localhost:8090/_framework/blazor.webassembly.js:0
[    7858ms] [ERROR] at Nori.LineFont.Get (string) [0x00082] in <d74c70f944404a48bd19ff5e27c91c79>:0 @ http://localhost:8090/_framework/blazor.webassembly.js:0
[    7858ms] [ERROR] at Nori.LineFont.Get (string) [0x00082] in <d74c70f944404a48bd19ff5e27c91c79>:0 @ http://localhost:8090/_framework/blazor.webassembly.js:0
[    7858ms] [ERROR] at Nori.LineFont.Get (string) [0x00082] in <d74c70f944404a48bd19ff5e27c91c79>:0 @ http://localhost:8090/_framework/blazor.webassembly.js:0
[    7858ms] [ERROR] at Nori.LineFont.Get (string) [0x00082] in <d74c70f944404a48bd19ff5e27c91c79>:0 @ http://localhost:8090/_framework/blazor.webassembly.js:0
[    7858ms] [ERROR] at Nori.LineFont.Get (string) [0x00082] in <d74c70f944404a48bd19ff5e27c91c79>:0 @ http://localhost:8090/_framework/blazor.webassembly.js:0
[    7858ms] [ERROR] at Nori.LineFont.Get (string) [0x00082] in <d74c70f944404a48bd19ff5e27c91c79>:0 @ http://localhost:8090/_framework/blazor.webassembly.js:0
[    7858ms] [ERROR] at Nori.LineFont.Get (string) [0x00082] in <d74c70f944404a48bd19ff5e27c91c79>:0 @ http://localhost:8090/_framework/blazor.webassembly.js:0
[    7858ms] [ERROR] at Nori.LineFont.Get (string) [0x00082] in <d74c70f944404a48bd19ff5e27c91c79>:0 @ http://localhost:8090/_framework/blazor.webassembly.js:0
[    7858ms] [ERROR] at Nori.LineFont.Get (string) [0x00082] in <d74c70f944404a48bd19ff5e27c91c79>:0 @ http://localhost:8090/_framework/blazor.webassembly.js:0
[    7858ms] [ERROR] at Nori.LineFont.Get (string) [0x00082] in <d74c70f944404a48bd19ff5e27c91c79>:0 @ http://localhost:8090/_framework/blazor.webassembly.js:0
[    7858ms] [ERROR] at Nori.LineFont.Get (string) [0x00082] in <d74c70f944404a48bd19ff5e27c91c79>:0 @ http://localhost:8090/_framework/blazor.webassembly.js:0
[    7859ms] [ERROR] at Nori.LineFont.Get (string) [0x00082] in <d74c70f944404a48bd19ff5e27c91c79>:0 @ http://localhost:8090/_framework/blazor.webassembly.js:0
[    7859ms] [ERROR] at Nori.LineFont.Get (string) [0x00082] in <d74c70f944404a48bd19ff5e27c91c79>:0 @ http://localhost:8090/_framework/blazor.webassembly.js:0
[    7859ms] [ERROR] at Nori.LineFont.Get (string) [0x00082] in <d74c70f944404a48bd19ff5e27c91c79>:0 @ http://localhost:8090/_framework/blazor.webassembly.js:0
[    7859ms] [ERROR] at Nori.LineFont.Get (string) [0x00082] in <d74c70f944404a48bd19ff5e27c91c79>:0 @ http://localhost:8090/_framework/blazor.webassembly.js:0
[    7859ms] [ERROR] at Nori.LineFont.Get (string) [0x00082] in <d74c70f944404a48bd19ff5e27c91c79>:0 @ http://localhost:8090/_framework/blazor.webassembly.js:0
[    7859ms] [ERROR] at Nori.LineFont.Get (string) [0x00082] in <d74c70f944404a48bd19ff5e27c91c79>:0 @ http://localhost:8090/_framework/blazor.webassembly.js:0
[    7859ms] [ERROR] at Nori.LineFont.Get (string) [0x00082] in <d74c70f944404a48bd19ff5e27c91c79>:0 @ http://localhost:8090/_framework/blazor.webassembly.js:0
[    7859ms] [ERROR] at Nori.LineFont.Get (string) [0x00082] in <d74c70f944404a48bd19ff5e27c91c79>:0 @ http://localhost:8090/_framework/blazor.webassembly.js:0
[    7859ms] [ERROR] at Nori.LineFont.Get (string) [0x00082] in <d74c70f944404a48bd19ff5e27c91c79>:0 @ http://localhost:8090/_framework/blazor.webassembly.js:0
[    7859ms] [ERROR] at Nori.LineFont.Get (string) [0x00082] in <d74c70f944404a48bd19ff5e27c91c79>:0 @ http://localhost:8090/_framework/blazor.webassembly.js:0
[    7859ms] [ERROR] at Nori.LineFont.Get (string) [0x00082] in <d74c70f944404a48bd19ff5e27c91c79>:0 @ http://localhost:8090/_framework/blazor.webassembly.js:0
[    7859ms] [ERROR] at Nori.LineFont.Get (string) [0x00082] in <d74c70f944404a48bd19ff5e27c91c79>:0 @ http://localhost:8090/_framework/blazor.webassembly.js:0
[    7859ms] [ERROR] at Nori.LineFont.Get (string) [0x00082] in <d74c70f944404a48bd19ff5e27c91c79>:0 @ http://localhost:8090/_framework/blazor.webassembly.js:0
[    7860ms] [ERROR] at Nori.LineFont.Get (string) [0x00082] in <d74c70f944404a48bd19ff5e27c91c79>:0 @ http://localhost:8090/_framework/blazor.webassembly.js:0
[    7860ms] [ERROR] at Nori.LineFont.Get (string) [0x00082] in <d74c70f944404a48bd19ff5e27c91c79>:0 @ http://localhost:8090/_framework/blazor.webassembly.js:0
[    7860ms] [ERROR] at Nori.LineFont.Get (string) [0x00082] in <d74c70f944404a48bd19ff5e27c91c79>:0 @ http://localhost:8090/_framework/blazor.webassembly.js:0
[    7860ms] [ERROR] at Nori.LineFont.Get (string) [0x00082] in <d74c70f944404a48bd19ff5e27c91c79>:0 @ http://localhost:8090/_framework/blazor.webassembly.js:0
[    7860ms] [ERROR] at Nori.LineFont.Get (string) [0x00082] in <d74c70f944404a48bd19ff5e27c91c79>:0 @ http://localhost:8090/_framework/blazor.webassembly.js:0
[    7860ms] [ERROR] at Nori.LineFont.Get (string) [0x00082] in <d74c70f944404a48bd19ff5e27c91c79>:0 @ http://localhost:8090/_framework/blazor.webassembly.js:0
[    7860ms] [ERROR] at Nori.LineFont.Get (string) [0x00082] in <d74c70f944404a48bd19ff5e27c91c79>:0 @ http://localhost:8090/_framework/blazor.webassembly.js:0
[    7860ms] [ERROR] at Nori.LineFont.Get (string) [0x00082] in <d74c70f944404a48bd19ff5e27c91c79>:0 @ http://localhost:8090/_framework/blazor.webassembly.js:0
[    7860ms] [ERROR] at Nori.LineFont.Get (string) [0x00082] in <d74c70f944404a48bd19ff5e27c91c79>:0 @ http://localhost:8090/_framework/blazor.webassembly.js:0
[    7860ms] [ERROR] at Nori.LineFont.Get (string) [0x00082] in <d74c70f944404a48bd19ff5e27c91c79>:0 @ http://localhost:8090/_framework/blazor.webassembly.js:0
[    7860ms] [ERROR] at Nori.LineFont.Get (string) [0x00082] in <d74c70f944404a48bd19ff5e27c91c79>:0 @ http://localhost:8090/_framework/blazor.webassembly.js:0
[    7860ms] [ERROR] at Nori.LineFont.Get (string) [0x00082] in <d74c70f944404a48bd19ff5e27c91c79>:0 @ http://localhost:8090/_framework/blazor.webassembly.js:0
[    7860ms] [ERROR] at Nori.LineFont.Get (string) [0x00082] in <d74c70f944404a48bd19ff5e27c91c79>:0 @ http://localhost:8090/_framework/blazor.webassembly.js:0
[    7860ms] [ERROR] at Nori.LineFont.Get (string) [0x00082] in <d74c70f944404a48bd19ff5e27c91c79>:0 @ http://localhost:8090/_framework/blazor.webassembly.js:0
[    7860ms] [ERROR] at Nori.LineFont.Get (string) [0x00082] in <d74c70f944404a48bd19ff5e27c91c79>:0 @ http://localhost:8090/_framework/blazor.webassembly.js:0
[    7860ms] [ERROR] at Nori.LineFont.Get (string) [0x00082] in <d74c70f944404a48bd19ff5e27c91c79>:0 @ http://localhost:8090/_framework/blazor.webassembly.js:0
[    7861ms] [ERROR] at Nori.LineFont.Get (string) [0x00082] in <d74c70f944404a48bd19ff5e27c91c79>:0 @ http://localhost:8090/_framework/blazor.webassembly.js:0
[    7861ms] [ERROR] at Nori.LineFont.Get (string) [0x00082] in <d74c70f944404a48bd19ff5e27c91c79>:0 @ http://localhost:8090/_framework/blazor.webassembly.js:0
[    7861ms] [ERROR] at Nori.LineFont.Get (string) [0x00082] in <d74c70f944404a48bd19ff5e27c91c79>:0 @ http://localhost:8090/_framework/blazor.webassembly.js:0
[    7861ms] [ERROR] at Nori.LineFont.Get (string) [0x00082] in <d74c70f944404a48bd19ff5e27c91c79>:0 @ http://localhost:8090/_framework/blazor.webassembly.js:0
[    7861ms] [ERROR] at Nori.LineFont.Get (string) [0x00082] in <d74c70f944404a48bd19ff5e27c91c79>:0 @ http://localhost:8090/_framework/blazor.webassembly.js:0
[    7861ms] [ERROR] at Nori.LineFont.Get (string) [0x00082] in <d74c70f944404a48bd19ff5e27c91c79>:0 @ http://localhost:8090/_framework/blazor.webassembly.js:0
[    7861ms] [ERROR] at Nori.LineFont.Get (string) [0x00082] in <d74c70f944404a48bd19ff5e27c91c79>:0 @ http://localhost:8090/_framework/blazor.webassembly.js:0
[    7861ms] [ERROR] at Nori.LineFont.Get (string) [0x00082] in <d74c70f944404a48bd19ff5e27c91c79>:0 @ http://localhost:8090/_framework/blazor.webassembly.js:0
[    7861ms] [ERROR] at Nori.LineFont.Get (string) [0x00082] in <d74c70f944404a48bd19ff5e27c91c79>:0 @ http://localhost:8090/_framework/blazor.webassembly.js:0
[    7861ms] [ERROR] at Nori.LineFont.Get (string) [0x00082] in <d74c70f944404a48bd19ff5e27c91c79>:0 @ http://localhost:8090/_framework/blazor.webassembly.js:0
[    7861ms] [ERROR] at Nori.LineFont.Get (string) [0x00082] in <d74c70f944404a48bd19ff5e27c91c79>:0 @ http://localhost:8090/_framework/blazor.webassembly.js:0
[    7861ms] [ERROR] at Nori.LineFont.Get (string) [0x00082] in <d74c70f944404a48bd19ff5e27c91c79>:0 @ http://localhost:8090/_framework/blazor.webassembly.js:0
[    7861ms] [ERROR] at Nori.LineFont.Get (string) [0x00082] in <d74c70f944404a48bd19ff5e27c91c79>:0 @ http://localhost:8090/_framework/blazor.webassembly.js:0
[    7861ms] [ERROR] at Nori.LineFont.Get (string) [0x00082] in <d74c70f944404a48bd19ff5e27c91c79>:0 @ http://localhost:8090/_framework/blazor.webassembly.js:0
[    7862ms] [ERROR] at Nori.LineFont.Get (string) [0x00082] in <d74c70f944404a48bd19ff5e27c91c79>:0 @ http://localhost:8090/_framework/blazor.webassembly.js:0
[    7862ms] [ERROR] at Nori.LineFont.Get (string) [0x00082] in <d74c70f944404a48bd19ff5e27c91c79>:0 @ http://localhost:8090/_framework/blazor.webassembly.js:0
[    7862ms] [ERROR] at Nori.LineFont.Get (string) [0x00082] in <d74c70f944404a48bd19ff5e27c91c79>:0 @ http://localhost:8090/_framework/blazor.webassembly.js:0
[    7862ms] [ERROR] at Nori.LineFont.Get (string) [0x00082] in <d74c70f944404a48bd19ff5e27c91c79>:0 @ http://localhost:8090/_framework/blazor.webassembly.js:0
[    7863ms] [ERROR] at Nori.LineFont.Get (string) [0x00082] in <d74c70f944404a48bd19ff5e27c91c79>:0 @ http://localhost:8090/_framework/blazor.webassembly.js:0
[    7863ms] [ERROR] at Nori.LineFont.Get (string) [0x00082] in <d74c70f944404a48bd19ff5e27c91c79>:0 @ http://localhost:8090/_framework/blazor.webassembly.js:0
[    7863ms] [ERROR] at Nori.LineFont.Get (string) [0x00082] in <d74c70f944404a48bd19ff5e27c91c79>:0 @ http://localhost:8090/_framework/blazor.webassembly.js:0
[    7863ms] [ERROR] at Nori.LineFont.Get (string) [0x00082] in <d74c70f944404a48bd19ff5e27c91c79>:0 @ http://localhost:8090/_framework/blazor.webassembly.js:0
[    7863ms] [ERROR] at Nori.LineFont.Get (string) [0x00082] in <d74c70f944404a48bd19ff5e27c91c79>:0 @ http://localhost:8090/_framework/blazor.webassembly.js:0
[    7863ms] [ERROR] at Nori.LineFont.Get (string) [0x00082] in <d74c70f944404a48bd19ff5e27c91c79>:0 @ http://localhost:8090/_framework/blazor.webassembly.js:0
[    7863ms] [ERROR] at Nori.LineFont.Get (string) [0x00082] in <d74c70f944404a48bd19ff5e27c91c79>:0 @ http://localhost:8090/_framework/blazor.webassembly.js:0
[    7863ms] [ERROR] at Nori.LineFont.Get (string) [0x00082] in <d74c70f944404a48bd19ff5e27c91c79>:0 @ http://localhost:8090/_framework/blazor.webassembly.js:0
[    7863ms] [ERROR] at Nori.LineFont.Get (string) [0x00082] in <d74c70f944404a48bd19ff5e27c91c79>:0 @ http://localhost:8090/_framework/blazor.webassembly.js:0
[    7863ms] [ERROR] at Nori.LineFont.Get (string) [0x00082] in <d74c70f944404a48bd19ff5e27c91c79>:0 @ http://localhost:8090/_framework/blazor.webassembly.js:0
[    7863ms] [ERROR] at Nori.LineFont.Get (string) [0x00082] in <d74c70f944404a48bd19ff5e27c91c79>:0 @ http://localhost:8090/_framework/blazor.webassembly.js:0
[    7863ms] [ERROR] at Nori.LineFont.Get (string) [0x00082] in <d74c70f944404a48bd19ff5e27c91c79>:0 @ http://localhost:8090/_framework/blazor.webassembly.js:0
[    7863ms] [ERROR] at Nori.LineFont.Get (string) [0x00082] in <d74c70f944404a48bd19ff5e27c91c79>:0 @ http://localhost:8090/_framework/blazor.webassembly.js:0
[    7864ms] [ERROR] at Nori.LineFont.Get (string) [0x00082] in <d74c70f944404a48bd19ff5e27c91c79>:0 @ http://localhost:8090/_framework/blazor.webassembly.js:0
[    7864ms] [ERROR] at Nori.LineFont.Get (string) [0x00082] in <d74c70f944404a48bd19ff5e27c91c79>:0 @ http://localhost:8090/_framework/blazor.webassembly.js:0
[    7864ms] [ERROR] at Nori.LineFont.Get (string) [0x00082] in <d74c70f944404a48bd19ff5e27c91c79>:0 @ http://localhost:8090/_framework/blazor.webassembly.js:0
[    7864ms] [ERROR] at Nori.LineFont.Get (string) [0x00082] in <d74c70f944404a48bd19ff5e27c91c79>:0 @ http://localhost:8090/_framework/blazor.webassembly.js:0
[    7864ms] [ERROR] at Nori.LineFont.Get (string) [0x00082] in <d74c70f944404a48bd19ff5e27c91c79>:0 @ http://localhost:8090/_framework/blazor.webassembly.js:0
[    7864ms] [ERROR] at Nori.LineFont.Get (string) [0x00082] in <d74c70f944404a48bd19ff5e27c91c79>:0 @ http://localhost:8090/_framework/blazor.webassembly.js:0
[    7864ms] [ERROR] at Nori.LineFont.Get (string) [0x00082] in <d74c70f944404a48bd19ff5e27c91c79>:0 @ http://localhost:8090/_framework/blazor.webassembly.js:0
[    7864ms] [ERROR] at Nori.LineFont.Get (string) [0x00082] in <d74c70f944404a48bd19ff5e27c91c79>:0 @ http://localhost:8090/_framework/blazor.webassembly.js:0
[    7864ms] [ERROR] at Nori.LineFont.Get (string) [0x00082] in <d74c70f944404a48bd19ff5e27c91c79>:0 @ http://localhost:8090/_framework/blazor.webassembly.js:0
[    7864ms] [ERROR] at Nori.LineFont.Get (string) [0x00082] in <d74c70f944404a48bd19ff5e27c91c79>:0 @ http://localhost:8090/_framework/blazor.webassembly.js:0
[    7864ms] [ERROR] at Nori.LineFont.Get (string) [0x00082] in <d74c70f944404a48bd19ff5e27c91c79>:0 @ http://localhost:8090/_framework/blazor.webassembly.js:0
[    7864ms] [ERROR] at Nori.LineFont.Get (string) [0x00082] in <d74c70f944404a48bd19ff5e27c91c79>:0 @ http://localhost:8090/_framework/blazor.webassembly.js:0
[    7864ms] [ERROR] at Nori.LineFont.Get (string) [0x00082] in <d74c70f944404a48bd19ff5e27c91c79>:0 @ http://localhost:8090/_framework/blazor.webassembly.js:0
[    7864ms] [ERROR] at Nori.LineFont.Get (string) [0x00082] in <d74c70f944404a48bd19ff5e27c91c79>:0 @ http://localhost:8090/_framework/blazor.webassembly.js:0
[    7864ms] [ERROR] at Nori.LineFont.Get (string) [0x00082] in <d74c70f944404a48bd19ff5e27c91c79>:0 @ http://localhost:8090/_framework/blazor.webassembly.js:0
[    7865ms] [ERROR] at Nori.LineFont.Get (string) [0x00082] in <d74c70f944404a48bd19ff5e27c91c79>:0 @ http://localhost:8090/_framework/blazor.webassembly.js:0
[    7865ms] [ERROR] at Nori.LineFont.Get (string) [0x00082] in <d74c70f944404a48bd19ff5e27c91c79>:0 @ http://localhost:8090/_framework/blazor.webassembly.js:0
[    7865ms] [ERROR] at Nori.LineFont.Get (string) [0x00082] in <d74c70f944404a48bd19ff5e27c91c79>:0 @ http://localhost:8090/_framework/blazor.webassembly.js:0
[    7865ms] [ERROR] at Nori.LineFont.Get (string) [0x00082] in <d74c70f944404a48bd19ff5e27c91c79>:0 @ http://localhost:8090/_framework/blazor.webassembly.js:0
[    7865ms] [ERROR] at Nori.LineFont.Get (string) [0x00082] in <d74c70f944404a48bd19ff5e27c91c79>:0 @ http://localhost:8090/_framework/blazor.webassembly.js:0
[    7865ms] [ERROR] at Nori.LineFont.Get (string) [0x00082] in <d74c70f944404a48bd19ff5e27c91c79>:0 @ http://localhost:8090/_framework/blazor.webassembly.js:0
[    7865ms] [ERROR] at Nori.LineFont.Get (string) [0x00082] in <d74c70f944404a48bd19ff5e27c91c79>:0 @ http://localhost:8090/_framework/blazor.webassembly.js:0
[    7865ms] [ERROR] at Nori.LineFont.Get (string) [0x00082] in <d74c70f944404a48bd19ff5e27c91c79>:0 @ http://localhost:8090/_framework/blazor.webassembly.js:0
[    7865ms] [ERROR] at Nori.LineFont.Get (string) [0x00082] in <d74c70f944404a48bd19ff5e27c91c79>:0 @ http://localhost:8090/_framework/blazor.webassembly.js:0
[    7865ms] [ERROR] at Nori.LineFont.Get (string) [0x00082] in <d74c70f944404a48bd19ff5e27c91c79>:0 @ http://localhost:8090/_framework/blazor.webassembly.js:0
[    7865ms] [ERROR] at Nori.LineFont.Get (string) [0x00082] in <d74c70f944404a48bd19ff5e27c91c79>:0 @ http://localhost:8090/_framework/blazor.webassembly.js:0
[    7865ms] [ERROR] at Nori.LineFont.Get (string) [0x00082] in <d74c70f944404a48bd19ff5e27c91c79>:0 @ http://localhost:8090/_framework/blazor.webassembly.js:0
[    7865ms] [ERROR] at Nori.LineFont.Get (string) [0x00082] in <d74c70f944404a48bd19ff5e27c91c79>:0 @ http://localhost:8090/_framework/blazor.webassembly.js:0
[    7865ms] [ERROR] at Nori.LineFont.Get (string) [0x00082] in <d74c70f944404a48bd19ff5e27c91c79>:0 @ http://localhost:8090/_framework/blazor.webassembly.js:0
[    7865ms] [ERROR] at Nori.LineFont.Get (string) [0x00082] in <d74c70f944404a48bd19ff5e27c91c79>:0 @ http://localhost:8090/_framework/blazor.webassembly.js:0
[    7865ms] [ERROR] at Nori.LineFont.Get (string) [0x00082] in <d74c70f944404a48bd19ff5e27c91c79>:0 @ http://localhost:8090/_framework/blazor.webassembly.js:0
[    7866ms] [ERROR] at Nori.LineFont.Get (string) [0x00082] in <d74c70f944404a48bd19ff5e27c91c79>:0 @ http://localhost:8090/_framework/blazor.webassembly.js:0
[    7866ms] [ERROR] at Nori.LineFont.Get (string) [0x00082] in <d74c70f944404a48bd19ff5e27c91c79>:0 @ http://localhost:8090/_framework/blazor.webassembly.js:0
[    7866ms] [ERROR] at Nori.LineFont.Get (string) [0x00082] in <d74c70f944404a48bd19ff5e27c91c79>:0 @ http://localhost:8090/_framework/blazor.webassembly.js:0
[    7866ms] [ERROR] at Nori.LineFont.Get (string) [0x00082] in <d74c70f944404a48bd19ff5e27c91c79>:0 @ http://localhost:8090/_framework/blazor.webassembly.js:0
[    7866ms] [ERROR] at Nori.LineFont.Get (string) [0x00082] in <d74c70f944404a48bd19ff5e27c91c79>:0 @ http://localhost:8090/_framework/blazor.webassembly.js:0
[    7866ms] [ERROR] at Nori.LineFont.Get (string) [0x00082] in <d74c70f944404a48bd19ff5e27c91c79>:0 @ http://localhost:8090/_framework/blazor.webassembly.js:0
[    7866ms] [ERROR] at Nori.LineFont.Get (string) [0x00082] in <d74c70f944404a48bd19ff5e27c91c79>:0 @ http://localhost:8090/_framework/blazor.webassembly.js:0
[    7866ms] [ERROR] at Nori.LineFont.Get (string) [0x00082] in <d74c70f944404a48bd19ff5e27c91c79>:0 @ http://localhost:8090/_framework/blazor.webassembly.js:0
[    7866ms] [ERROR] at Nori.LineFont.Get (string) [0x00082] in <d74c70f944404a48bd19ff5e27c91c79>:0 @ http://localhost:8090/_framework/blazor.webassembly.js:0
[    7866ms] [ERROR] at Nori.LineFont.Get (string) [0x00082] in <d74c70f944404a48bd19ff5e27c91c79>:0 @ http://localhost:8090/_framework/blazor.webassembly.js:0
[    7866ms] [ERROR] at Nori.LineFont.Get (string) [0x00082] in <d74c70f944404a48bd19ff5e27c91c79>:0 @ http://localhost:8090/_framework/blazor.webassembly.js:0
[    7866ms] [ERROR] at Nori.LineFont.Get (string) [0x00082] in <d74c70f944404a48bd19ff5e27c91c79>:0 @ http://localhost:8090/_framework/blazor.webassembly.js:0
[    7866ms] [ERROR] at Nori.LineFont.Get (string) [0x00082] in <d74c70f944404a48bd19ff5e27c91c79>:0 @ http://localhost:8090/_framework/blazor.webassembly.js:0
[    7866ms] [ERROR] at Nori.LineFont.Get (string) [0x00082] in <d74c70f944404a48bd19ff5e27c91c79>:0 @ http://localhost:8090/_framework/blazor.webassembly.js:0
[    7866ms] [ERROR] at Nori.LineFont.Get (string) [0x00082] in <d74c70f944404a48bd19ff5e27c91c79>:0 @ http://localhost:8090/_framework/blazor.webassembly.js:0
[    7867ms] [ERROR] at Nori.LineFont.Get (string) [0x00082] in <d74c70f944404a48bd19ff5e27c91c79>:0 @ http://localhost:8090/_framework/blazor.webassembly.js:0
[    7867ms] [ERROR] at Nori.LineFont.Get (string) [0x00082] in <d74c70f944404a48bd19ff5e27c91c79>:0 @ http://localhost:8090/_framework/blazor.webassembly.js:0
[    7867ms] [ERROR] at Nori.LineFont.Get (string) [0x00082] in <d74c70f944404a48bd19ff5e27c91c79>:0 @ http://localhost:8090/_framework/blazor.webassembly.js:0
[    7867ms] [ERROR] at Nori.LineFont.Get (string) [0x00082] in <d74c70f944404a48bd19ff5e27c91c79>:0 @ http://localhost:8090/_framework/blazor.webassembly.js:0
[    7867ms] [ERROR] at Nori.LineFont.Get (string) [0x00082] in <d74c70f944404a48bd19ff5e27c91c79>:0 @ http://localhost:8090/_framework/blazor.webassembly.js:0
[    7867ms] [ERROR] at Nori.LineFont.Get (string) [0x00082] in <d74c70f944404a48bd19ff5e27c91c79>:0 @ http://localhost:8090/_framework/blazor.webassembly.js:0
[    7867ms] [ERROR] at Nori.LineFont.Get (string) [0x00082] in <d74c70f944404a48bd19ff5e27c91c79>:0 @ http://localhost:8090/_framework/blazor.webassembly.js:0
[    7867ms] [ERROR] at Nori.LineFont.Get (string) [0x00082] in <d74c70f944404a48bd19ff5e27c91c79>:0 @ http://localhost:8090/_framework/blazor.webassembly.js:0
[    7867ms] [ERROR] at Nori.LineFont.Get (string) [0x00082] in <d74c70f944404a48bd19ff5e27c91c79>:0 @ http://localhost:8090/_framework/blazor.webassembly.js:0
[    7867ms] [ERROR] at Nori.LineFont.Get (string) [0x00082] in <d74c70f944404a48bd19ff5e27c91c79>:0 @ http://localhost:8090/_framework/blazor.webassembly.js:0
[    7867ms] [ERROR] at Nori.LineFont.Get (string) [0x00082] in <d74c70f944404a48bd19ff5e27c91c79>:0 @ http://localhost:8090/_framework/blazor.webassembly.js:0
[    7867ms] [ERROR] at Nori.LineFont.Get (string) [0x00082] in <d74c70f944404a48bd19ff5e27c91c79>:0 @ http://localhost:8090/_framework/blazor.webassembly.js:0
[    7867ms] [ERROR] at Nori.LineFont.Get (string) [0x00082] in <d74c70f944404a48bd19ff5e27c91c79>:0 @ http://localhost:8090/_framework/blazor.webassembly.js:0
[    7867ms] [ERROR] at Nori.LineFont.Get (string) [0x00082] in <d74c70f944404a48bd19ff5e27c91c79>:0 @ http://localhost:8090/_framework/blazor.webassembly.js:0
[    7867ms] [ERROR] at Nori.LineFont.Get (string) [0x00082] in <d74c70f944404a48bd19ff5e27c91c79>:0 @ http://localhost:8090/_framework/blazor.webassembly.js:0
[    7867ms] [ERROR] at Nori.LineFont.Get (string) [0x00082] in <d74c70f944404a48bd19ff5e27c91c79>:0 @ http://localhost:8090/_framework/blazor.webassembly.js:0
[    7868ms] [ERROR] at Nori.LineFont.Get (string) [0x00082] in <d74c70f944404a48bd19ff5e27c91c79>:0 @ http://localhost:8090/_framework/blazor.webassembly.js:0
[    7868ms] [ERROR] at Nori.LineFont.Get (string) [0x00082] in <d74c70f944404a48bd19ff5e27c91c79>:0 @ http://localhost:8090/_framework/blazor.webassembly.js:0
[    7868ms] [ERROR] at Nori.LineFont.Get (string) [0x00082] in <d74c70f944404a48bd19ff5e27c91c79>:0 @ http://localhost:8090/_framework/blazor.webassembly.js:0
[    7868ms] [ERROR] at Nori.LineFont.Get (string) [0x00082] in <d74c70f944404a48bd19ff5e27c91c79>:0 @ http://localhost:8090/_framework/blazor.webassembly.js:0
[    7868ms] [ERROR] at Nori.LineFont.Get (string) [0x00082] in <d74c70f944404a48bd19ff5e27c91c79>:0 @ http://localhost:8090/_framework/blazor.webassembly.js:0
[    7868ms] [ERROR] at Nori.LineFont.Get (string) [0x00082] in <d74c70f944404a48bd19ff5e27c91c79>:0 @ http://localhost:8090/_framework/blazor.webassembly.js:0
[    7868ms] [ERROR] at Nori.LineFont.Get (string) [0x00082] in <d74c70f944404a48bd19ff5e27c91c79>:0 @ http://localhost:8090/_framework/blazor.webassembly.js:0
[    7868ms] [ERROR] at Nori.LineFont.Get (string) [0x00082] in <d74c70f944404a48bd19ff5e27c91c79>:0 @ http://localhost:8090/_framework/blazor.webassembly.js:0
[    7868ms] [ERROR] at Nori.LineFont.Get (string) [0x00082] in <d74c70f944404a48bd19ff5e27c91c79>:0 @ http://localhost:8090/_framework/blazor.webassembly.js:0
[    7868ms] [ERROR] at Nori.LineFont.Get (string) [0x00082] in <d74c70f944404a48bd19ff5e27c91c79>:0 @ http://localhost:8090/_framework/blazor.webassembly.js:0
[    7868ms] [ERROR] at Nori.LineFont.Get (string) [0x00082] in <d74c70f944404a48bd19ff5e27c91c79>:0 @ http://localhost:8090/_framework/blazor.webassembly.js:0
[    7868ms] [ERROR] at Nori.LineFont.Get (string) [0x00082] in <d74c70f944404a48bd19ff5e27c91c79>:0 @ http://localhost:8090/_framework/blazor.webassembly.js:0
[    7868ms] [ERROR] at Nori.LineFont.Get (string) [0x00082] in <d74c70f944404a48bd19ff5e27c91c79>:0 @ http://localhost:8090/_framework/blazor.webassembly.js:0
[    7868ms] [ERROR] at Nori.LineFont.Get (string) [0x00082] in <d74c70f944404a48bd19ff5e27c91c79>:0 @ http://localhost:8090/_framework/blazor.webassembly.js:0
[    7868ms] [ERROR] at Nori.LineFont.Get (string) [0x00082] in <d74c70f944404a48bd19ff5e27c91c79>:0 @ http://localhost:8090/_framework/blazor.webassembly.js:0
[    7869ms] [ERROR] at Nori.LineFont.Get (string) [0x00082] in <d74c70f944404a48bd19ff5e27c91c79>:0 @ http://localhost:8090/_framework/blazor.webassembly.js:0
[    7869ms] [ERROR] at Nori.LineFont.Get (string) [0x00082] in <d74c70f944404a48bd19ff5e27c91c79>:0 @ http://localhost:8090/_framework/blazor.webassembly.js:0
[    7869ms] [ERROR] at Nori.LineFont.Get (string) [0x00082] in <d74c70f944404a48bd19ff5e27c91c79>:0 @ http://localhost:8090/_framework/blazor.webassembly.js:0
[    7869ms] [ERROR] at Nori.LineFont.Get (string) [0x00082] in <d74c70f944404a48bd19ff5e27c91c79>:0 @ http://localhost:8090/_framework/blazor.webassembly.js:0
[    7869ms] [ERROR] at Nori.LineFont.Get (string) [0x00082] in <d74c70f944404a48bd19ff5e27c91c79>:0 @ http://localhost:8090/_framework/blazor.webassembly.js:0
[    7869ms] [ERROR] at Nori.LineFont.Get (string) [0x00082] in <d74c70f944404a48bd19ff5e27c91c79>:0 @ http://localhost:8090/_framework/blazor.webassembly.js:0
[    7869ms] [ERROR] at Nori.LineFont.Get (string) [0x00082] in <d74c70f944404a48bd19ff5e27c91c79>:0 @ http://localhost:8090/_framework/blazor.webassembly.js:0
[    7869ms] [ERROR] at Nori.LineFont.Get (string) [0x00082] in <d74c70f944404a48bd19ff5e27c91c79>:0 @ http://localhost:8090/_framework/blazor.webassembly.js:0
[    7869ms] [ERROR] at Nori.LineFont.Get (string) [0x00082] in <d74c70f944404a48bd19ff5e27c91c79>:0 @ http://localhost:8090/_framework/blazor.webassembly.js:0
[    7869ms] [ERROR] at Nori.LineFont.Get (string) [0x00082] in <d74c70f944404a48bd19ff5e27c91c79>:0 @ http://localhost:8090/_framework/blazor.webassembly.js:0
[    7869ms] [ERROR] at Nori.LineFont.Get (string) [0x00082] in <d74c70f944404a48bd19ff5e27c91c79>:0 @ http://localhost:8090/_framework/blazor.webassembly.js:0
[    7869ms] [ERROR] at Nori.LineFont.Get (string) [0x00082] in <d74c70f944404a48bd19ff5e27c91c79>:0 @ http://localhost:8090/_framework/blazor.webassembly.js:0
[    7869ms] [ERROR] at Nori.LineFont.Get (string) [0x00082] in <d74c70f944404a48bd19ff5e27c91c79>:0 @ http://localhost:8090/_framework/blazor.webassembly.js:0
[    7870ms] [ERROR] at Nori.LineFont.Get (string) [0x00082] in <d74c70f944404a48bd19ff5e27c91c79>:0 @ http://localhost:8090/_framework/blazor.webassembly.js:0
[    7870ms] [ERROR] at Nori.LineFont.Get (string) [0x00082] in <d74c70f944404a48bd19ff5e27c91c79>:0 @ http://localhost:8090/_framework/blazor.webassembly.js:0
[    7870ms] [ERROR] at Nori.LineFont.Get (string) [0x00082] in <d74c70f944404a48bd19ff5e27c91c79>:0 @ http://localhost:8090/_framework/blazor.webassembly.js:0
[    7870ms] [ERROR] at Nori.LineFont.Get (string) [0x00082] in <d74c70f944404a48bd19ff5e27c91c79>:0 @ http://localhost:8090/_framework/blazor.webassembly.js:0
[    7870ms] [ERROR] at Nori.LineFont.Get (string) [0x00082] in <d74c70f944404a48bd19ff5e27c91c79>:0 @ http://localhost:8090/_framework/blazor.webassembly.js:0
[    7870ms] [ERROR] at Nori.LineFont.Get (string) [0x00082] in <d74c70f944404a48bd19ff5e27c91c79>:0 @ http://localhost:8090/_framework/blazor.webassembly.js:0
[    7870ms] [ERROR] at Nori.LineFont.Get (string) [0x00082] in <d74c70f944404a48bd19ff5e27c91c79>:0 @ http://localhost:8090/_framework/blazor.webassembly.js:0
[    7870ms] [ERROR] at Nori.LineFont.Get (string) [0x00082] in <d74c70f944404a48bd19ff5e27c91c79>:0 @ http://localhost:8090/_framework/blazor.webassembly.js:0
[    7870ms] [ERROR] at Nori.LineFont.Get (string) [0x00082] in <d74c70f944404a48bd19ff5e27c91c79>:0 @ http://localhost:8090/_framework/blazor.webassembly.js:0
[    7870ms] [ERROR] at Nori.LineFont.Get (string) [0x00082] in <d74c70f944404a48bd19ff5e27c91c79>:0 @ http://localhost:8090/_framework/blazor.webassembly.js:0
[    7870ms] [ERROR] at Nori.LineFont.Get (string) [0x00082] in <d74c70f944404a48bd19ff5e27c91c79>:0 @ http://localhost:8090/_framework/blazor.webassembly.js:0
[    7870ms] [ERROR] at Nori.LineFont.Get (string) [0x00082] in <d74c70f944404a48bd19ff5e27c91c79>:0 @ http://localhost:8090/_framework/blazor.webassembly.js:0
[    7870ms] [ERROR] at Nori.LineFont.Get (string) [0x00082] in <d74c70f944404a48bd19ff5e27c91c79>:0 @ http://localhost:8090/_framework/blazor.webassembly.js:0
[    7870ms] [ERROR] at Nori.LineFont.Get (string) [0x00082] in <d74c70f944404a48bd19ff5e27c91c79>:0 @ http://localhost:8090/_framework/blazor.webassembly.js:0
[    7870ms] [ERROR] at Nori.LineFont.Get (string) [0x00082] in <d74c70f944404a48bd19ff5e27c91c79>:0 @ http://localhost:8090/_framework/blazor.webassembly.js:0
[    7871ms] [ERROR] at Nori.LineFont.Get (string) [0x00082] in <d74c70f944404a48bd19ff5e27c91c79>:0 @ http://localhost:8090/_framework/blazor.webassembly.js:0
[    7871ms] [ERROR] at Nori.LineFont.Get (string) [0x00082] in <d74c70f944404a48bd19ff5e27c91c79>:0 @ http://localhost:8090/_framework/blazor.webassembly.js:0
[    7871ms] [ERROR] at Nori.LineFont.Get (string) [0x00082] in <d74c70f944404a48bd19ff5e27c91c79>:0 @ http://localhost:8090/_framework/blazor.webassembly.js:0
[    7871ms] [ERROR] at Nori.LineFont.Get (string) [0x00082] in <d74c70f944404a48bd19ff5e27c91c79>:0 @ http://localhost:8090/_framework/blazor.webassembly.js:0
[    7871ms] [ERROR] at Nori.LineFont.Get (string) [0x00082] in <d74c70f944404a48bd19ff5e27c91c79>:0 @ http://localhost:8090/_framework/blazor.webassembly.js:0
[    7871ms] [ERROR] at Nori.LineFont.Get (string) [0x00082] in <d74c70f944404a48bd19ff5e27c91c79>:0 @ http://localhost:8090/_framework/blazor.webassembly.js:0
[    7871ms] [ERROR] at Nori.LineFont.Get (string) [0x00082] in <d74c70f944404a48bd19ff5e27c91c79>:0 @ http://localhost:8090/_framework/blazor.webassembly.js:0
[    7871ms] [ERROR] at Nori.LineFont.Get (string) [0x00082] in <d74c70f944404a48bd19ff5e27c91c79>:0 @ http://localhost:8090/_framework/blazor.webassembly.js:0
[    7871ms] [ERROR] at Nori.LineFont.Get (string) [0x00082] in <d74c70f944404a48bd19ff5e27c91c79>:0 @ http://localhost:8090/_framework/blazor.webassembly.js:0
[    7871ms] [ERROR] at Nori.LineFont.Get (string) [0x00082] in <d74c70f944404a48bd19ff5e27c91c79>:0 @ http://localhost:8090/_framework/blazor.webassembly.js:0
[    7871ms] [ERROR] at Nori.LineFont.Get (string) [0x00082] in <d74c70f944404a48bd19ff5e27c91c79>:0 @ http://localhost:8090/_framework/blazor.webassembly.js:0
[    7871ms] [ERROR] at Nori.LineFont.Get (string) [0x00082] in <d74c70f944404a48bd19ff5e27c91c79>:0 @ http://localhost:8090/_framework/blazor.webassembly.js:0
[    7871ms] [ERROR] at Nori.LineFont.Get (string) [0x00082] in <d74c70f944404a48bd19ff5e27c91c79>:0 @ http://localhost:8090/_framework/blazor.webassembly.js:0
[    7871ms] [ERROR] at Nori.LineFont.Get (string) [0x00082] in <d74c70f944404a48bd19ff5e27c91c79>:0 @ http://localhost:8090/_framework/blazor.webassembly.js:0
[    7871ms] [ERROR] at Nori.LineFont.Get (string) [0x00082] in <d74c70f944404a48bd19ff5e27c91c79>:0 @ http://localhost:8090/_framework/blazor.webassembly.js:0
[    7871ms] [ERROR] at Nori.LineFont.Get (string) [0x00082] in <d74c70f944404a48bd19ff5e27c91c79>:0 @ http://localhost:8090/_framework/blazor.webassembly.js:0
[    7872ms] [ERROR] at Nori.LineFont.Get (string) [0x00082] in <d74c70f944404a48bd19ff5e27c91c79>:0 @ http://localhost:8090/_framework/blazor.webassembly.js:0
[    7872ms] [ERROR] at Nori.LineFont.Get (string) [0x00082] in <d74c70f944404a48bd19ff5e27c91c79>:0 @ http://localhost:8090/_framework/blazor.webassembly.js:0
[    7872ms] [ERROR] at Nori.LineFont.Get (string) [0x00082] in <d74c70f944404a48bd19ff5e27c91c79>:0 @ http://localhost:8090/_framework/blazor.webassembly.js:0
[    7872ms] [ERROR] at Nori.LineFont.Get (string) [0x00082] in <d74c70f944404a48bd19ff5e27c91c79>:0 @ http://localhost:8090/_framework/blazor.webassembly.js:0
[    7872ms] [ERROR] at Nori.LineFont.Get (string) [0x00082] in <d74c70f944404a48bd19ff5e27c91c79>:0 @ http://localhost:8090/_framework/blazor.webassembly.js:0
[    7872ms] [ERROR] at Nori.LineFont.Get (string) [0x00082] in <d74c70f944404a48bd19ff5e27c91c79>:0 @ http://localhost:8090/_framework/blazor.webassembly.js:0
[    7872ms] [ERROR] at Nori.LineFont.Get (string) [0x00082] in <d74c70f944404a48bd19ff5e27c91c79>:0 @ http://localhost:8090/_framework/blazor.webassembly.js:0
[    7872ms] [ERROR] at Nori.LineFont.Get (string) [0x00082] in <d74c70f944404a48bd19ff5e27c91c79>:0 @ http://localhost:8090/_framework/blazor.webassembly.js:0
[    7872ms] [ERROR] at Nori.LineFont.Get (string) [0x00082] in <d74c70f944404a48bd19ff5e27c91c79>:0 @ http://localhost:8090/_framework/blazor.webassembly.js:0
[    7872ms] [ERROR] at Nori.LineFont.Get (string) [0x00082] in <d74c70f944404a48bd19ff5e27c91c79>:0 @ http://localhost:8090/_framework/blazor.webassembly.js:0
[    7872ms] [ERROR] at Nori.LineFont.Get (string) [0x00082] in <d74c70f944404a48bd19ff5e27c91c79>:0 @ http://localhost:8090/_framework/blazor.webassembly.js:0
[    7872ms] [ERROR] at Nori.LineFont.Get (string) [0x00082] in <d74c70f944404a48bd19ff5e27c91c79>:0 @ http://localhost:8090/_framework/blazor.webassembly.js:0
[    7872ms] [ERROR] at Nori.LineFont.Get (string) [0x00082] in <d74c70f944404a48bd19ff5e27c91c79>:0 @ http://localhost:8090/_framework/blazor.webassembly.js:0
[    7872ms] [ERROR] at Nori.LineFont.Get (string) [0x00082] in <d74c70f944404a48bd19ff5e27c91c79>:0 @ http://localhost:8090/_framework/blazor.webassembly.js:0
[    7872ms] [ERROR] at Nori.LineFont.Get (string) [0x00082] in <d74c70f944404a48bd19ff5e27c91c79>:0 @ http://localhost:8090/_framework/blazor.webassembly.js:0
[    7873ms] [ERROR] at Nori.LineFont.Get (string) [0x00082] in <d74c70f944404a48bd19ff5e27c91c79>:0 @ http://localhost:8090/_framework/blazor.webassembly.js:0
[    7873ms] [ERROR] at Nori.LineFont.Get (string) [0x00082] in <d74c70f944404a48bd19ff5e27c91c79>:0 @ http://localhost:8090/_framework/blazor.webassembly.js:0
[    7873ms] [ERROR] at Nori.LineFont.Get (string) [0x00082] in <d74c70f944404a48bd19ff5e27c91c79>:0 @ http://localhost:8090/_framework/blazor.webassembly.js:0
[    7873ms] [ERROR] at Nori.LineFont.Get (string) [0x00082] in <d74c70f944404a48bd19ff5e27c91c79>:0 @ http://localhost:8090/_framework/blazor.webassembly.js:0
[    7873ms] [ERROR] at Nori.LineFont.Get (string) [0x00082] in <d74c70f944404a48bd19ff5e27c91c79>:0 @ http://localhost:8090/_framework/blazor.webassembly.js:0
[    7873ms] [ERROR] at Nori.LineFont.Get (string) [0x00082] in <d74c70f944404a48bd19ff5e27c91c79>:0 @ http://localhost:8090/_framework/blazor.webassembly.js:0
[    7873ms] [ERROR] at Nori.LineFont.Get (string) [0x00082] in <d74c70f944404a48bd19ff5e27c91c79>:0 @ http://localhost:8090/_framework/blazor.webassembly.js:0
[    7873ms] [ERROR] at Nori.LineFont.Get (string) [0x00082] in <d74c70f944404a48bd19ff5e27c91c79>:0 @ http://localhost:8090/_framework/blazor.webassembly.js:0
[    7873ms] [ERROR] at Nori.LineFont.Get (string) [0x00082] in <d74c70f944404a48bd19ff5e27c91c79>:0 @ http://localhost:8090/_framework/blazor.webassembly.js:0
[    7873ms] [ERROR] at Nori.LineFont.Get (string) [0x00082] in <d74c70f944404a48bd19ff5e27c91c79>:0 @ http://localhost:8090/_framework/blazor.webassembly.js:0
[    7873ms] [ERROR] at Nori.LineFont.Get (string) [0x00082] in <d74c70f944404a48bd19ff5e27c91c79>:0 @ http://localhost:8090/_framework/blazor.webassembly.js:0
[    7873ms] [ERROR] at Nori.LineFont.Get (string) [0x00082] in <d74c70f944404a48bd19ff5e27c91c79>:0 @ http://localhost:8090/_framework/blazor.webassembly.js:0
[    7873ms] [ERROR] at Nori.LineFont.Get (string) [0x00082] in <d74c70f944404a48bd19ff5e27c91c79>:0 @ http://localhost:8090/_framework/blazor.webassembly.js:0
[    7873ms] [ERROR] at Nori.LineFont.Get (string) [0x00082] in <d74c70f944404a48bd19ff5e27c91c79>:0 @ http://localhost:8090/_framework/blazor.webassembly.js:0
[    7873ms] [ERROR] at Nori.LineFont.Get (string) [0x00082] in <d74c70f944404a48bd19ff5e27c91c79>:0 @ http://localhost:8090/_framework/blazor.webassembly.js:0
[    7873ms] [ERROR] at Nori.LineFont.Get (string) [0x00082] in <d74c70f944404a48bd19ff5e27c91c79>:0 @ http://localhost:8090/_framework/blazor.webassembly.js:0
[    7874ms] [ERROR] at Nori.LineFont.Get (string) [0x00082] in <d74c70f944404a48bd19ff5e27c91c79>:0 @ http://localhost:8090/_framework/blazor.webassembly.js:0
[    7874ms] [ERROR] at Nori.LineFont.Get (string) [0x00082] in <d74c70f944404a48bd19ff5e27c91c79>:0 @ http://localhost:8090/_framework/blazor.webassembly.js:0
[    7874ms] [ERROR] at Nori.LineFont.Get (string) [0x00082] in <d74c70f944404a48bd19ff5e27c91c79>:0 @ http://localhost:8090/_framework/blazor.webassembly.js:0
[    7874ms] [ERROR] at Nori.LineFont.Get (string) [0x00082] in <d74c70f944404a48bd19ff5e27c91c79>:0 @ http://localhost:8090/_framework/blazor.webassembly.js:0
[    7874ms] [ERROR] at Nori.LineFont.Get (string) [0x00082] in <d74c70f944404a48bd19ff5e27c91c79>:0 @ http://localhost:8090/_framework/blazor.webassembly.js:0
[    7874ms] [ERROR] at Nori.LineFont.Get (string) [0x00082] in <d74c70f944404a48bd19ff5e27c91c79>:0 @ http://localhost:8090/_framework/blazor.webassembly.js:0
[    7874ms] [ERROR] at Nori.LineFont.Get (string) [0x00082] in <d74c70f944404a48bd19ff5e27c91c79>:0 @ http://localhost:8090/_framework/blazor.webassembly.js:0
[    7874ms] [ERROR] at Nori.LineFont.Get (string) [0x00082] in <d74c70f944404a48bd19ff5e27c91c79>:0 @ http://localhost:8090/_framework/blazor.webassembly.js:0
[    7874ms] [ERROR] at Nori.LineFont.Get (string) [0x00082] in <d74c70f944404a48bd19ff5e27c91c79>:0 @ http://localhost:8090/_framework/blazor.webassembly.js:0
[    7874ms] [ERROR] at Nori.LineFont.Get (string) [0x00082] in <d74c70f944404a48bd19ff5e27c91c79>:0 @ http://localhost:8090/_framework/blazor.webassembly.js:0
[    7874ms] [ERROR] at Nori.LineFont.Get (string) [0x00082] in <d74c70f944404a48bd19ff5e27c91c79>:0 @ http://localhost:8090/_framework/blazor.webassembly.js:0
[    7874ms] [ERROR] at Nori.LineFont.Get (string) [0x00082] in <d74c70f944404a48bd19ff5e27c91c79>:0 @ http://localhost:8090/_framework/blazor.webassembly.js:0
[    7874ms] [ERROR] at Nori.LineFont.Get (string) [0x00082] in <d74c70f944404a48bd19ff5e27c91c79>:0 @ http://localhost:8090/_framework/blazor.webassembly.js:0
[    7874ms] [ERROR] at Nori.LineFont.Get (string) [0x00082] in <d74c70f944404a48bd19ff5e27c91c79>:0 @ http://localhost:8090/_framework/blazor.webassembly.js:0
[    7874ms] [ERROR] at Nori.LineFont.Get (string) [0x00082] in <d74c70f944404a48bd19ff5e27c91c79>:0 @ http://localhost:8090/_framework/blazor.webassembly.js:0
[    7874ms] [ERROR] at Nori.LineFont.Get (string) [0x00082] in <d74c70f944404a48bd19ff5e27c91c79>:0 @ http://localhost:8090/_framework/blazor.webassembly.js:0
[    7875ms] [ERROR] at Nori.LineFont.Get (string) [0x00082] in <d74c70f944404a48bd19ff5e27c91c79>:0 @ http://localhost:8090/_framework/blazor.webassembly.js:0
[    7875ms] [ERROR] at Nori.LineFont.Get (string) [0x00082] in <d74c70f944404a48bd19ff5e27c91c79>:0 @ http://localhost:8090/_framework/blazor.webassembly.js:0
[    7875ms] [ERROR] at Nori.LineFont.Get (string) [0x00082] in <d74c70f944404a48bd19ff5e27c91c79>:0 @ http://localhost:8090/_framework/blazor.webassembly.js:0
[    7875ms] [ERROR] at Nori.LineFont.Get (string) [0x00082] in <d74c70f944404a48bd19ff5e27c91c79>:0 @ http://localhost:8090/_framework/blazor.webassembly.js:0
[    7875ms] [ERROR] at Nori.LineFont.Get (string) [0x00082] in <d74c70f944404a48bd19ff5e27c91c79>:0 @ http://localhost:8090/_framework/blazor.webassembly.js:0
[    7875ms] [ERROR] at Nori.LineFont.Get (string) [0x00082] in <d74c70f944404a48bd19ff5e27c91c79>:0 @ http://localhost:8090/_framework/blazor.webassembly.js:0
[    7875ms] [ERROR] at Nori.LineFont.Get (string) [0x00082] in <d74c70f944404a48bd19ff5e27c91c79>:0 @ http://localhost:8090/_framework/blazor.webassembly.js:0
[    7875ms] [ERROR] at Nori.LineFont.Get (string) [0x00082] in <d74c70f944404a48bd19ff5e27c91c79>:0 @ http://localhost:8090/_framework/blazor.webassembly.js:0
[    7875ms] [ERROR] at Nori.LineFont.Get (string) [0x00082] in <d74c70f944404a48bd19ff5e27c91c79>:0 @ http://localhost:8090/_framework/blazor.webassembly.js:0
[    7875ms] [ERROR] at Nori.LineFont.Get (string) [0x00082] in <d74c70f944404a48bd19ff5e27c91c79>:0 @ http://localhost:8090/_framework/blazor.webassembly.js:0
[    7875ms] [ERROR] at Nori.LineFont.Get (string) [0x00082] in <d74c70f944404a48bd19ff5e27c91c79>:0 @ http://localhost:8090/_framework/blazor.webassembly.js:0
[    7875ms] [ERROR] at Nori.LineFont.Get (string) [0x00082] in <d74c70f944404a48bd19ff5e27c91c79>:0 @ http://localhost:8090/_framework/blazor.webassembly.js:0
[    7875ms] [ERROR] at Nori.LineFont.Get (string) [0x00082] in <d74c70f944404a48bd19ff5e27c91c79>:0 @ http://localhost:8090/_framework/blazor.webassembly.js:0
[    7875ms] [ERROR] at Nori.LineFont.Get (string) [0x00082] in <d74c70f944404a48bd19ff5e27c91c79>:0 @ http://localhost:8090/_framework/blazor.webassembly.js:0
[    7875ms] [ERROR] at Nori.LineFont.Get (string) [0x00082] in <d74c70f944404a48bd19ff5e27c91c79>:0 @ http://localhost:8090/_framework/blazor.webassembly.js:0
[    7876ms] [ERROR] at Nori.LineFont.Get (string) [0x00082] in <d74c70f944404a48bd19ff5e27c91c79>:0 @ http://localhost:8090/_framework/blazor.webassembly.js:0
[    7876ms] [ERROR] at Nori.LineFont.Get (string) [0x00082] in <d74c70f944404a48bd19ff5e27c91c79>:0 @ http://localhost:8090/_framework/blazor.webassembly.js:0
[    7876ms] [ERROR] at Nori.LineFont.Get (string) [0x00082] in <d74c70f944404a48bd19ff5e27c91c79>:0 @ http://localhost:8090/_framework/blazor.webassembly.js:0
[    7876ms] [ERROR] at Nori.LineFont.Get (string) [0x00082] in <d74c70f944404a48bd19ff5e27c91c79>:0 @ http://localhost:8090/_framework/blazor.webassembly.js:0
[    7876ms] [ERROR] at Nori.LineFont.Get (string) [0x00082] in <d74c70f944404a48bd19ff5e27c91c79>:0 @ http://localhost:8090/_framework/blazor.webassembly.js:0
[    7876ms] [ERROR] at Nori.LineFont.Get (string) [0x00082] in <d74c70f944404a48bd19ff5e27c91c79>:0 @ http://localhost:8090/_framework/blazor.webassembly.js:0
[    7876ms] [ERROR] at Nori.LineFont.Get (string) [0x00082] in <d74c70f944404a48bd19ff5e27c91c79>:0 @ http://localhost:8090/_framework/blazor.webassembly.js:0
[    7876ms] [ERROR] at Nori.LineFont.Get (string) [0x00082] in <d74c70f944404a48bd19ff5e27c91c79>:0 @ http://localhost:8090/_framework/blazor.webassembly.js:0
[    7876ms] [ERROR] at Nori.LineFont.Get (string) [0x00082] in <d74c70f944404a48bd19ff5e27c91c79>:0 @ http://localhost:8090/_framework/blazor.webassembly.js:0
[    7876ms] [ERROR] at Nori.LineFont.Get (string) [0x00082] in <d74c70f944404a48bd19ff5e27c91c79>:0 @ http://localhost:8090/_framework/blazor.webassembly.js:0
[    7876ms] [ERROR] at Nori.LineFont.Get (string) [0x00082] in <d74c70f944404a48bd19ff5e27c91c79>:0 @ http://localhost:8090/_framework/blazor.webassembly.js:0
[    7876ms] [ERROR] at Nori.LineFont.Get (string) [0x00082] in <d74c70f944404a48bd19ff5e27c91c79>:0 @ http://localhost:8090/_framework/blazor.webassembly.js:0
[    7876ms] [ERROR] at Nori.LineFont.Get (string) [0x00082] in <d74c70f944404a48bd19ff5e27c91c79>:0 @ http://localhost:8090/_framework/blazor.webassembly.js:0
[    7876ms] [ERROR] at Nori.LineFont.Get (string) [0x00082] in <d74c70f944404a48bd19ff5e27c91c79>:0 @ http://localhost:8090/_framework/blazor.webassembly.js:0
[    7876ms] [ERROR] at Nori.LineFont.Get (string) [0x00082] in <d74c70f944404a48bd19ff5e27c91c79>:0 @ http://localhost:8090/_framework/blazor.webassembly.js:0
[    7877ms] [ERROR] at Nori.LineFont.Get (string) [0x00082] in <d74c70f944404a48bd19ff5e27c91c79>:0 @ http://localhost:8090/_framework/blazor.webassembly.js:0
[    7877ms] [ERROR] at Nori.LineFont.Get (string) [0x00082] in <d74c70f944404a48bd19ff5e27c91c79>:0 @ http://localhost:8090/_framework/blazor.webassembly.js:0
[    7877ms] [ERROR] at Nori.LineFont.Get (string) [0x00082] in <d74c70f944404a48bd19ff5e27c91c79>:0 @ http://localhost:8090/_framework/blazor.webassembly.js:0
[    7877ms] [ERROR] at Nori.LineFont.Get (string) [0x00082] in <d74c70f944404a48bd19ff5e27c91c79>:0 @ http://localhost:8090/_framework/blazor.webassembly.js:0
[    7877ms] [ERROR] at Nori.LineFont.Get (string) [0x00082] in <d74c70f944404a48bd19ff5e27c91c79>:0 @ http://localhost:8090/_framework/blazor.webassembly.js:0
[    7877ms] [ERROR] at Nori.LineFont.Get (string) [0x00082] in <d74c70f944404a48bd19ff5e27c91c79>:0 @ http://localhost:8090/_framework/blazor.webassembly.js:0
[    7877ms] [ERROR] at Nori.LineFont.Get (string) [0x00082] in <d74c70f944404a48bd19ff5e27c91c79>:0 @ http://localhost:8090/_framework/blazor.webassembly.js:0
[    7877ms] [ERROR] at Nori.LineFont.Get (string) [0x00082] in <d74c70f944404a48bd19ff5e27c91c79>:0 @ http://localhost:8090/_framework/blazor.webassembly.js:0
[    7877ms] [ERROR] at Nori.LineFont.Get (string) [0x00082] in <d74c70f944404a48bd19ff5e27c91c79>:0 @ http://localhost:8090/_framework/blazor.webassembly.js:0
[    7877ms] [ERROR] at Nori.LineFont.Get (string) [0x00082] in <d74c70f944404a48bd19ff5e27c91c79>:0 @ http://localhost:8090/_framework/blazor.webassembly.js:0
[    7877ms] [ERROR] at Nori.LineFont.Get (string) [0x00082] in <d74c70f944404a48bd19ff5e27c91c79>:0 @ http://localhost:8090/_framework/blazor.webassembly.js:0
[    7877ms] [ERROR] at Nori.LineFont.Get (string) [0x00082] in <d74c70f944404a48bd19ff5e27c91c79>:0 @ http://localhost:8090/_framework/blazor.webassembly.js:0
[    7877ms] [ERROR] at Nori.LineFont.Get (string) [0x00082] in <d74c70f944404a48bd19ff5e27c91c79>:0 @ http://localhost:8090/_framework/blazor.webassembly.js:0
[    7877ms] [ERROR] at Nori.LineFont.Get (string) [0x00082] in <d74c70f944404a48bd19ff5e27c91c79>:0 @ http://localhost:8090/_framework/blazor.webassembly.js:0
[    7877ms] [ERROR] at Nori.LineFont.Get (string) [0x00082] in <d74c70f944404a48bd19ff5e27c91c79>:0 @ http://localhost:8090/_framework/blazor.webassembly.js:0
[    7877ms] [ERROR] at Nori.LineFont.Get (string) [0x00082] in <d74c70f944404a48bd19ff5e27c91c79>:0 @ http://localhost:8090/_framework/blazor.webassembly.js:0
[    7878ms] [ERROR] at Nori.LineFont.Get (string) [0x00082] in <d74c70f944404a48bd19ff5e27c91c79>:0 @ http://localhost:8090/_framework/blazor.webassembly.js:0
[    7878ms] [ERROR] at Nori.LineFont.Get (string) [0x00082] in <d74c70f944404a48bd19ff5e27c91c79>:0 @ http://localhost:8090/_framework/blazor.webassembly.js:0
[    7878ms] [ERROR] at Nori.LineFont.Get (string) [0x00082] in <d74c70f944404a48bd19ff5e27c91c79>:0 @ http://localhost:8090/_framework/blazor.webassembly.js:0
[    7878ms] [ERROR] at Nori.LineFont.Get (string) [0x00082] in <d74c70f944404a48bd19ff5e27c91c79>:0 @ http://localhost:8090/_framework/blazor.webassembly.js:0
[    7878ms] [ERROR] at Nori.LineFont.Get (string) [0x00082] in <d74c70f944404a48bd19ff5e27c91c79>:0 @ http://localhost:8090/_framework/blazor.webassembly.js:0
[    7878ms] [ERROR] at Nori.LineFont.Get (string) [0x00082] in <d74c70f944404a48bd19ff5e27c91c79>:0 @ http://localhost:8090/_framework/blazor.webassembly.js:0
[    7878ms] [ERROR] at Nori.LineFont.Get (string) [0x00082] in <d74c70f944404a48bd19ff5e27c91c79>:0 @ http://localhost:8090/_framework/blazor.webassembly.js:0
[    7878ms] [ERROR] at Nori.LineFont.Get (string) [0x00082] in <d74c70f944404a48bd19ff5e27c91c79>:0 @ http://localhost:8090/_framework/blazor.webassembly.js:0
[    7878ms] [ERROR] at Nori.LineFont.Get (string) [0x00082] in <d74c70f944404a48bd19ff5e27c91c79>:0 @ http://localhost:8090/_framework/blazor.webassembly.js:0
[    7878ms] [ERROR] at Nori.LineFont.Get (string) [0x00082] in <d74c70f944404a48bd19ff5e27c91c79>:0 @ http://localhost:8090/_framework/blazor.webassembly.js:0
[    7878ms] [ERROR] at Nori.LineFont.Get (string) [0x00082] in <d74c70f944404a48bd19ff5e27c91c79>:0 @ http://localhost:8090/_framework/blazor.webassembly.js:0
[    7878ms] [ERROR] at Nori.LineFont.Get (string) [0x00082] in <d74c70f944404a48bd19ff5e27c91c79>:0 @ http://localhost:8090/_framework/blazor.webassembly.js:0
[    7878ms] [ERROR] at Nori.LineFont.Get (string) [0x00082] in <d74c70f944404a48bd19ff5e27c91c79>:0 @ http://localhost:8090/_framework/blazor.webassembly.js:0
[    7878ms] [ERROR] at Nori.LineFont.Get (string) [0x00082] in <d74c70f944404a48bd19ff5e27c91c79>:0 @ http://localhost:8090/_framework/blazor.webassembly.js:0
[    7878ms] [ERROR] at Nori.LineFont.Get (string) [0x00082] in <d74c70f944404a48bd19ff5e27c91c79>:0 @ http://localhost:8090/_framework/blazor.webassembly.js:0
[    7878ms] [ERROR] at Nori.LineFont.Get (string) [0x00082] in <d74c70f944404a48bd19ff5e27c91c79>:0 @ http://localhost:8090/_framework/blazor.webassembly.js:0
[    7879ms] [ERROR] at Nori.LineFont.Get (string) [0x00082] in <d74c70f944404a48bd19ff5e27c91c79>:0 @ http://localhost:8090/_framework/blazor.webassembly.js:0
[    7879ms] [ERROR] at Nori.LineFont.Get (string) [0x00082] in <d74c70f944404a48bd19ff5e27c91c79>:0 @ http://localhost:8090/_framework/blazor.webassembly.js:0
[    7879ms] [ERROR] at Nori.LineFont.Get (string) [0x00082] in <d74c70f944404a48bd19ff5e27c91c79>:0 @ http://localhost:8090/_framework/blazor.webassembly.js:0
[    7879ms] [ERROR] at Nori.LineFont.Get (string) [0x00082] in <d74c70f944404a48bd19ff5e27c91c79>:0 @ http://localhost:8090/_framework/blazor.webassembly.js:0
[    7879ms] [ERROR] at Nori.LineFont.Get (string) [0x00082] in <d74c70f944404a48bd19ff5e27c91c79>:0 @ http://localhost:8090/_framework/blazor.webassembly.js:0
[    7879ms] [ERROR] at Nori.LineFont.Get (string) [0x00082] in <d74c70f944404a48bd19ff5e27c91c79>:0 @ http://localhost:8090/_framework/blazor.webassembly.js:0
[    7879ms] [ERROR] at Nori.LineFont.Get (string) [0x00082] in <d74c70f944404a48bd19ff5e27c91c79>:0 @ http://localhost:8090/_framework/blazor.webassembly.js:0
[    7879ms] [ERROR] at Nori.LineFont.Get (string) [0x00082] in <d74c70f944404a48bd19ff5e27c91c79>:0 @ http://localhost:8090/_framework/blazor.webassembly.js:0
[    7879ms] [ERROR] at Nori.LineFont.Get (string) [0x00082] in <d74c70f944404a48bd19ff5e27c91c79>:0 @ http://localhost:8090/_framework/blazor.webassembly.js:0
[    7879ms] [ERROR] at Nori.LineFont.Get (string) [0x00082] in <d74c70f944404a48bd19ff5e27c91c79>:0 @ http://localhost:8090/_framework/blazor.webassembly.js:0
[    7879ms] [ERROR] at Nori.LineFont.Get (string) [0x00082] in <d74c70f944404a48bd19ff5e27c91c79>:0 @ http://localhost:8090/_framework/blazor.webassembly.js:0
[    7879ms] [ERROR] at Nori.LineFont.Get (string) [0x00082] in <d74c70f944404a48bd19ff5e27c91c79>:0 @ http://localhost:8090/_framework/blazor.webassembly.js:0
[    7879ms] [ERROR] at Nori.LineFont.Get (string) [0x00082] in <d74c70f944404a48bd19ff5e27c91c79>:0 @ http://localhost:8090/_framework/blazor.webassembly.js:0
[    7880ms] [ERROR] at Nori.LineFont.Get (string) [0x00082] in <d74c70f944404a48bd19ff5e27c91c79>:0 @ http://localhost:8090/_framework/blazor.webassembly.js:0
[    7880ms] [ERROR] at Nori.LineFont.Get (string) [0x00082] in <d74c70f944404a48bd19ff5e27c91c79>:0 @ http://localhost:8090/_framework/blazor.webassembly.js:0
[    7880ms] [ERROR] at Nori.LineFont.Get (string) [0x00082] in <d74c70f944404a48bd19ff5e27c91c79>:0 @ http://localhost:8090/_framework/blazor.webassembly.js:0
[    7880ms] [ERROR] at Nori.LineFont.Get (string) [0x00082] in <d74c70f944404a48bd19ff5e27c91c79>:0 @ http://localhost:8090/_framework/blazor.webassembly.js:0
[    7880ms] [ERROR] at Nori.LineFont.Get (string) [0x00082] in <d74c70f944404a48bd19ff5e27c91c79>:0 @ http://localhost:8090/_framework/blazor.webassembly.js:0
[    7880ms] [ERROR] at Nori.LineFont.Get (string) [0x00082] in <d74c70f944404a48bd19ff5e27c91c79>:0 @ http://localhost:8090/_framework/blazor.webassembly.js:0
[    7880ms] [ERROR] at Nori.LineFont.Get (string) [0x00082] in <d74c70f944404a48bd19ff5e27c91c79>:0 @ http://localhost:8090/_framework/blazor.webassembly.js:0
[    7880ms] [ERROR] at Nori.LineFont.Get (string) [0x00082] in <d74c70f944404a48bd19ff5e27c91c79>:0 @ http://localhost:8090/_framework/blazor.webassembly.js:0
[    7880ms] [ERROR] at Nori.LineFont.Get (string) [0x00082] in <d74c70f944404a48bd19ff5e27c91c79>:0 @ http://localhost:8090/_framework/blazor.webassembly.js:0
[    7880ms] [ERROR] at Nori.LineFont.Get (string) [0x00082] in <d74c70f944404a48bd19ff5e27c91c79>:0 @ http://localhost:8090/_framework/blazor.webassembly.js:0
[    7880ms] [ERROR] at Nori.LineFont.Get (string) [0x00082] in <d74c70f944404a48bd19ff5e27c91c79>:0 @ http://localhost:8090/_framework/blazor.webassembly.js:0
[    7880ms] [ERROR] at Nori.LineFont.Get (string) [0x00082] in <d74c70f944404a48bd19ff5e27c91c79>:0 @ http://localhost:8090/_framework/blazor.webassembly.js:0
[    7880ms] [ERROR] at Nori.LineFont.Get (string) [0x00082] in <d74c70f944404a48bd19ff5e27c91c79>:0 @ http://localhost:8090/_framework/blazor.webassembly.js:0
[    7880ms] [ERROR] at Nori.LineFont.Get (string) [0x00082] in <d74c70f944404a48bd19ff5e27c91c79>:0 @ http://localhost:8090/_framework/blazor.webassembly.js:0
[    7880ms] [ERROR] at Nori.LineFont.Get (string) [0x00082] in <d74c70f944404a48bd19ff5e27c91c79>:0 @ http://localhost:8090/_framework/blazor.webassembly.js:0
[    7880ms] [ERROR] at Nori.LineFont.Get (string) [0x00082] in <d74c70f944404a48bd19ff5e27c91c79>:0 @ http://localhost:8090/_framework/blazor.webassembly.js:0
[    7881ms] [ERROR] at Nori.LineFont.Get (string) [0x00082] in <d74c70f944404a48bd19ff5e27c91c79>:0 @ http://localhost:8090/_framework/blazor.webassembly.js:0
[    7881ms] [ERROR] at Nori.LineFont.Get (string) [0x00082] in <d74c70f944404a48bd19ff5e27c91c79>:0 @ http://localhost:8090/_framework/blazor.webassembly.js:0
[    7881ms] [ERROR] at Nori.LineFont.Get (string) [0x00082] in <d74c70f944404a48bd19ff5e27c91c79>:0 @ http://localhost:8090/_framework/blazor.webassembly.js:0
[    7881ms] [ERROR] at Nori.LineFont.Get (string) [0x00082] in <d74c70f944404a48bd19ff5e27c91c79>:0 @ http://localhost:8090/_framework/blazor.webassembly.js:0
[    7881ms] [ERROR] at Nori.LineFont.Get (string) [0x00082] in <d74c70f944404a48bd19ff5e27c91c79>:0 @ http://localhost:8090/_framework/blazor.webassembly.js:0
[    7881ms] [ERROR] at Nori.LineFont.Get (string) [0x00082] in <d74c70f944404a48bd19ff5e27c91c79>:0 @ http://localhost:8090/_framework/blazor.webassembly.js:0
[    7881ms] [ERROR] at Nori.LineFont.Get (string) [0x00082] in <d74c70f944404a48bd19ff5e27c91c79>:0 @ http://localhost:8090/_framework/blazor.webassembly.js:0
[    7881ms] [ERROR] at Nori.LineFont.Get (string) [0x00082] in <d74c70f944404a48bd19ff5e27c91c79>:0 @ http://localhost:8090/_framework/blazor.webassembly.js:0
[    7881ms] [ERROR] at Nori.LineFont.Get (string) [0x00082] in <d74c70f944404a48bd19ff5e27c91c79>:0 @ http://localhost:8090/_framework/blazor.webassembly.js:0
[    7881ms] [ERROR] at Nori.LineFont.Get (string) [0x00082] in <d74c70f944404a48bd19ff5e27c91c79>:0 @ http://localhost:8090/_framework/blazor.webassembly.js:0
[    7881ms] [ERROR] at Nori.LineFont.Get (string) [0x00082] in <d74c70f944404a48bd19ff5e27c91c79>:0 @ http://localhost:8090/_framework/blazor.webassembly.js:0
[    7881ms] [ERROR] at Nori.LineFont.Get (string) [0x00082] in <d74c70f944404a48bd19ff5e27c91c79>:0 @ http://localhost:8090/_framework/blazor.webassembly.js:0
[    7881ms] [ERROR] at Nori.LineFont.Get (string) [0x00082] in <d74c70f944404a48bd19ff5e27c91c79>:0 @ http://localhost:8090/_framework/blazor.webassembly.js:0
[    7881ms] [ERROR] at Nori.LineFont.Get (string) [0x00082] in <d74c70f944404a48bd19ff5e27c91c79>:0 @ http://localhost:8090/_framework/blazor.webassembly.js:0
[    7882ms] [ERROR] at Nori.LineFont.Get (string) [0x00082] in <d74c70f944404a48bd19ff5e27c91c79>:0 @ http://localhost:8090/_framework/blazor.webassembly.js:0
[    7882ms] [ERROR] at Nori.LineFont.Get (string) [0x00082] in <d74c70f944404a48bd19ff5e27c91c79>:0 @ http://localhost:8090/_framework/blazor.webassembly.js:0
[    7882ms] [ERROR] at Nori.LineFont.Get (string) [0x00082] in <d74c70f944404a48bd19ff5e27c91c79>:0 @ http://localhost:8090/_framework/blazor.webassembly.js:0
[    7882ms] [ERROR] at Nori.LineFont.Get (string) [0x00082] in <d74c70f944404a48bd19ff5e27c91c79>:0 @ http://localhost:8090/_framework/blazor.webassembly.js:0
[    7882ms] [ERROR] at Nori.LineFont.Get (string) [0x00082] in <d74c70f944404a48bd19ff5e27c91c79>:0 @ http://localhost:8090/_framework/blazor.webassembly.js:0
[    7882ms] [ERROR] at Nori.LineFont.Get (string) [0x00082] in <d74c70f944404a48bd19ff5e27c91c79>:0 @ http://localhost:8090/_framework/blazor.webassembly.js:0
[    7882ms] [ERROR] at Nori.LineFont.Get (string) [0x00082] in <d74c70f944404a48bd19ff5e27c91c79>:0 @ http://localhost:8090/_framework/blazor.webassembly.js:0
[    7882ms] [ERROR] at Nori.LineFont.Get (string) [0x00082] in <d74c70f944404a48bd19ff5e27c91c79>:0 @ http://localhost:8090/_framework/blazor.webassembly.js:0
[    7882ms] [ERROR] at Nori.LineFont.Get (string) [0x00082] in <d74c70f944404a48bd19ff5e27c91c79>:0 @ http://localhost:8090/_framework/blazor.webassembly.js:0
[    7882ms] [ERROR] at Nori.LineFont.Get (string) [0x00082] in <d74c70f944404a48bd19ff5e27c91c79>:0 @ http://localhost:8090/_framework/blazor.webassembly.js:0
[    7882ms] [ERROR] at Nori.LineFont.Get (string) [0x00082] in <d74c70f944404a48bd19ff5e27c91c79>:0 @ http://localhost:8090/_framework/blazor.webassembly.js:0
[    7882ms] [ERROR] at Nori.LineFont.Get (string) [0x00082] in <d74c70f944404a48bd19ff5e27c91c79>:0 @ http://localhost:8090/_framework/blazor.webassembly.js:0
[    7882ms] [ERROR] at Nori.LineFont.Get (string) [0x00082] in <d74c70f944404a48bd19ff5e27c91c79>:0 @ http://localhost:8090/_framework/blazor.webassembly.js:0
[    7882ms] [ERROR] at Nori.LineFont.Get (string) [0x00082] in <d74c70f944404a48bd19ff5e27c91c79>:0 @ http://localhost:8090/_framework/blazor.webassembly.js:0
[    7882ms] [ERROR] at Nori.LineFont.Get (string) [0x00082] in <d74c70f944404a48bd19ff5e27c91c79>:0 @ http://localhost:8090/_framework/blazor.webassembly.js:0
[    7883ms] [ERROR] at Nori.LineFont.Get (string) [0x00082] in <d74c70f944404a48bd19ff5e27c91c79>:0 @ http://localhost:8090/_framework/blazor.webassembly.js:0
[    7883ms] [ERROR] at Nori.LineFont.Get (string) [0x00082] in <d74c70f944404a48bd19ff5e27c91c79>:0 @ http://localhost:8090/_framework/blazor.webassembly.js:0
[    7883ms] [ERROR] at Nori.LineFont.Get (string) [0x00082] in <d74c70f944404a48bd19ff5e27c91c79>:0 @ http://localhost:8090/_framework/blazor.webassembly.js:0
[    7883ms] [ERROR] at Nori.LineFont.Get (string) [0x00082] in <d74c70f944404a48bd19ff5e27c91c79>:0 @ http://localhost:8090/_framework/blazor.webassembly.js:0
[    7883ms] [ERROR] at Nori.LineFont.Get (string) [0x00082] in <d74c70f944404a48bd19ff5e27c91c79>:0 @ http://localhost:8090/_framework/blazor.webassembly.js:0
[    7883ms] [ERROR] at Nori.LineFont.Get (string) [0x00082] in <d74c70f944404a48bd19ff5e27c91c79>:0 @ http://localhost:8090/_framework/blazor.webassembly.js:0
[    7883ms] [ERROR] at Nori.LineFont.Get (string) [0x00082] in <d74c70f944404a48bd19ff5e27c91c79>:0 @ http://localhost:8090/_framework/blazor.webassembly.js:0
[    7883ms] [ERROR] at Nori.LineFont.Get (string) [0x00082] in <d74c70f944404a48bd19ff5e27c91c79>:0 @ http://localhost:8090/_framework/blazor.webassembly.js:0
[    7883ms] [ERROR] at Nori.LineFont.Get (string) [0x00082] in <d74c70f944404a48bd19ff5e27c91c79>:0 @ http://localhost:8090/_framework/blazor.webassembly.js:0
[    7883ms] [ERROR] at Nori.LineFont.Get (string) [0x00082] in <d74c70f944404a48bd19ff5e27c91c79>:0 @ http://localhost:8090/_framework/blazor.webassembly.js:0
[    7883ms] [ERROR] at Nori.LineFont.Get (string) [0x00082] in <d74c70f944404a48bd19ff5e27c91c79>:0 @ http://localhost:8090/_framework/blazor.webassembly.js:0
[    7883ms] [ERROR] at Nori.LineFont.Get (string) [0x00082] in <d74c70f944404a48bd19ff5e27c91c79>:0 @ http://localhost:8090/_framework/blazor.webassembly.js:0
[    7883ms] [ERROR] at Nori.LineFont.Get (string) [0x00082] in <d74c70f944404a48bd19ff5e27c91c79>:0 @ http://localhost:8090/_framework/blazor.webassembly.js:0
[    7883ms] [ERROR] at Nori.LineFont.Get (string) [0x00082] in <d74c70f944404a48bd19ff5e27c91c79>:0 @ http://localhost:8090/_framework/blazor.webassembly.js:0
[    7883ms] [ERROR] at Nori.LineFont.Get (string) [0x00082] in <d74c70f944404a48bd19ff5e27c91c79>:0 @ http://localhost:8090/_framework/blazor.webassembly.js:0
[    7883ms] [ERROR] at Nori.LineFont.Get (string) [0x00082] in <d74c70f944404a48bd19ff5e27c91c79>:0 @ http://localhost:8090/_framework/blazor.webassembly.js:0
[    7884ms] [ERROR] at Nori.LineFont.Get (string) [0x00082] in <d74c70f944404a48bd19ff5e27c91c79>:0 @ http://localhost:8090/_framework/blazor.webassembly.js:0
[    7884ms] [ERROR] at Nori.LineFont.Get (string) [0x00082] in <d74c70f944404a48bd19ff5e27c91c79>:0 @ http://localhost:8090/_framework/blazor.webassembly.js:0
[    7884ms] [ERROR] at Nori.LineFont.Get (string) [0x00082] in <d74c70f944404a48bd19ff5e27c91c79>:0 @ http://localhost:8090/_framework/blazor.webassembly.js:0
[    7884ms] [ERROR] at Nori.LineFont.Get (string) [0x00082] in <d74c70f944404a48bd19ff5e27c91c79>:0 @ http://localhost:8090/_framework/blazor.webassembly.js:0
[    7884ms] [ERROR] at Nori.LineFont.Get (string) [0x00082] in <d74c70f944404a48bd19ff5e27c91c79>:0 @ http://localhost:8090/_framework/blazor.webassembly.js:0
[    7884ms] [ERROR] at Nori.LineFont.Get (string) [0x00082] in <d74c70f944404a48bd19ff5e27c91c79>:0 @ http://localhost:8090/_framework/blazor.webassembly.js:0
[    7884ms] [ERROR] at Nori.LineFont.Get (string) [0x00082] in <d74c70f944404a48bd19ff5e27c91c79>:0 @ http://localhost:8090/_framework/blazor.webassembly.js:0
[    7884ms] [ERROR] (null) @ http://localhost:8090/_framework/blazor.webassembly.js:0
[    7884ms] [ERROR] (null) @ http://localhost:8090/_framework/blazor.webassembly.js:0
[    7930ms] ExitStatus
