[    7343ms] [ERROR] [ERROR] FATAL UNHANDLED EXCEPTION: System.StackOverflowException: The requested operation caused a stack overflow. @ http://localhost:8090/_framework/blazor.webassembly.js:0
[    7343ms] [ERROR] at System.Globalization.TextInfo.ChangeCaseCommon<System.Globalization.TextInfo/ToLowerConversion> (string) <0xffa3e516> @ http://localhost:8090/_framework/blazor.webassembly.js:0
[    7343ms] [ERROR] at string.ToLower (System.Globalization.CultureInfo) [0x00010] in <479cae8b6b5746a086ce8c44ecc3783b>:0 @ http://localhost:8090/_framework/blazor.webassembly.js:0
[    7343ms] [ERROR] at Nori.LineFont.Get (string) [0x00015] in <d74c70f944404a48bd19ff5e27c91c79>:0 @ http://localhost:8090/_framework/blazor.webassembly.js:0
[    7343ms] [ERROR] at Nori.LineFont.Get (string) [0x00082] in <d74c70f944404a48bd19ff5e27c91c79>:0 @ http://localhost:8090/_framework/blazor.webassembly.js:0
[    7343ms] [ERROR] at Nori.LineFont.Get (string) [0x00082] in <d74c70f944404a48bd19ff5e27c91c79>:0 @ http://localhost:8090/_framework/blazor.webassembly.js:0
[    7343ms] [ERROR] at Nori.LineFont.Get (string) [0x00082] in <d74c70f944404a48bd19ff5e27c91c79>:0 @ http://localhost:8090/_framework/blazor.webassembly.js:0
[    7344ms] [ERROR] at Nori.LineFont.Get (string) [0x00082] in <d74c70f944404a48bd19ff5e27c91c79>:0 @ http://localhost:8090/_framework/blazor.webassembly.js:0
[    7344ms] [ERROR] at Nori.LineFont.Get (string) [0x00082] in <d74c70f944404a48bd19ff5e27c91c79>:0 @ http://localhost:8090/_framework/blazor.webassembly.js:0
[    7344ms] [ERROR] at Nori.LineFont.Get (string) [0x00082] in <d74c70f944404a48bd19ff5e27c91c79>:0 @ http://localhost:8090/_framework/blazor.webassembly.js:0
[    7344ms] [ERROR] at Nori.LineFont.Get (string) [0x00082] in <d74c70f944404a48bd19ff5e27c91c79>:0 @ http://localhost:8090/_framework/blazor.webassembly.js:0
[    7344ms] [ERROR] at Nori.LineFont.Get (string) [0x00082] in <d74c70f944404a48bd19ff5e27c91c79>:0 @ http://localhost:8090/_framework/blazor.webassembly.js:0
[    7344ms] [ERROR] at Nori.LineFont.Get (string) [0x00082] in <d74c70f944404a48bd19ff5e27c91c79>:0 @ http://localhost:8090/_framework/blazor.webassembly.js:0
[    7344ms] [ERROR] at Nori.LineFont.Get (string) [0x00082] in <d74c70f944404a48bd19ff5e27c91c79>:0 @ http://localhost:8090/_framework/blazor.webassembly.js:0
[    7344ms] [ERROR] at Nori.LineFont.Get (string) [0x00082] in <d74c70f944404a48bd19ff5e27c91c79>:0 @ http://localhost:8090/_framework/blazor.webassembly.js:0
[    7344ms] [ERROR] at Nori.LineFont.Get (string) [0x00082] in <d74c70f944404a48bd19ff5e27c91c79>:0 @ http://localhost:8090/_framework/blazor.webassembly.js:0
[    7344ms] [ERROR] at Nori.LineFont.Get (string) [0x00082] in <d74c70f944404a48bd19ff5e27c91c79>:0 @ http://localhost:8090/_framework/blazor.webassembly.js:0
[    7344ms] [ERROR] at Nori.LineFont.Get (string) [0x00082] in <d74c70f944404a48bd19ff5e27c91c79>:0 @ http://localhost:8090/_framework/blazor.webassembly.js:0
[    7344ms] [ERROR] at Nori.LineFont.Get (string) [0x00082] in <d74c70f944404a48bd19ff5e27c91c79>:0 @ http://localhost:8090/_framework/blazor.webassembly.js:0
[    7344ms] [ERROR] at Nori.LineFont.Get (string) [0x00082] in <d74c70f944404a48bd19ff5e27c91c79>:0 @ http://localhost:8090/_framework/blazor.webassembly.js:0
[    7344ms] [ERROR] at Nori.LineFont.Get (string) [0x00082] in <d74c70f944404a48bd19ff5e27c91c79>:0 @ http://localhost:8090/_framework/blazor.webassembly.js:0
[    7344ms] [ERROR] at Nori.LineFont.Get (string) [0x00082] in <d74c70f944404a48bd19ff5e27c91c79>:0 @ http://localhost:8090/_framework/blazor.webassembly.js:0
[    7345ms] [ERROR] at Nori.LineFont.Get (string) [0x00082] in <d74c70f944404a48bd19ff5e27c91c79>:0 @ http://localhost:8090/_framework/blazor.webassembly.js:0
[    7345ms] [ERROR] at Nori.LineFont.Get (string) [0x00082] in <d74c70f944404a48bd19ff5e27c91c79>:0 @ http://localhost:8090/_framework/blazor.webassembly.js:0
[    7345ms] [ERROR] at Nori.LineFont.Get (string) [0x00082] in <d74c70f944404a48bd19ff5e27c91c79>:0 @ http://localhost:8090/_framework/blazor.webassembly.js:0
[    7345ms] [ERROR] at Nori.LineFont.Get (string) [0x00082] in <d74c70f944404a48bd19ff5e27c91c79>:0 @ http://localhost:8090/_framework/blazor.webassembly.js:0
[    7345ms] [ERROR] at Nori.LineFont.Get (string) [0x00082] in <d74c70f944404a48bd19ff5e27c91c79>:0 @ http://localhost:8090/_framework/blazor.webassembly.js:0
[    7345ms] [ERROR] at Nori.LineFont.Get (string) [0x00082] in <d74c70f944404a48bd19ff5e27c91c79>:0 @ http://localhost:8090/_framework/blazor.webassembly.js:0
[    7345ms] [ERROR] at Nori.LineFont.Get (string) [0x00082] in <d74c70f944404a48bd19ff5e27c91c79>:0 @ http://localhost:8090/_framework/blazor.webassembly.js:0
[    7345ms] [ERROR] at Nori.LineFont.Get (string) [0x00082] in <d74c70f944404a48bd19ff5e27c91c79>:0 @ http://localhost:8090/_framework/blazor.webassembly.js:0
[    7345ms] [ERROR] at Nori.LineFont.Get (string) [0x00082] in <d74c70f944404a48bd19ff5e27c91c79>:0 @ http://localhost:8090/_framework/blazor.webassembly.js:0
[    7345ms] [ERROR] at Nori.LineFont.Get (string) [0x00082] in <d74c70f944404a48bd19ff5e27c91c79>:0 @ http://localhost:8090/_framework/blazor.webassembly.js:0
[    7345ms] [ERROR] at Nori.LineFont.Get (string) [0x00082] in <d74c70f944404a48bd19ff5e27c91c79>:0 @ http://localhost:8090/_framework/blazor.webassembly.js:0
[    7345ms] [ERROR] at Nori.LineFont.Get (string) [0x00082] in <d74c70f944404a48bd19ff5e27c91c79>:0 @ http://localhost:8090/_framework/blazor.webassembly.js:0
[    7345ms] [ERROR] at Nori.LineFont.Get (string) [0x00082] in <d74c70f944404a48bd19ff5e27c91c79>:0 @ http://localhost:8090/_framework/blazor.webassembly.js:0
[    7345ms] [ERROR] at Nori.LineFont.Get (string) [0x00082] in <d74c70f944404a48bd19ff5e27c91c79>:0 @ http://localhost:8090/_framework/blazor.webassembly.js:0
[    7345ms] [ERROR] at Nori.LineFont.Get (string) [0x00082] in <d74c70f944404a48bd19ff5e27c91c79>:0 @ http://localhost:8090/_framework/blazor.webassembly.js:0
[    7346ms] [ERROR] at Nori.LineFont.Get (string) [0x00082] in <d74c70f944404a48bd19ff5e27c91c79>:0 @ http://localhost:8090/_framework/blazor.webassembly.js:0
[    7346ms] [ERROR] at Nori.LineFont.Get (string) [0x00082] in <d74c70f944404a48bd19ff5e27c91c79>:0 @ http://localhost:8090/_framework/blazor.webassembly.js:0
[    7346ms] [ERROR] at Nori.LineFont.Get (string) [0x00082] in <d74c70f944404a48bd19ff5e27c91c79>:0 @ http://localhost:8090/_framework/blazor.webassembly.js:0
[    7346ms] [ERROR] at Nori.LineFont.Get (string) [0x00082] in <d74c70f944404a48bd19ff5e27c91c79>:0 @ http://localhost:8090/_framework/blazor.webassembly.js:0
[    7346ms] [ERROR] at Nori.LineFont.Get (string) [0x00082] in <d74c70f944404a48bd19ff5e27c91c79>:0 @ http://localhost:8090/_framework/blazor.webassembly.js:0
[    7346ms] [ERROR] at Nori.LineFont.Get (string) [0x00082] in <d74c70f944404a48bd19ff5e27c91c79>:0 @ http://localhost:8090/_framework/blazor.webassembly.js:0
[    7346ms] [ERROR] at Nori.LineFont.Get (string) [0x00082] in <d74c70f944404a48bd19ff5e27c91c79>:0 @ http://localhost:8090/_framework/blazor.webassembly.js:0
[    7346ms] [ERROR] at Nori.LineFont.Get (string) [0x00082] in <d74c70f944404a48bd19ff5e27c91c79>:0 @ http://localhost:8090/_framework/blazor.webassembly.js:0
[    7346ms] [ERROR] at Nori.LineFont.Get (string) [0x00082] in <d74c70f944404a48bd19ff5e27c91c79>:0 @ http://localhost:8090/_framework/blazor.webassembly.js:0
[    7346ms] [ERROR] at Nori.LineFont.Get (string) [0x00082] in <d74c70f944404a48bd19ff5e27c91c79>:0 @ http://localhost:8090/_framework/blazor.webassembly.js:0
[    7346ms] [ERROR] at Nori.LineFont.Get (string) [0x00082] in <d74c70f944404a48bd19ff5e27c91c79>:0 @ http://localhost:8090/_framework/blazor.webassembly.js:0
[    7346ms] [ERROR] at Nori.LineFont.Get (string) [0x00082] in <d74c70f944404a48bd19ff5e27c91c79>:0 @ http://localhost:8090/_framework/blazor.webassembly.js:0
[    7346ms] [ERROR] at Nori.LineFont.Get (string) [0x00082] in <d74c70f944404a48bd19ff5e27c91c79>:0 @ http://localhost:8090/_framework/blazor.webassembly.js:0
[    7346ms] [ERROR] at Nori.LineFont.Get (string) [0x00082] in <d74c70f944404a48bd19ff5e27c91c79>:0 @ http://localhost:8090/_framework/blazor.webassembly.js:0
[    7346ms] [ERROR] at Nori.LineFont.Get (string) [0x00082] in <d74c70f944404a48bd19ff5e27c91c79>:0 @ http://localhost:8090/_framework/blazor.webassembly.js:0
[    7347ms] [ERROR] at Nori.LineFont.Get (string) [0x00082] in <d74c70f944404a48bd19ff5e27c91c79>:0 @ http://localhost:8090/_framework/blazor.webassembly.js:0
[    7347ms] [ERROR] at Nori.LineFont.Get (string) [0x00082] in <d74c70f944404a48bd19ff5e27c91c79>:0 @ http://localhost:8090/_framework/blazor.webassembly.js:0
[    7347ms] [ERROR] at Nori.LineFont.Get (string) [0x00082] in <d74c70f944404a48bd19ff5e27c91c79>:0 @ http://localhost:8090/_framework/blazor.webassembly.js:0
[    7347ms] [ERROR] at Nori.LineFont.Get (string) [0x00082] in <d74c70f944404a48bd19ff5e27c91c79>:0 @ http://localhost:8090/_framework/blazor.webassembly.js:0
[    7347ms] [ERROR] at Nori.LineFont.Get (string) [0x00082] in <d74c70f944404a48bd19ff5e27c91c79>:0 @ http://localhost:8090/_framework/blazor.webassembly.js:0
[    7347ms] [ERROR] at Nori.LineFont.Get (string) [0x00082] in <d74c70f944404a48bd19ff5e27c91c79>:0 @ http://localhost:8090/_framework/blazor.webassembly.js:0
[    7347ms] [ERROR] at Nori.LineFont.Get (string) [0x00082] in <d74c70f944404a48bd19ff5e27c91c79>:0 @ http://localhost:8090/_framework/blazor.webassembly.js:0
[    7347ms] [ERROR] at Nori.LineFont.Get (string) [0x00082] in <d74c70f944404a48bd19ff5e27c91c79>:0 @ http://localhost:8090/_framework/blazor.webassembly.js:0
[    7347ms] [ERROR] at Nori.LineFont.Get (string) [0x00082] in <d74c70f944404a48bd19ff5e27c91c79>:0 @ http://localhost:8090/_framework/blazor.webassembly.js:0
[    7347ms] [ERROR] at Nori.LineFont.Get (string) [0x00082] in <d74c70f944404a48bd19ff5e27c91c79>:0 @ http://localhost:8090/_framework/blazor.webassembly.js:0
[    7347ms] [ERROR] at Nori.LineFont.Get (string) [0x00082] in <d74c70f944404a48bd19ff5e27c91c79>:0 @ http://localhost:8090/_framework/blazor.webassembly.js:0
[    7347ms] [ERROR] at Nori.LineFont.Get (string) [0x00082] in <d74c70f944404a48bd19ff5e27c91c79>:0 @ http://localhost:8090/_framework/blazor.webassembly.js:0
[    7347ms] [ERROR] at Nori.LineFont.Get (string) [0x00082] in <d74c70f944404a48bd19ff5e27c91c79>:0 @ http://localhost:8090/_framework/blazor.webassembly.js:0
[    7347ms] [ERROR] at Nori.LineFont.Get (string) [0x00082] in <d74c70f944404a48bd19ff5e27c91c79>:0 @ http://localhost:8090/_framework/blazor.webassembly.js:0
[    7347ms] [ERROR] at Nori.LineFont.Get (string) [0x00082] in <d74c70f944404a48bd19ff5e27c91c79>:0 @ http://localhost:8090/_framework/blazor.webassembly.js:0
[    7347ms] [ERROR] at Nori.LineFont.Get (string) [0x00082] in <d74c70f944404a48bd19ff5e27c91c79>:0 @ http://localhost:8090/_framework/blazor.webassembly.js:0
[    7347ms] [ERROR] at Nori.LineFont.Get (string) [0x00082] in <d74c70f944404a48bd19ff5e27c91c79>:0 @ http://localhost:8090/_framework/blazor.webassembly.js:0
[    7348ms] [ERROR] at Nori.LineFont.Get (string) [0x00082] in <d74c70f944404a48bd19ff5e27c91c79>:0 @ http://localhost:8090/_framework/blazor.webassembly.js:0
[    7348ms] [ERROR] at Nori.LineFont.Get (string) [0x00082] in <d74c70f944404a48bd19ff5e27c91c79>:0 @ http://localhost:8090/_framework/blazor.webassembly.js:0
[    7348ms] [ERROR] at Nori.LineFont.Get (string) [0x00082] in <d74c70f944404a48bd19ff5e27c91c79>:0 @ http://localhost:8090/_framework/blazor.webassembly.js:0
[    7348ms] [ERROR] at Nori.LineFont.Get (string) [0x00082] in <d74c70f944404a48bd19ff5e27c91c79>:0 @ http://localhost:8090/_framework/blazor.webassembly.js:0
[    7348ms] [ERROR] at Nori.LineFont.Get (string) [0x00082] in <d74c70f944404a48bd19ff5e27c91c79>:0 @ http://localhost:8090/_framework/blazor.webassembly.js:0
[    7348ms] [ERROR] at Nori.LineFont.Get (string) [0x00082] in <d74c70f944404a48bd19ff5e27c91c79>:0 @ http://localhost:8090/_framework/blazor.webassembly.js:0
[    7348ms] [ERROR] at Nori.LineFont.Get (string) [0x00082] in <d74c70f944404a48bd19ff5e27c91c79>:0 @ http://localhost:8090/_framework/blazor.webassembly.js:0
[    7348ms] [ERROR] at Nori.LineFont.Get (string) [0x00082] in <d74c70f944404a48bd19ff5e27c91c79>:0 @ http://localhost:8090/_framework/blazor.webassembly.js:0
[    7348ms] [ERROR] at Nori.LineFont.Get (string) [0x00082] in <d74c70f944404a48bd19ff5e27c91c79>:0 @ http://localhost:8090/_framework/blazor.webassembly.js:0
[    7348ms] [ERROR] at Nori.LineFont.Get (string) [0x00082] in <d74c70f944404a48bd19ff5e27c91c79>:0 @ http://localhost:8090/_framework/blazor.webassembly.js:0
[    7348ms] [ERROR] at Nori.LineFont.Get (string) [0x00082] in <d74c70f944404a48bd19ff5e27c91c79>:0 @ http://localhost:8090/_framework/blazor.webassembly.js:0
[    7348ms] [ERROR] at Nori.LineFont.Get (string) [0x00082] in <d74c70f944404a48bd19ff5e27c91c79>:0 @ http://localhost:8090/_framework/blazor.webassembly.js:0
[    7348ms] [ERROR] at Nori.LineFont.Get (string) [0x00082] in <d74c70f944404a48bd19ff5e27c91c79>:0 @ http://localhost:8090/_framework/blazor.webassembly.js:0
[    7349ms] [ERROR] at Nori.LineFont.Get (string) [0x00082] in <d74c70f944404a48bd19ff5e27c91c79>:0 @ http://localhost:8090/_framework/blazor.webassembly.js:0
[    7349ms] [ERROR] at Nori.LineFont.Get (string) [0x00082] in <d74c70f944404a48bd19ff5e27c91c79>:0 @ http://localhost:8090/_framework/blazor.webassembly.js:0
[    7349ms] [ERROR] at Nori.LineFont.Get (string) [0x00082] in <d74c70f944404a48bd19ff5e27c91c79>:0 @ http://localhost:8090/_framework/blazor.webassembly.js:0
[    7349ms] [ERROR] at Nori.LineFont.Get (string) [0x00082] in <d74c70f944404a48bd19ff5e27c91c79>:0 @ http://localhost:8090/_framework/blazor.webassembly.js:0
[    7349ms] [ERROR] at Nori.LineFont.Get (string) [0x00082] in <d74c70f944404a48bd19ff5e27c91c79>:0 @ http://localhost:8090/_framework/blazor.webassembly.js:0
[    7349ms] [ERROR] at Nori.LineFont.Get (string) [0x00082] in <d74c70f944404a48bd19ff5e27c91c79>:0 @ http://localhost:8090/_framework/blazor.webassembly.js:0
[    7349ms] [ERROR] at Nori.LineFont.Get (string) [0x00082] in <d74c70f944404a48bd19ff5e27c91c79>:0 @ http://localhost:8090/_framework/blazor.webassembly.js:0
[    7349ms] [ERROR] at Nori.LineFont.Get (string) [0x00082] in <d74c70f944404a48bd19ff5e27c91c79>:0 @ http://localhost:8090/_framework/blazor.webassembly.js:0
[    7349ms] [ERROR] at Nori.LineFont.Get (string) [0x00082] in <d74c70f944404a48bd19ff5e27c91c79>:0 @ http://localhost:8090/_framework/blazor.webassembly.js:0
[    7349ms] [ERROR] at Nori.LineFont.Get (string) [0x00082] in <d74c70f944404a48bd19ff5e27c91c79>:0 @ http://localhost:8090/_framework/blazor.webassembly.js:0
[    7349ms] [ERROR] at Nori.LineFont.Get (string) [0x00082] in <d74c70f944404a48bd19ff5e27c91c79>:0 @ http://localhost:8090/_framework/blazor.webassembly.js:0
[    7350ms] [ERROR] at Nori.LineFont.Get (string) [0x00082] in <d74c70f944404a48bd19ff5e27c91c79>:0 @ http://localhost:8090/_framework/blazor.webassembly.js:0
[    7350ms] [ERROR] at Nori.LineFont.Get (string) [0x00082] in <d74c70f944404a48bd19ff5e27c91c79>:0 @ http://localhost:8090/_framework/blazor.webassembly.js:0
[    7350ms] [ERROR] at Nori.LineFont.Get (string) [0x00082] in <d74c70f944404a48bd19ff5e27c91c79>:0 @ http://localhost:8090/_framework/blazor.webassembly.js:0
[    7350ms] [ERROR] at Nori.LineFont.Get (string) [0x00082] in <d74c70f944404a48bd19ff5e27c91c79>:0 @ http://localhost:8090/_framework/blazor.webassembly.js:0
[    7350ms] [ERROR] at Nori.LineFont.Get (string) [0x00082] in <d74c70f944404a48bd19ff5e27c91c79>:0 @ http://localhost:8090/_framework/blazor.webassembly.js:0
[    7350ms] [ERROR] at Nori.LineFont.Get (string) [0x00082] in <d74c70f944404a48bd19ff5e27c91c79>:0 @ http://localhost:8090/_framework/blazor.webassembly.js:0
[    7350ms] [ERROR] at Nori.LineFont.Get (string) [0x00082] in <d74c70f944404a48bd19ff5e27c91c79>:0 @ http://localhost:8090/_framework/blazor.webassembly.js:0
[    7350ms] [ERROR] at Nori.LineFont.Get (string) [0x00082] in <d74c70f944404a48bd19ff5e27c91c79>:0 @ http://localhost:8090/_framework/blazor.webassembly.js:0
[    7350ms] [ERROR] at Nori.LineFont.Get (string) [0x00082] in <d74c70f944404a48bd19ff5e27c91c79>:0 @ http://localhost:8090/_framework/blazor.webassembly.js:0
[    7350ms] [ERROR] at Nori.LineFont.Get (string) [0x00082] in <d74c70f944404a48bd19ff5e27c91c79>:0 @ http://localhost:8090/_framework/blazor.webassembly.js:0
[    7350ms] [ERROR] at Nori.LineFont.Get (string) [0x00082] in <d74c70f944404a48bd19ff5e27c91c79>:0 @ http://localhost:8090/_framework/blazor.webassembly.js:0
[    7350ms] [ERROR] at Nori.LineFont.Get (string) [0x00082] in <d74c70f944404a48bd19ff5e27c91c79>:0 @ http://localhost:8090/_framework/blazor.webassembly.js:0
[    7350ms] [ERROR] at Nori.LineFont.Get (string) [0x00082] in <d74c70f944404a48bd19ff5e27c91c79>:0 @ http://localhost:8090/_framework/blazor.webassembly.js:0
[    7350ms] [ERROR] at Nori.LineFont.Get (string) [0x00082] in <d74c70f944404a48bd19ff5e27c91c79>:0 @ http://localhost:8090/_framework/blazor.webassembly.js:0
[    7350ms] [ERROR] at Nori.LineFont.Get (string) [0x00082] in <d74c70f944404a48bd19ff5e27c91c79>:0 @ http://localhost:8090/_framework/blazor.webassembly.js:0
[    7350ms] [ERROR] at Nori.LineFont.Get (string) [0x00082] in <d74c70f944404a48bd19ff5e27c91c79>:0 @ http://localhost:8090/_framework/blazor.webassembly.js:0
[    7351ms] [ERROR] at Nori.LineFont.Get (string) [0x00082] in <d74c70f944404a48bd19ff5e27c91c79>:0 @ http://localhost:8090/_framework/blazor.webassembly.js:0
[    7351ms] [ERROR] at Nori.LineFont.Get (string) [0x00082] in <d74c70f944404a48bd19ff5e27c91c79>:0 @ http://localhost:8090/_framework/blazor.webassembly.js:0
[    7351ms] [ERROR] at Nori.LineFont.Get (string) [0x00082] in <d74c70f944404a48bd19ff5e27c91c79>:0 @ http://localhost:8090/_framework/blazor.webassembly.js:0
[    7351ms] [ERROR] at Nori.LineFont.Get (string) [0x00082] in <d74c70f944404a48bd19ff5e27c91c79>:0 @ http://localhost:8090/_framework/blazor.webassembly.js:0
[    7351ms] [ERROR] at Nori.LineFont.Get (string) [0x00082] in <d74c70f944404a48bd19ff5e27c91c79>:0 @ http://localhost:8090/_framework/blazor.webassembly.js:0
[    7351ms] [ERROR] at Nori.LineFont.Get (string) [0x00082] in <d74c70f944404a48bd19ff5e27c91c79>:0 @ http://localhost:8090/_framework/blazor.webassembly.js:0
[    7351ms] [ERROR] at Nori.LineFont.Get (string) [0x00082] in <d74c70f944404a48bd19ff5e27c91c79>:0 @ http://localhost:8090/_framework/blazor.webassembly.js:0
[    7351ms] [ERROR] at Nori.LineFont.Get (string) [0x00082] in <d74c70f944404a48bd19ff5e27c91c79>:0 @ http://localhost:8090/_framework/blazor.webassembly.js:0
[    7351ms] [ERROR] at Nori.LineFont.Get (string) [0x00082] in <d74c70f944404a48bd19ff5e27c91c79>:0 @ http://localhost:8090/_framework/blazor.webassembly.js:0
[    7351ms] [ERROR] at Nori.LineFont.Get (string) [0x00082] in <d74c70f944404a48bd19ff5e27c91c79>:0 @ http://localhost:8090/_framework/blazor.webassembly.js:0
[    7351ms] [ERROR] at Nori.LineFont.Get (string) [0x00082] in <d74c70f944404a48bd19ff5e27c91c79>:0 @ http://localhost:8090/_framework/blazor.webassembly.js:0
[    7351ms] [ERROR] at Nori.LineFont.Get (string) [0x00082] in <d74c70f944404a48bd19ff5e27c91c79>:0 @ http://localhost:8090/_framework/blazor.webassembly.js:0
[    7351ms] [ERROR] at Nori.LineFont.Get (string) [0x00082] in <d74c70f944404a48bd19ff5e27c91c79>:0 @ http://localhost:8090/_framework/blazor.webassembly.js:0
[    7351ms] [ERROR] at Nori.LineFont.Get (string) [0x00082] in <d74c70f944404a48bd19ff5e27c91c79>:0 @ http://localhost:8090/_framework/blazor.webassembly.js:0
[    7351ms] [ERROR] at Nori.LineFont.Get (string) [0x00082] in <d74c70f944404a48bd19ff5e27c91c79>:0 @ http://localhost:8090/_framework/blazor.webassembly.js:0
[    7351ms] [ERROR] at Nori.LineFont.Get (string) [0x00082] in <d74c70f944404a48bd19ff5e27c91c79>:0 @ http://localhost:8090/_framework/blazor.webassembly.js:0
[    7351ms] [ERROR] at Nori.LineFont.Get (string) [0x00082] in <d74c70f944404a48bd19ff5e27c91c79>:0 @ http://localhost:8090/_framework/blazor.webassembly.js:0
[    7352ms] [ERROR] at Nori.LineFont.Get (string) [0x00082] in <d74c70f944404a48bd19ff5e27c91c79>:0 @ http://localhost:8090/_framework/blazor.webassembly.js:0
[    7352ms] [ERROR] at Nori.LineFont.Get (string) [0x00082] in <d74c70f944404a48bd19ff5e27c91c79>:0 @ http://localhost:8090/_framework/blazor.webassembly.js:0
[    7352ms] [ERROR] at Nori.LineFont.Get (string) [0x00082] in <d74c70f944404a48bd19ff5e27c91c79>:0 @ http://localhost:8090/_framework/blazor.webassembly.js:0
[    7352ms] [ERROR] at Nori.LineFont.Get (string) [0x00082] in <d74c70f944404a48bd19ff5e27c91c79>:0 @ http://localhost:8090/_framework/blazor.webassembly.js:0
[    7352ms] [ERROR] at Nori.LineFont.Get (string) [0x00082] in <d74c70f944404a48bd19ff5e27c91c79>:0 @ http://localhost:8090/_framework/blazor.webassembly.js:0
[    7352ms] [ERROR] at Nori.LineFont.Get (string) [0x00082] in <d74c70f944404a48bd19ff5e27c91c79>:0 @ http://localhost:8090/_framework/blazor.webassembly.js:0
[    7352ms] [ERROR] at Nori.LineFont.Get (string) [0x00082] in <d74c70f944404a48bd19ff5e27c91c79>:0 @ http://localhost:8090/_framework/blazor.webassembly.js:0
[    7352ms] [ERROR] at Nori.LineFont.Get (string) [0x00082] in <d74c70f944404a48bd19ff5e27c91c79>:0 @ http://localhost:8090/_framework/blazor.webassembly.js:0
[    7352ms] [ERROR] at Nori.LineFont.Get (string) [0x00082] in <d74c70f944404a48bd19ff5e27c91c79>:0 @ http://localhost:8090/_framework/blazor.webassembly.js:0
[    7352ms] [ERROR] at Nori.LineFont.Get (string) [0x00082] in <d74c70f944404a48bd19ff5e27c91c79>:0 @ http://localhost:8090/_framework/blazor.webassembly.js:0
[    7352ms] [ERROR] at Nori.LineFont.Get (string) [0x00082] in <d74c70f944404a48bd19ff5e27c91c79>:0 @ http://localhost:8090/_framework/blazor.webassembly.js:0
[    7352ms] [ERROR] at Nori.LineFont.Get (string) [0x00082] in <d74c70f944404a48bd19ff5e27c91c79>:0 @ http://localhost:8090/_framework/blazor.webassembly.js:0
[    7352ms] [ERROR] at Nori.LineFont.Get (string) [0x00082] in <d74c70f944404a48bd19ff5e27c91c79>:0 @ http://localhost:8090/_framework/blazor.webassembly.js:0
[    7352ms] [ERROR] at Nori.LineFont.Get (string) [0x00082] in <d74c70f944404a48bd19ff5e27c91c79>:0 @ http://localhost:8090/_framework/blazor.webassembly.js:0
[    7352ms] [ERROR] at Nori.LineFont.Get (string) [0x00082] in <d74c70f944404a48bd19ff5e27c91c79>:0 @ http://localhost:8090/_framework/blazor.webassembly.js:0
[    7352ms] [ERROR] at Nori.LineFont.Get (string) [0x00082] in <d74c70f944404a48bd19ff5e27c91c79>:0 @ http://localhost:8090/_framework/blazor.webassembly.js:0
[    7352ms] [ERROR] at Nori.LineFont.Get (string) [0x00082] in <d74c70f944404a48bd19ff5e27c91c79>:0 @ http://localhost:8090/_framework/blazor.webassembly.js:0
[    7353ms] [ERROR] at Nori.LineFont.Get (string) [0x00082] in <d74c70f944404a48bd19ff5e27c91c79>:0 @ http://localhost:8090/_framework/blazor.webassembly.js:0
[    7353ms] [ERROR] at Nori.LineFont.Get (string) [0x00082] in <d74c70f944404a48bd19ff5e27c91c79>:0 @ http://localhost:8090/_framework/blazor.webassembly.js:0
[    7353ms] [ERROR] at Nori.LineFont.Get (string) [0x00082] in <d74c70f944404a48bd19ff5e27c91c79>:0 @ http://localhost:8090/_framework/blazor.webassembly.js:0
[    7353ms] [ERROR] at Nori.LineFont.Get (string) [0x00082] in <d74c70f944404a48bd19ff5e27c91c79>:0 @ http://localhost:8090/_framework/blazor.webassembly.js:0
[    7353ms] [ERROR] at Nori.LineFont.Get (string) [0x00082] in <d74c70f944404a48bd19ff5e27c91c79>:0 @ http://localhost:8090/_framework/blazor.webassembly.js:0
[    7353ms] [ERROR] at Nori.LineFont.Get (string) [0x00082] in <d74c70f944404a48bd19ff5e27c91c79>:0 @ http://localhost:8090/_framework/blazor.webassembly.js:0
[    7353ms] [ERROR] at Nori.LineFont.Get (string) [0x00082] in <d74c70f944404a48bd19ff5e27c91c79>:0 @ http://localhost:8090/_framework/blazor.webassembly.js:0
[    7353ms] [ERROR] at Nori.LineFont.Get (string) [0x00082] in <d74c70f944404a48bd19ff5e27c91c79>:0 @ http://localhost:8090/_framework/blazor.webassembly.js:0
[    7353ms] [ERROR] at Nori.LineFont.Get (string) [0x00082] in <d74c70f944404a48bd19ff5e27c91c79>:0 @ http://localhost:8090/_framework/blazor.webassembly.js:0
[    7353ms] [ERROR] at Nori.LineFont.Get (string) [0x00082] in <d74c70f944404a48bd19ff5e27c91c79>:0 @ http://localhost:8090/_framework/blazor.webassembly.js:0
[    7353ms] [ERROR] at Nori.LineFont.Get (string) [0x00082] in <d74c70f944404a48bd19ff5e27c91c79>:0 @ http://localhost:8090/_framework/blazor.webassembly.js:0
[    7353ms] [ERROR] at Nori.LineFont.Get (string) [0x00082] in <d74c70f944404a48bd19ff5e27c91c79>:0 @ http://localhost:8090/_framework/blazor.webassembly.js:0
[    7353ms] [ERROR] at Nori.LineFont.Get (string) [0x00082] in <d74c70f944404a48bd19ff5e27c91c79>:0 @ http://localhost:8090/_framework/blazor.webassembly.js:0
[    7353ms] [ERROR] at Nori.LineFont.Get (string) [0x00082] in <d74c70f944404a48bd19ff5e27c91c79>:0 @ http://localhost:8090/_framework/blazor.webassembly.js:0
[    7353ms] [ERROR] at Nori.LineFont.Get (string) [0x00082] in <d74c70f944404a48bd19ff5e27c91c79>:0 @ http://localhost:8090/_framework/blazor.webassembly.js:0
[    7353ms] [ERROR] at Nori.LineFont.Get (string) [0x00082] in <d74c70f944404a48bd19ff5e27c91c79>:0 @ http://localhost:8090/_framework/blazor.webassembly.js:0
[    7354ms] [ERROR] at Nori.LineFont.Get (string) [0x00082] in <d74c70f944404a48bd19ff5e27c91c79>:0 @ http://localhost:8090/_framework/blazor.webassembly.js:0
[    7354ms] [ERROR] at Nori.LineFont.Get (string) [0x00082] in <d74c70f944404a48bd19ff5e27c91c79>:0 @ http://localhost:8090/_framework/blazor.webassembly.js:0
[    7354ms] [ERROR] at Nori.LineFont.Get (string) [0x00082] in <d74c70f944404a48bd19ff5e27c91c79>:0 @ http://localhost:8090/_framework/blazor.webassembly.js:0
[    7354ms] [ERROR] at Nori.LineFont.Get (string) [0x00082] in <d74c70f944404a48bd19ff5e27c91c79>:0 @ http://localhost:8090/_framework/blazor.webassembly.js:0
[    7354ms] [ERROR] at Nori.LineFont.Get (string) [0x00082] in <d74c70f944404a48bd19ff5e27c91c79>:0 @ http://localhost:8090/_framework/blazor.webassembly.js:0
[    7354ms] [ERROR] at Nori.LineFont.Get (string) [0x00082] in <d74c70f944404a48bd19ff5e27c91c79>:0 @ http://localhost:8090/_framework/blazor.webassembly.js:0
[    7354ms] [ERROR] at Nori.LineFont.Get (string) [0x00082] in <d74c70f944404a48bd19ff5e27c91c79>:0 @ http://localhost:8090/_framework/blazor.webassembly.js:0
[    7354ms] [ERROR] at Nori.LineFont.Get (string) [0x00082] in <d74c70f944404a48bd19ff5e27c91c79>:0 @ http://localhost:8090/_framework/blazor.webassembly.js:0
[    7354ms] [ERROR] at Nori.LineFont.Get (string) [0x00082] in <d74c70f944404a48bd19ff5e27c91c79>:0 @ http://localhost:8090/_framework/blazor.webassembly.js:0
[    7354ms] [ERROR] at Nori.LineFont.Get (string) [0x00082] in <d74c70f944404a48bd19ff5e27c91c79>:0 @ http://localhost:8090/_framework/blazor.webassembly.js:0
[    7354ms] [ERROR] at Nori.LineFont.Get (string) [0x00082] in <d74c70f944404a48bd19ff5e27c91c79>:0 @ http://localhost:8090/_framework/blazor.webassembly.js:0
[    7354ms] [ERROR] at Nori.LineFont.Get (string) [0x00082] in <d74c70f944404a48bd19ff5e27c91c79>:0 @ http://localhost:8090/_framework/blazor.webassembly.js:0
[    7354ms] [ERROR] at Nori.LineFont.Get (string) [0x00082] in <d74c70f944404a48bd19ff5e27c91c79>:0 @ http://localhost:8090/_framework/blazor.webassembly.js:0
[    7354ms] [ERROR] at Nori.LineFont.Get (string) [0x00082] in <d74c70f944404a48bd19ff5e27c91c79>:0 @ http://localhost:8090/_framework/blazor.webassembly.js:0
[    7354ms] [ERROR] at Nori.LineFont.Get (string) [0x00082] in <d74c70f944404a48bd19ff5e27c91c79>:0 @ http://localhost:8090/_framework/blazor.webassembly.js:0
[    7354ms] [ERROR] at Nori.LineFont.Get (string) [0x00082] in <d74c70f944404a48bd19ff5e27c91c79>:0 @ http://localhost:8090/_framework/blazor.webassembly.js:0
[    7354ms] [ERROR] at Nori.LineFont.Get (string) [0x00082] in <d74c70f944404a48bd19ff5e27c91c79>:0 @ http://localhost:8090/_framework/blazor.webassembly.js:0
[    7355ms] [ERROR] at Nori.LineFont.Get (string) [0x00082] in <d74c70f944404a48bd19ff5e27c91c79>:0 @ http://localhost:8090/_framework/blazor.webassembly.js:0
[    7355ms] [ERROR] at Nori.LineFont.Get (string) [0x00082] in <d74c70f944404a48bd19ff5e27c91c79>:0 @ http://localhost:8090/_framework/blazor.webassembly.js:0
[    7355ms] [ERROR] at Nori.LineFont.Get (string) [0x00082] in <d74c70f944404a48bd19ff5e27c91c79>:0 @ http://localhost:8090/_framework/blazor.webassembly.js:0
[    7355ms] [ERROR] at Nori.LineFont.Get (string) [0x00082] in <d74c70f944404a48bd19ff5e27c91c79>:0 @ http://localhost:8090/_framework/blazor.webassembly.js:0
[    7355ms] [ERROR] at Nori.LineFont.Get (string) [0x00082] in <d74c70f944404a48bd19ff5e27c91c79>:0 @ http://localhost:8090/_framework/blazor.webassembly.js:0
[    7355ms] [ERROR] at Nori.LineFont.Get (string) [0x00082] in <d74c70f944404a48bd19ff5e27c91c79>:0 @ http://localhost:8090/_framework/blazor.webassembly.js:0
[    7355ms] [ERROR] at Nori.LineFont.Get (string) [0x00082] in <d74c70f944404a48bd19ff5e27c91c79>:0 @ http://localhost:8090/_framework/blazor.webassembly.js:0
[    7355ms] [ERROR] at Nori.LineFont.Get (string) [0x00082] in <d74c70f944404a48bd19ff5e27c91c79>:0 @ http://localhost:8090/_framework/blazor.webassembly.js:0
[    7355ms] [ERROR] at Nori.LineFont.Get (string) [0x00082] in <d74c70f944404a48bd19ff5e27c91c79>:0 @ http://localhost:8090/_framework/blazor.webassembly.js:0
[    7355ms] [ERROR] at Nori.LineFont.Get (string) [0x00082] in <d74c70f944404a48bd19ff5e27c91c79>:0 @ http://localhost:8090/_framework/blazor.webassembly.js:0
[    7355ms] [ERROR] at Nori.LineFont.Get (string) [0x00082] in <d74c70f944404a48bd19ff5e27c91c79>:0 @ http://localhost:8090/_framework/blazor.webassembly.js:0
[    7355ms] [ERROR] at Nori.LineFont.Get (string) [0x00082] in <d74c70f944404a48bd19ff5e27c91c79>:0 @ http://localhost:8090/_framework/blazor.webassembly.js:0
[    7355ms] [ERROR] at Nori.LineFont.Get (string) [0x00082] in <d74c70f944404a48bd19ff5e27c91c79>:0 @ http://localhost:8090/_framework/blazor.webassembly.js:0
[    7355ms] [ERROR] at Nori.LineFont.Get (string) [0x00082] in <d74c70f944404a48bd19ff5e27c91c79>:0 @ http://localhost:8090/_framework/blazor.webassembly.js:0
[    7355ms] [ERROR] at Nori.LineFont.Get (string) [0x00082] in <d74c70f944404a48bd19ff5e27c91c79>:0 @ http://localhost:8090/_framework/blazor.webassembly.js:0
[    7355ms] [ERROR] at Nori.LineFont.Get (string) [0x00082] in <d74c70f944404a48bd19ff5e27c91c79>:0 @ http://localhost:8090/_framework/blazor.webassembly.js:0
[    7356ms] [ERROR] at Nori.LineFont.Get (string) [0x00082] in <d74c70f944404a48bd19ff5e27c91c79>:0 @ http://localhost:8090/_framework/blazor.webassembly.js:0
[    7356ms] [ERROR] at Nori.LineFont.Get (string) [0x00082] in <d74c70f944404a48bd19ff5e27c91c79>:0 @ http://localhost:8090/_framework/blazor.webassembly.js:0
[    7356ms] [ERROR] at Nori.LineFont.Get (string) [0x00082] in <d74c70f944404a48bd19ff5e27c91c79>:0 @ http://localhost:8090/_framework/blazor.webassembly.js:0
[    7356ms] [ERROR] at Nori.LineFont.Get (string) [0x00082] in <d74c70f944404a48bd19ff5e27c91c79>:0 @ http://localhost:8090/_framework/blazor.webassembly.js:0
[    7356ms] [ERROR] at Nori.LineFont.Get (string) [0x00082] in <d74c70f944404a48bd19ff5e27c91c79>:0 @ http://localhost:8090/_framework/blazor.webassembly.js:0
[    7356ms] [ERROR] at Nori.LineFont.Get (string) [0x00082] in <d74c70f944404a48bd19ff5e27c91c79>:0 @ http://localhost:8090/_framework/blazor.webassembly.js:0
[    7356ms] [ERROR] at Nori.LineFont.Get (string) [0x00082] in <d74c70f944404a48bd19ff5e27c91c79>:0 @ http://localhost:8090/_framework/blazor.webassembly.js:0
[    7356ms] [ERROR] at Nori.LineFont.Get (string) [0x00082] in <d74c70f944404a48bd19ff5e27c91c79>:0 @ http://localhost:8090/_framework/blazor.webassembly.js:0
[    7356ms] [ERROR] at Nori.LineFont.Get (string) [0x00082] in <d74c70f944404a48bd19ff5e27c91c79>:0 @ http://localhost:8090/_framework/blazor.webassembly.js:0
[    7356ms] [ERROR] at Nori.LineFont.Get (string) [0x00082] in <d74c70f944404a48bd19ff5e27c91c79>:0 @ http://localhost:8090/_framework/blazor.webassembly.js:0
[    7356ms] [ERROR] at Nori.LineFont.Get (string) [0x00082] in <d74c70f944404a48bd19ff5e27c91c79>:0 @ http://localhost:8090/_framework/blazor.webassembly.js:0
[    7356ms] [ERROR] at Nori.LineFont.Get (string) [0x00082] in <d74c70f944404a48bd19ff5e27c91c79>:0 @ http://localhost:8090/_framework/blazor.webassembly.js:0
[    7356ms] [ERROR] at Nori.LineFont.Get (string) [0x00082] in <d74c70f944404a48bd19ff5e27c91c79>:0 @ http://localhost:8090/_framework/blazor.webassembly.js:0
[    7356ms] [ERROR] at Nori.LineFont.Get (string) [0x00082] in <d74c70f944404a48bd19ff5e27c91c79>:0 @ http://localhost:8090/_framework/blazor.webassembly.js:0
[    7356ms] [ERROR] at Nori.LineFont.Get (string) [0x00082] in <d74c70f944404a48bd19ff5e27c91c79>:0 @ http://localhost:8090/_framework/blazor.webassembly.js:0
[    7356ms] [ERROR] at Nori.LineFont.Get (string) [0x00082] in <d74c70f944404a48bd19ff5e27c91c79>:0 @ http://localhost:8090/_framework/blazor.webassembly.js:0
[    7356ms] [ERROR] at Nori.LineFont.Get (string) [0x00082] in <d74c70f944404a48bd19ff5e27c91c79>:0 @ http://localhost:8090/_framework/blazor.webassembly.js:0
[    7357ms] [ERROR] at Nori.LineFont.Get (string) [0x00082] in <d74c70f944404a48bd19ff5e27c91c79>:0 @ http://localhost:8090/_framework/blazor.webassembly.js:0
[    7357ms] [ERROR] at Nori.LineFont.Get (string) [0x00082] in <d74c70f944404a48bd19ff5e27c91c79>:0 @ http://localhost:8090/_framework/blazor.webassembly.js:0
[    7357ms] [ERROR] at Nori.LineFont.Get (string) [0x00082] in <d74c70f944404a48bd19ff5e27c91c79>:0 @ http://localhost:8090/_framework/blazor.webassembly.js:0
[    7357ms] [ERROR] at Nori.LineFont.Get (string) [0x00082] in <d74c70f944404a48bd19ff5e27c91c79>:0 @ http://localhost:8090/_framework/blazor.webassembly.js:0
[    7357ms] [ERROR] at Nori.LineFont.Get (string) [0x00082] in <d74c70f944404a48bd19ff5e27c91c79>:0 @ http://localhost:8090/_framework/blazor.webassembly.js:0
[    7357ms] [ERROR] at Nori.LineFont.Get (string) [0x00082] in <d74c70f944404a48bd19ff5e27c91c79>:0 @ http://localhost:8090/_framework/blazor.webassembly.js:0
[    7357ms] [ERROR] at Nori.LineFont.Get (string) [0x00082] in <d74c70f944404a48bd19ff5e27c91c79>:0 @ http://localhost:8090/_framework/blazor.webassembly.js:0
[    7357ms] [ERROR] at Nori.LineFont.Get (string) [0x00082] in <d74c70f944404a48bd19ff5e27c91c79>:0 @ http://localhost:8090/_framework/blazor.webassembly.js:0
[    7357ms] [ERROR] at Nori.LineFont.Get (string) [0x00082] in <d74c70f944404a48bd19ff5e27c91c79>:0 @ http://localhost:8090/_framework/blazor.webassembly.js:0
[    7357ms] [ERROR] at Nori.LineFont.Get (string) [0x00082] in <d74c70f944404a48bd19ff5e27c91c79>:0 @ http://localhost:8090/_framework/blazor.webassembly.js:0
[    7357ms] [ERROR] at Nori.LineFont.Get (string) [0x00082] in <d74c70f944404a48bd19ff5e27c91c79>:0 @ http://localhost:8090/_framework/blazor.webassembly.js:0
[    7357ms] [ERROR] at Nori.LineFont.Get (string) [0x00082] in <d74c70f944404a48bd19ff5e27c91c79>:0 @ http://localhost:8090/_framework/blazor.webassembly.js:0
[    7357ms] [ERROR] at Nori.LineFont.Get (string) [0x00082] in <d74c70f944404a48bd19ff5e27c91c79>:0 @ http://localhost:8090/_framework/blazor.webassembly.js:0
[    7357ms] [ERROR] at Nori.LineFont.Get (string) [0x00082] in <d74c70f944404a48bd19ff5e27c91c79>:0 @ http://localhost:8090/_framework/blazor.webassembly.js:0
[    7357ms] [ERROR] at Nori.LineFont.Get (string) [0x00082] in <d74c70f944404a48bd19ff5e27c91c79>:0 @ http://localhost:8090/_framework/blazor.webassembly.js:0
[    7357ms] [ERROR] at Nori.LineFont.Get (string) [0x00082] in <d74c70f944404a48bd19ff5e27c91c79>:0 @ http://localhost:8090/_framework/blazor.webassembly.js:0
[    7358ms] [ERROR] at Nori.LineFont.Get (string) [0x00082] in <d74c70f944404a48bd19ff5e27c91c79>:0 @ http://localhost:8090/_framework/blazor.webassembly.js:0
[    7358ms] [ERROR] at Nori.LineFont.Get (string) [0x00082] in <d74c70f944404a48bd19ff5e27c91c79>:0 @ http://localhost:8090/_framework/blazor.webassembly.js:0
[    7358ms] [ERROR] at Nori.LineFont.Get (string) [0x00082] in <d74c70f944404a48bd19ff5e27c91c79>:0 @ http://localhost:8090/_framework/blazor.webassembly.js:0
[    7358ms] [ERROR] at Nori.LineFont.Get (string) [0x00082] in <d74c70f944404a48bd19ff5e27c91c79>:0 @ http://localhost:8090/_framework/blazor.webassembly.js:0
[    7358ms] [ERROR] at Nori.LineFont.Get (string) [0x00082] in <d74c70f944404a48bd19ff5e27c91c79>:0 @ http://localhost:8090/_framework/blazor.webassembly.js:0
[    7358ms] [ERROR] at Nori.LineFont.Get (string) [0x00082] in <d74c70f944404a48bd19ff5e27c91c79>:0 @ http://localhost:8090/_framework/blazor.webassembly.js:0
[    7358ms] [ERROR] at Nori.LineFont.Get (string) [0x00082] in <d74c70f944404a48bd19ff5e27c91c79>:0 @ http://localhost:8090/_framework/blazor.webassembly.js:0
[    7358ms] [ERROR] at Nori.LineFont.Get (string) [0x00082] in <d74c70f944404a48bd19ff5e27c91c79>:0 @ http://localhost:8090/_framework/blazor.webassembly.js:0
[    7358ms] [ERROR] at Nori.LineFont.Get (string) [0x00082] in <d74c70f944404a48bd19ff5e27c91c79>:0 @ http://localhost:8090/_framework/blazor.webassembly.js:0
[    7358ms] [ERROR] at Nori.LineFont.Get (string) [0x00082] in <d74c70f944404a48bd19ff5e27c91c79>:0 @ http://localhost:8090/_framework/blazor.webassembly.js:0
[    7358ms] [ERROR] at Nori.LineFont.Get (string) [0x00082] in <d74c70f944404a48bd19ff5e27c91c79>:0 @ http://localhost:8090/_framework/blazor.webassembly.js:0
[    7358ms] [ERROR] at Nori.LineFont.Get (string) [0x00082] in <d74c70f944404a48bd19ff5e27c91c79>:0 @ http://localhost:8090/_framework/blazor.webassembly.js:0
[    7358ms] [ERROR] at Nori.LineFont.Get (string) [0x00082] in <d74c70f944404a48bd19ff5e27c91c79>:0 @ http://localhost:8090/_framework/blazor.webassembly.js:0
[    7358ms] [ERROR] at Nori.LineFont.Get (string) [0x00082] in <d74c70f944404a48bd19ff5e27c91c79>:0 @ http://localhost:8090/_framework/blazor.webassembly.js:0
[    7358ms] [ERROR] at Nori.LineFont.Get (string) [0x00082] in <d74c70f944404a48bd19ff5e27c91c79>:0 @ http://localhost:8090/_framework/blazor.webassembly.js:0
[    7358ms] [ERROR] at Nori.LineFont.Get (string) [0x00082] in <d74c70f944404a48bd19ff5e27c91c79>:0 @ http://localhost:8090/_framework/blazor.webassembly.js:0
[    7359ms] [ERROR] at Nori.LineFont.Get (string) [0x00082] in <d74c70f944404a48bd19ff5e27c91c79>:0 @ http://localhost:8090/_framework/blazor.webassembly.js:0
[    7359ms] [ERROR] at Nori.LineFont.Get (string) [0x00082] in <d74c70f944404a48bd19ff5e27c91c79>:0 @ http://localhost:8090/_framework/blazor.webassembly.js:0
[    7359ms] [ERROR] at Nori.LineFont.Get (string) [0x00082] in <d74c70f944404a48bd19ff5e27c91c79>:0 @ http://localhost:8090/_framework/blazor.webassembly.js:0
[    7359ms] [ERROR] at Nori.LineFont.Get (string) [0x00082] in <d74c70f944404a48bd19ff5e27c91c79>:0 @ http://localhost:8090/_framework/blazor.webassembly.js:0
[    7359ms] [ERROR] at Nori.LineFont.Get (string) [0x00082] in <d74c70f944404a48bd19ff5e27c91c79>:0 @ http://localhost:8090/_framework/blazor.webassembly.js:0
[    7359ms] [ERROR] at Nori.LineFont.Get (string) [0x00082] in <d74c70f944404a48bd19ff5e27c91c79>:0 @ http://localhost:8090/_framework/blazor.webassembly.js:0
[    7359ms] [ERROR] at Nori.LineFont.Get (string) [0x00082] in <d74c70f944404a48bd19ff5e27c91c79>:0 @ http://localhost:8090/_framework/blazor.webassembly.js:0
[    7359ms] [ERROR] at Nori.LineFont.Get (string) [0x00082] in <d74c70f944404a48bd19ff5e27c91c79>:0 @ http://localhost:8090/_framework/blazor.webassembly.js:0
[    7359ms] [ERROR] at Nori.LineFont.Get (string) [0x00082] in <d74c70f944404a48bd19ff5e27c91c79>:0 @ http://localhost:8090/_framework/blazor.webassembly.js:0
[    7359ms] [ERROR] at Nori.LineFont.Get (string) [0x00082] in <d74c70f944404a48bd19ff5e27c91c79>:0 @ http://localhost:8090/_framework/blazor.webassembly.js:0
[    7359ms] [ERROR] at Nori.LineFont.Get (string) [0x00082] in <d74c70f944404a48bd19ff5e27c91c79>:0 @ http://localhost:8090/_framework/blazor.webassembly.js:0
[    7359ms] [ERROR] at Nori.LineFont.Get (string) [0x00082] in <d74c70f944404a48bd19ff5e27c91c79>:0 @ http://localhost:8090/_framework/blazor.webassembly.js:0
[    7359ms] [ERROR] at Nori.LineFont.Get (string) [0x00082] in <d74c70f944404a48bd19ff5e27c91c79>:0 @ http://localhost:8090/_framework/blazor.webassembly.js:0
[    7359ms] [ERROR] at Nori.LineFont.Get (string) [0x00082] in <d74c70f944404a48bd19ff5e27c91c79>:0 @ http://localhost:8090/_framework/blazor.webassembly.js:0
[    7359ms] [ERROR] at Nori.LineFont.Get (string) [0x00082] in <d74c70f944404a48bd19ff5e27c91c79>:0 @ http://localhost:8090/_framework/blazor.webassembly.js:0
[    7359ms] [ERROR] at Nori.LineFont.Get (string) [0x00082] in <d74c70f944404a48bd19ff5e27c91c79>:0 @ http://localhost:8090/_framework/blazor.webassembly.js:0
[    7360ms] [ERROR] at Nori.LineFont.Get (string) [0x00082] in <d74c70f944404a48bd19ff5e27c91c79>:0 @ http://localhost:8090/_framework/blazor.webassembly.js:0
[    7360ms] [ERROR] at Nori.LineFont.Get (string) [0x00082] in <d74c70f944404a48bd19ff5e27c91c79>:0 @ http://localhost:8090/_framework/blazor.webassembly.js:0
[    7360ms] [ERROR] at Nori.LineFont.Get (string) [0x00082] in <d74c70f944404a48bd19ff5e27c91c79>:0 @ http://localhost:8090/_framework/blazor.webassembly.js:0
[    7360ms] [ERROR] at Nori.LineFont.Get (string) [0x00082] in <d74c70f944404a48bd19ff5e27c91c79>:0 @ http://localhost:8090/_framework/blazor.webassembly.js:0
[    7360ms] [ERROR] at Nori.LineFont.Get (string) [0x00082] in <d74c70f944404a48bd19ff5e27c91c79>:0 @ http://localhost:8090/_framework/blazor.webassembly.js:0
[    7360ms] [ERROR] at Nori.LineFont.Get (string) [0x00082] in <d74c70f944404a48bd19ff5e27c91c79>:0 @ http://localhost:8090/_framework/blazor.webassembly.js:0
[    7360ms] [ERROR] at Nori.LineFont.Get (string) [0x00082] in <d74c70f944404a48bd19ff5e27c91c79>:0 @ http://localhost:8090/_framework/blazor.webassembly.js:0
[    7360ms] [ERROR] at Nori.LineFont.Get (string) [0x00082] in <d74c70f944404a48bd19ff5e27c91c79>:0 @ http://localhost:8090/_framework/blazor.webassembly.js:0
[    7360ms] [ERROR] at Nori.LineFont.Get (string) [0x00082] in <d74c70f944404a48bd19ff5e27c91c79>:0 @ http://localhost:8090/_framework/blazor.webassembly.js:0
[    7360ms] [ERROR] at Nori.LineFont.Get (string) [0x00082] in <d74c70f944404a48bd19ff5e27c91c79>:0 @ http://localhost:8090/_framework/blazor.webassembly.js:0
[    7360ms] [ERROR] at Nori.LineFont.Get (string) [0x00082] in <d74c70f944404a48bd19ff5e27c91c79>:0 @ http://localhost:8090/_framework/blazor.webassembly.js:0
[    7360ms] [ERROR] at Nori.LineFont.Get (string) [0x00082] in <d74c70f944404a48bd19ff5e27c91c79>:0 @ http://localhost:8090/_framework/blazor.webassembly.js:0
[    7360ms] [ERROR] at Nori.LineFont.Get (string) [0x00082] in <d74c70f944404a48bd19ff5e27c91c79>:0 @ http://localhost:8090/_framework/blazor.webassembly.js:0
[    7360ms] [ERROR] at Nori.LineFont.Get (string) [0x00082] in <d74c70f944404a48bd19ff5e27c91c79>:0 @ http://localhost:8090/_framework/blazor.webassembly.js:0
[    7360ms] [ERROR] at Nori.LineFont.Get (string) [0x00082] in <d74c70f944404a48bd19ff5e27c91c79>:0 @ http://localhost:8090/_framework/blazor.webassembly.js:0
[    7360ms] [ERROR] at Nori.LineFont.Get (string) [0x00082] in <d74c70f944404a48bd19ff5e27c91c79>:0 @ http://localhost:8090/_framework/blazor.webassembly.js:0
[    7360ms] [ERROR] at Nori.LineFont.Get (string) [0x00082] in <d74c70f944404a48bd19ff5e27c91c79>:0 @ http://localhost:8090/_framework/blazor.webassembly.js:0
[    7361ms] [ERROR] at Nori.LineFont.Get (string) [0x00082] in <d74c70f944404a48bd19ff5e27c91c79>:0 @ http://localhost:8090/_framework/blazor.webassembly.js:0
[    7361ms] [ERROR] at Nori.LineFont.Get (string) [0x00082] in <d74c70f944404a48bd19ff5e27c91c79>:0 @ http://localhost:8090/_framework/blazor.webassembly.js:0
[    7361ms] [ERROR] at Nori.LineFont.Get (string) [0x00082] in <d74c70f944404a48bd19ff5e27c91c79>:0 @ http://localhost:8090/_framework/blazor.webassembly.js:0
[    7361ms] [ERROR] at Nori.LineFont.Get (string) [0x00082] in <d74c70f944404a48bd19ff5e27c91c79>:0 @ http://localhost:8090/_framework/blazor.webassembly.js:0
[    7361ms] [ERROR] at Nori.LineFont.Get (string) [0x00082] in <d74c70f944404a48bd19ff5e27c91c79>:0 @ http://localhost:8090/_framework/blazor.webassembly.js:0
[    7361ms] [ERROR] at Nori.LineFont.Get (string) [0x00082] in <d74c70f944404a48bd19ff5e27c91c79>:0 @ http://localhost:8090/_framework/blazor.webassembly.js:0
[    7361ms] [ERROR] at Nori.LineFont.Get (string) [0x00082] in <d74c70f944404a48bd19ff5e27c91c79>:0 @ http://localhost:8090/_framework/blazor.webassembly.js:0
[    7361ms] [ERROR] at Nori.LineFont.Get (string) [0x00082] in <d74c70f944404a48bd19ff5e27c91c79>:0 @ http://localhost:8090/_framework/blazor.webassembly.js:0
[    7361ms] [ERROR] at Nori.LineFont.Get (string) [0x00082] in <d74c70f944404a48bd19ff5e27c91c79>:0 @ http://localhost:8090/_framework/blazor.webassembly.js:0
[    7361ms] [ERROR] at Nori.LineFont.Get (string) [0x00082] in <d74c70f944404a48bd19ff5e27c91c79>:0 @ http://localhost:8090/_framework/blazor.webassembly.js:0
[    7361ms] [ERROR] at Nori.LineFont.Get (string) [0x00082] in <d74c70f944404a48bd19ff5e27c91c79>:0 @ http://localhost:8090/_framework/blazor.webassembly.js:0
[    7361ms] [ERROR] at Nori.LineFont.Get (string) [0x00082] in <d74c70f944404a48bd19ff5e27c91c79>:0 @ http://localhost:8090/_framework/blazor.webassembly.js:0
[    7361ms] [ERROR] at Nori.LineFont.Get (string) [0x00082] in <d74c70f944404a48bd19ff5e27c91c79>:0 @ http://localhost:8090/_framework/blazor.webassembly.js:0
[    7362ms] [ERROR] at Nori.LineFont.Get (string) [0x00082] in <d74c70f944404a48bd19ff5e27c91c79>:0 @ http://localhost:8090/_framework/blazor.webassembly.js:0
[    7362ms] [ERROR] at Nori.LineFont.Get (string) [0x00082] in <d74c70f944404a48bd19ff5e27c91c79>:0 @ http://localhost:8090/_framework/blazor.webassembly.js:0
[    7362ms] [ERROR] at Nori.LineFont.Get (string) [0x00082] in <d74c70f944404a48bd19ff5e27c91c79>:0 @ http://localhost:8090/_framework/blazor.webassembly.js:0
[    7362ms] [ERROR] at Nori.LineFont.Get (string) [0x00082] in <d74c70f944404a48bd19ff5e27c91c79>:0 @ http://localhost:8090/_framework/blazor.webassembly.js:0
[    7362ms] [ERROR] at Nori.LineFont.Get (string) [0x00082] in <d74c70f944404a48bd19ff5e27c91c79>:0 @ http://localhost:8090/_framework/blazor.webassembly.js:0
[    7362ms] [ERROR] at Nori.LineFont.Get (string) [0x00082] in <d74c70f944404a48bd19ff5e27c91c79>:0 @ http://localhost:8090/_framework/blazor.webassembly.js:0
[    7362ms] [ERROR] at Nori.LineFont.Get (string) [0x00082] in <d74c70f944404a48bd19ff5e27c91c79>:0 @ http://localhost:8090/_framework/blazor.webassembly.js:0
[    7362ms] [ERROR] at Nori.LineFont.Get (string) [0x00082] in <d74c70f944404a48bd19ff5e27c91c79>:0 @ http://localhost:8090/_framework/blazor.webassembly.js:0
[    7362ms] [ERROR] at Nori.LineFont.Get (string) [0x00082] in <d74c70f944404a48bd19ff5e27c91c79>:0 @ http://localhost:8090/_framework/blazor.webassembly.js:0
[    7362ms] [ERROR] at Nori.LineFont.Get (string) [0x00082] in <d74c70f944404a48bd19ff5e27c91c79>:0 @ http://localhost:8090/_framework/blazor.webassembly.js:0
[    7362ms] [ERROR] at Nori.LineFont.Get (string) [0x00082] in <d74c70f944404a48bd19ff5e27c91c79>:0 @ http://localhost:8090/_framework/blazor.webassembly.js:0
[    7362ms] [ERROR] at Nori.LineFont.Get (string) [0x00082] in <d74c70f944404a48bd19ff5e27c91c79>:0 @ http://localhost:8090/_framework/blazor.webassembly.js:0
[    7362ms] [ERROR] at Nori.LineFont.Get (string) [0x00082] in <d74c70f944404a48bd19ff5e27c91c79>:0 @ http://localhost:8090/_framework/blazor.webassembly.js:0
[    7362ms] [ERROR] at Nori.LineFont.Get (string) [0x00082] in <d74c70f944404a48bd19ff5e27c91c79>:0 @ http://localhost:8090/_framework/blazor.webassembly.js:0
[    7362ms] [ERROR] at Nori.LineFont.Get (string) [0x00082] in <d74c70f944404a48bd19ff5e27c91c79>:0 @ http://localhost:8090/_framework/blazor.webassembly.js:0
[    7363ms] [ERROR] at Nori.LineFont.Get (string) [0x00082] in <d74c70f944404a48bd19ff5e27c91c79>:0 @ http://localhost:8090/_framework/blazor.webassembly.js:0
[    7363ms] [ERROR] at Nori.LineFont.Get (string) [0x00082] in <d74c70f944404a48bd19ff5e27c91c79>:0 @ http://localhost:8090/_framework/blazor.webassembly.js:0
[    7363ms] [ERROR] at Nori.LineFont.Get (string) [0x00082] in <d74c70f944404a48bd19ff5e27c91c79>:0 @ http://localhost:8090/_framework/blazor.webassembly.js:0
[    7363ms] [ERROR] at Nori.LineFont.Get (string) [0x00082] in <d74c70f944404a48bd19ff5e27c91c79>:0 @ http://localhost:8090/_framework/blazor.webassembly.js:0
[    7363ms] [ERROR] at Nori.LineFont.Get (string) [0x00082] in <d74c70f944404a48bd19ff5e27c91c79>:0 @ http://localhost:8090/_framework/blazor.webassembly.js:0
[    7363ms] [ERROR] at Nori.LineFont.Get (string) [0x00082] in <d74c70f944404a48bd19ff5e27c91c79>:0 @ http://localhost:8090/_framework/blazor.webassembly.js:0
[    7363ms] [ERROR] at Nori.LineFont.Get (string) [0x00082] in <d74c70f944404a48bd19ff5e27c91c79>:0 @ http://localhost:8090/_framework/blazor.webassembly.js:0
[    7363ms] [ERROR] at Nori.LineFont.Get (string) [0x00082] in <d74c70f944404a48bd19ff5e27c91c79>:0 @ http://localhost:8090/_framework/blazor.webassembly.js:0
[    7363ms] [ERROR] at Nori.LineFont.Get (string) [0x00082] in <d74c70f944404a48bd19ff5e27c91c79>:0 @ http://localhost:8090/_framework/blazor.webassembly.js:0
[    7363ms] [ERROR] at Nori.LineFont.Get (string) [0x00082] in <d74c70f944404a48bd19ff5e27c91c79>:0 @ http://localhost:8090/_framework/blazor.webassembly.js:0
[    7363ms] [ERROR] at Nori.LineFont.Get (string) [0x00082] in <d74c70f944404a48bd19ff5e27c91c79>:0 @ http://localhost:8090/_framework/blazor.webassembly.js:0
[    7363ms] [ERROR] at Nori.LineFont.Get (string) [0x00082] in <d74c70f944404a48bd19ff5e27c91c79>:0 @ http://localhost:8090/_framework/blazor.webassembly.js:0
[    7363ms] [ERROR] at Nori.LineFont.Get (string) [0x00082] in <d74c70f944404a48bd19ff5e27c91c79>:0 @ http://localhost:8090/_framework/blazor.webassembly.js:0
[    7363ms] [ERROR] at Nori.LineFont.Get (string) [0x00082] in <d74c70f944404a48bd19ff5e27c91c79>:0 @ http://localhost:8090/_framework/blazor.webassembly.js:0
[    7363ms] [ERROR] at Nori.LineFont.Get (string) [0x00082] in <d74c70f944404a48bd19ff5e27c91c79>:0 @ http://localhost:8090/_framework/blazor.webassembly.js:0
[    7364ms] [ERROR] at Nori.LineFont.Get (string) [0x00082] in <d74c70f944404a48bd19ff5e27c91c79>:0 @ http://localhost:8090/_framework/blazor.webassembly.js:0
[    7364ms] [ERROR] at Nori.LineFont.Get (string) [0x00082] in <d74c70f944404a48bd19ff5e27c91c79>:0 @ http://localhost:8090/_framework/blazor.webassembly.js:0
[    7364ms] [ERROR] at Nori.LineFont.Get (string) [0x00082] in <d74c70f944404a48bd19ff5e27c91c79>:0 @ http://localhost:8090/_framework/blazor.webassembly.js:0
[    7364ms] [ERROR] at Nori.LineFont.Get (string) [0x00082] in <d74c70f944404a48bd19ff5e27c91c79>:0 @ http://localhost:8090/_framework/blazor.webassembly.js:0
[    7364ms] [ERROR] at Nori.LineFont.Get (string) [0x00082] in <d74c70f944404a48bd19ff5e27c91c79>:0 @ http://localhost:8090/_framework/blazor.webassembly.js:0
[    7364ms] [ERROR] at Nori.LineFont.Get (string) [0x00082] in <d74c70f944404a48bd19ff5e27c91c79>:0 @ http://localhost:8090/_framework/blazor.webassembly.js:0
[    7364ms] [ERROR] at Nori.LineFont.Get (string) [0x00082] in <d74c70f944404a48bd19ff5e27c91c79>:0 @ http://localhost:8090/_framework/blazor.webassembly.js:0
[    7364ms] [ERROR] at Nori.LineFont.Get (string) [0x00082] in <d74c70f944404a48bd19ff5e27c91c79>:0 @ http://localhost:8090/_framework/blazor.webassembly.js:0
[    7364ms] [ERROR] at Nori.LineFont.Get (string) [0x00082] in <d74c70f944404a48bd19ff5e27c91c79>:0 @ http://localhost:8090/_framework/blazor.webassembly.js:0
[    7364ms] [ERROR] at Nori.LineFont.Get (string) [0x00082] in <d74c70f944404a48bd19ff5e27c91c79>:0 @ http://localhost:8090/_framework/blazor.webassembly.js:0
[    7365ms] [ERROR] at Nori.LineFont.Get (string) [0x00082] in <d74c70f944404a48bd19ff5e27c91c79>:0 @ http://localhost:8090/_framework/blazor.webassembly.js:0
[    7365ms] [ERROR] at Nori.LineFont.Get (string) [0x00082] in <d74c70f944404a48bd19ff5e27c91c79>:0 @ http://localhost:8090/_framework/blazor.webassembly.js:0
[    7365ms] [ERROR] at Nori.LineFont.Get (string) [0x00082] in <d74c70f944404a48bd19ff5e27c91c79>:0 @ http://localhost:8090/_framework/blazor.webassembly.js:0
[    7365ms] [ERROR] at Nori.LineFont.Get (string) [0x00082] in <d74c70f944404a48bd19ff5e27c91c79>:0 @ http://localhost:8090/_framework/blazor.webassembly.js:0
[    7365ms] [ERROR] at Nori.LineFont.Get (string) [0x00082] in <d74c70f944404a48bd19ff5e27c91c79>:0 @ http://localhost:8090/_framework/blazor.webassembly.js:0
[    7365ms] [ERROR] at Nori.LineFont.Get (string) [0x00082] in <d74c70f944404a48bd19ff5e27c91c79>:0 @ http://localhost:8090/_framework/blazor.webassembly.js:0
[    7365ms] [ERROR] at Nori.LineFont.Get (string) [0x00082] in <d74c70f944404a48bd19ff5e27c91c79>:0 @ http://localhost:8090/_framework/blazor.webassembly.js:0
[    7366ms] [ERROR] at Nori.LineFont.Get (string) [0x00082] in <d74c70f944404a48bd19ff5e27c91c79>:0 @ http://localhost:8090/_framework/blazor.webassembly.js:0
[    7366ms] [ERROR] at Nori.LineFont.Get (string) [0x00082] in <d74c70f944404a48bd19ff5e27c91c79>:0 @ http://localhost:8090/_framework/blazor.webassembly.js:0
[    7366ms] [ERROR] at Nori.LineFont.Get (string) [0x00082] in <d74c70f944404a48bd19ff5e27c91c79>:0 @ http://localhost:8090/_framework/blazor.webassembly.js:0
[    7366ms] [ERROR] at Nori.LineFont.Get (string) [0x00082] in <d74c70f944404a48bd19ff5e27c91c79>:0 @ http://localhost:8090/_framework/blazor.webassembly.js:0
[    7366ms] [ERROR] at Nori.LineFont.Get (string) [0x00082] in <d74c70f944404a48bd19ff5e27c91c79>:0 @ http://localhost:8090/_framework/blazor.webassembly.js:0
[    7366ms] [ERROR] at Nori.LineFont.Get (string) [0x00082] in <d74c70f944404a48bd19ff5e27c91c79>:0 @ http://localhost:8090/_framework/blazor.webassembly.js:0
[    7366ms] [ERROR] at Nori.LineFont.Get (string) [0x00082] in <d74c70f944404a48bd19ff5e27c91c79>:0 @ http://localhost:8090/_framework/blazor.webassembly.js:0
[    7366ms] [ERROR] at Nori.LineFont.Get (string) [0x00082] in <d74c70f944404a48bd19ff5e27c91c79>:0 @ http://localhost:8090/_framework/blazor.webassembly.js:0
[    7366ms] [ERROR] at Nori.LineFont.Get (string) [0x00082] in <d74c70f944404a48bd19ff5e27c91c79>:0 @ http://localhost:8090/_framework/blazor.webassembly.js:0
[    7366ms] [ERROR] at Nori.LineFont.Get (string) [0x00082] in <d74c70f944404a48bd19ff5e27c91c79>:0 @ http://localhost:8090/_framework/blazor.webassembly.js:0
[    7366ms] [ERROR] at Nori.LineFont.Get (string) [0x00082] in <d74c70f944404a48bd19ff5e27c91c79>:0 @ http://localhost:8090/_framework/blazor.webassembly.js:0
[    7366ms] [ERROR] at Nori.LineFont.Get (string) [0x00082] in <d74c70f944404a48bd19ff5e27c91c79>:0 @ http://localhost:8090/_framework/blazor.webassembly.js:0
[    7366ms] [ERROR] at Nori.LineFont.Get (string) [0x00082] in <d74c70f944404a48bd19ff5e27c91c79>:0 @ http://localhost:8090/_framework/blazor.webassembly.js:0
[    7366ms] [ERROR] at Nori.LineFont.Get (string) [0x00082] in <d74c70f944404a48bd19ff5e27c91c79>:0 @ http://localhost:8090/_framework/blazor.webassembly.js:0
[    7366ms] [ERROR] at Nori.LineFont.Get (string) [0x00082] in <d74c70f944404a48bd19ff5e27c91c79>:0 @ http://localhost:8090/_framework/blazor.webassembly.js:0
[    7367ms] [ERROR] at Nori.LineFont.Get (string) [0x00082] in <d74c70f944404a48bd19ff5e27c91c79>:0 @ http://localhost:8090/_framework/blazor.webassembly.js:0
[    7367ms] [ERROR] at Nori.LineFont.Get (string) [0x00082] in <d74c70f944404a48bd19ff5e27c91c79>:0 @ http://localhost:8090/_framework/blazor.webassembly.js:0
[    7367ms] [ERROR] at Nori.LineFont.Get (string) [0x00082] in <d74c70f944404a48bd19ff5e27c91c79>:0 @ http://localhost:8090/_framework/blazor.webassembly.js:0
[    7367ms] [ERROR] at Nori.LineFont.Get (string) [0x00082] in <d74c70f944404a48bd19ff5e27c91c79>:0 @ http://localhost:8090/_framework/blazor.webassembly.js:0
[    7367ms] [ERROR] at Nori.LineFont.Get (string) [0x00082] in <d74c70f944404a48bd19ff5e27c91c79>:0 @ http://localhost:8090/_framework/blazor.webassembly.js:0
[    7367ms] [ERROR] at Nori.LineFont.Get (string) [0x00082] in <d74c70f944404a48bd19ff5e27c91c79>:0 @ http://localhost:8090/_framework/blazor.webassembly.js:0
[    7367ms] [ERROR] at Nori.LineFont.Get (string) [0x00082] in <d74c70f944404a48bd19ff5e27c91c79>:0 @ http://localhost:8090/_framework/blazor.webassembly.js:0
[    7367ms] [ERROR] at Nori.LineFont.Get (string) [0x00082] in <d74c70f944404a48bd19ff5e27c91c79>:0 @ http://localhost:8090/_framework/blazor.webassembly.js:0
[    7367ms] [ERROR] at Nori.LineFont.Get (string) [0x00082] in <d74c70f944404a48bd19ff5e27c91c79>:0 @ http://localhost:8090/_framework/blazor.webassembly.js:0
[    7367ms] [ERROR] at Nori.LineFont.Get (string) [0x00082] in <d74c70f944404a48bd19ff5e27c91c79>:0 @ http://localhost:8090/_framework/blazor.webassembly.js:0
[    7367ms] [ERROR] at Nori.LineFont.Get (string) [0x00082] in <d74c70f944404a48bd19ff5e27c91c79>:0 @ http://localhost:8090/_framework/blazor.webassembly.js:0
[    7367ms] [ERROR] at Nori.LineFont.Get (string) [0x00082] in <d74c70f944404a48bd19ff5e27c91c79>:0 @ http://localhost:8090/_framework/blazor.webassembly.js:0
[    7367ms] [ERROR] at Nori.LineFont.Get (string) [0x00082] in <d74c70f944404a48bd19ff5e27c91c79>:0 @ http://localhost:8090/_framework/blazor.webassembly.js:0
[    7367ms] [ERROR] at Nori.LineFont.Get (string) [0x00082] in <d74c70f944404a48bd19ff5e27c91c79>:0 @ http://localhost:8090/_framework/blazor.webassembly.js:0
[    7368ms] [ERROR] at Nori.LineFont.Get (string) [0x00082] in <d74c70f944404a48bd19ff5e27c91c79>:0 @ http://localhost:8090/_framework/blazor.webassembly.js:0
[    7368ms] [ERROR] at Nori.LineFont.Get (string) [0x00082] in <d74c70f944404a48bd19ff5e27c91c79>:0 @ http://localhost:8090/_framework/blazor.webassembly.js:0
[    7368ms] [ERROR] at Nori.LineFont.Get (string) [0x00082] in <d74c70f944404a48bd19ff5e27c91c79>:0 @ http://localhost:8090/_framework/blazor.webassembly.js:0
[    7368ms] [ERROR] at Nori.LineFont.Get (string) [0x00082] in <d74c70f944404a48bd19ff5e27c91c79>:0 @ http://localhost:8090/_framework/blazor.webassembly.js:0
[    7368ms] [ERROR] at Nori.LineFont.Get (string) [0x00082] in <d74c70f944404a48bd19ff5e27c91c79>:0 @ http://localhost:8090/_framework/blazor.webassembly.js:0
[    7368ms] [ERROR] at Nori.LineFont.Get (string) [0x00082] in <d74c70f944404a48bd19ff5e27c91c79>:0 @ http://localhost:8090/_framework/blazor.webassembly.js:0
[    7368ms] [ERROR] at Nori.LineFont.Get (string) [0x00082] in <d74c70f944404a48bd19ff5e27c91c79>:0 @ http://localhost:8090/_framework/blazor.webassembly.js:0
[    7368ms] [ERROR] at Nori.LineFont.Get (string) [0x00082] in <d74c70f944404a48bd19ff5e27c91c79>:0 @ http://localhost:8090/_framework/blazor.webassembly.js:0
[    7368ms] [ERROR] at Nori.LineFont.Get (string) [0x00082] in <d74c70f944404a48bd19ff5e27c91c79>:0 @ http://localhost:8090/_framework/blazor.webassembly.js:0
[    7368ms] [ERROR] at Nori.LineFont.Get (string) [0x00082] in <d74c70f944404a48bd19ff5e27c91c79>:0 @ http://localhost:8090/_framework/blazor.webassembly.js:0
[    7368ms] [ERROR] at Nori.LineFont.Get (string) [0x00082] in <d74c70f944404a48bd19ff5e27c91c79>:0 @ http://localhost:8090/_framework/blazor.webassembly.js:0
[    7368ms] [ERROR] at Nori.LineFont.Get (string) [0x00082] in <d74c70f944404a48bd19ff5e27c91c79>:0 @ http://localhost:8090/_framework/blazor.webassembly.js:0
[    7368ms] [ERROR] at Nori.LineFont.Get (string) [0x00082] in <d74c70f944404a48bd19ff5e27c91c79>:0 @ http://localhost:8090/_framework/blazor.webassembly.js:0
[    7368ms] [ERROR] at Nori.LineFont.Get (string) [0x00082] in <d74c70f944404a48bd19ff5e27c91c79>:0 @ http://localhost:8090/_framework/blazor.webassembly.js:0
[    7369ms] [ERROR] at Nori.LineFont.Get (string) [0x00082] in <d74c70f944404a48bd19ff5e27c91c79>:0 @ http://localhost:8090/_framework/blazor.webassembly.js:0
[    7369ms] [ERROR] at Nori.LineFont.Get (string) [0x00082] in <d74c70f944404a48bd19ff5e27c91c79>:0 @ http://localhost:8090/_framework/blazor.webassembly.js:0
[    7369ms] [ERROR] at Nori.LineFont.Get (string) [0x00082] in <d74c70f944404a48bd19ff5e27c91c79>:0 @ http://localhost:8090/_framework/blazor.webassembly.js:0
[    7369ms] [ERROR] at Nori.LineFont.Get (string) [0x00082] in <d74c70f944404a48bd19ff5e27c91c79>:0 @ http://localhost:8090/_framework/blazor.webassembly.js:0
[    7369ms] [ERROR] at Nori.LineFont.Get (string) [0x00082] in <d74c70f944404a48bd19ff5e27c91c79>:0 @ http://localhost:8090/_framework/blazor.webassembly.js:0
[    7369ms] [ERROR] at Nori.LineFont.Get (string) [0x00082] in <d74c70f944404a48bd19ff5e27c91c79>:0 @ http://localhost:8090/_framework/blazor.webassembly.js:0
[    7369ms] [ERROR] at Nori.LineFont.Get (string) [0x00082] in <d74c70f944404a48bd19ff5e27c91c79>:0 @ http://localhost:8090/_framework/blazor.webassembly.js:0
[    7369ms] [ERROR] at Nori.LineFont.Get (string) [0x00082] in <d74c70f944404a48bd19ff5e27c91c79>:0 @ http://localhost:8090/_framework/blazor.webassembly.js:0
[    7369ms] [ERROR] at Nori.LineFont.Get (string) [0x00082] in <d74c70f944404a48bd19ff5e27c91c79>:0 @ http://localhost:8090/_framework/blazor.webassembly.js:0
[    7369ms] [ERROR] at Nori.LineFont.Get (string) [0x00082] in <d74c70f944404a48bd19ff5e27c91c79>:0 @ http://localhost:8090/_framework/blazor.webassembly.js:0
[    7369ms] [ERROR] at Nori.LineFont.Get (string) [0x00082] in <d74c70f944404a48bd19ff5e27c91c79>:0 @ http://localhost:8090/_framework/blazor.webassembly.js:0
[    7369ms] [ERROR] at Nori.LineFont.Get (string) [0x00082] in <d74c70f944404a48bd19ff5e27c91c79>:0 @ http://localhost:8090/_framework/blazor.webassembly.js:0
[    7369ms] [ERROR] at Nori.LineFont.Get (string) [0x00082] in <d74c70f944404a48bd19ff5e27c91c79>:0 @ http://localhost:8090/_framework/blazor.webassembly.js:0
[    7369ms] [ERROR] at Nori.LineFont.Get (string) [0x00082] in <d74c70f944404a48bd19ff5e27c91c79>:0 @ http://localhost:8090/_framework/blazor.webassembly.js:0
[    7369ms] [ERROR] at Nori.LineFont.Get (string) [0x00082] in <d74c70f944404a48bd19ff5e27c91c79>:0 @ http://localhost:8090/_framework/blazor.webassembly.js:0
[    7370ms] [ERROR] at Nori.LineFont.Get (string) [0x00082] in <d74c70f944404a48bd19ff5e27c91c79>:0 @ http://localhost:8090/_framework/blazor.webassembly.js:0
[    7370ms] [ERROR] at Nori.LineFont.Get (string) [0x00082] in <d74c70f944404a48bd19ff5e27c91c79>:0 @ http://localhost:8090/_framework/blazor.webassembly.js:0
[    7370ms] [ERROR] at Nori.LineFont.Get (string) [0x00082] in <d74c70f944404a48bd19ff5e27c91c79>:0 @ http://localhost:8090/_framework/blazor.webassembly.js:0
[    7370ms] [ERROR] at Nori.LineFont.Get (string) [0x00082] in <d74c70f944404a48bd19ff5e27c91c79>:0 @ http://localhost:8090/_framework/blazor.webassembly.js:0
[    7370ms] [ERROR] at Nori.LineFont.Get (string) [0x00082] in <d74c70f944404a48bd19ff5e27c91c79>:0 @ http://localhost:8090/_framework/blazor.webassembly.js:0
[    7370ms] [ERROR] at Nori.LineFont.Get (string) [0x00082] in <d74c70f944404a48bd19ff5e27c91c79>:0 @ http://localhost:8090/_framework/blazor.webassembly.js:0
[    7370ms] [ERROR] at Nori.LineFont.Get (string) [0x00082] in <d74c70f944404a48bd19ff5e27c91c79>:0 @ http://localhost:8090/_framework/blazor.webassembly.js:0
[    7370ms] [ERROR] at Nori.LineFont.Get (string) [0x00082] in <d74c70f944404a48bd19ff5e27c91c79>:0 @ http://localhost:8090/_framework/blazor.webassembly.js:0
[    7370ms] [ERROR] at Nori.LineFont.Get (string) [0x00082] in <d74c70f944404a48bd19ff5e27c91c79>:0 @ http://localhost:8090/_framework/blazor.webassembly.js:0
[    7370ms] [ERROR] at Nori.LineFont.Get (string) [0x00082] in <d74c70f944404a48bd19ff5e27c91c79>:0 @ http://localhost:8090/_framework/blazor.webassembly.js:0
[    7370ms] [ERROR] at Nori.LineFont.Get (string) [0x00082] in <d74c70f944404a48bd19ff5e27c91c79>:0 @ http://localhost:8090/_framework/blazor.webassembly.js:0
[    7370ms] [ERROR] at Nori.LineFont.Get (string) [0x00082] in <d74c70f944404a48bd19ff5e27c91c79>:0 @ http://localhost:8090/_framework/blazor.webassembly.js:0
[    7370ms] [ERROR] at Nori.LineFont.Get (string) [0x00082] in <d74c70f944404a48bd19ff5e27c91c79>:0 @ http://localhost:8090/_framework/blazor.webassembly.js:0
[    7370ms] [ERROR] at Nori.LineFont.Get (string) [0x00082] in <d74c70f944404a48bd19ff5e27c91c79>:0 @ http://localhost:8090/_framework/blazor.webassembly.js:0
[    7370ms] [ERROR] at Nori.LineFont.Get (string) [0x00082] in <d74c70f944404a48bd19ff5e27c91c79>:0 @ http://localhost:8090/_framework/blazor.webassembly.js:0
[    7371ms] [ERROR] at Nori.LineFont.Get (string) [0x00082] in <d74c70f944404a48bd19ff5e27c91c79>:0 @ http://localhost:8090/_framework/blazor.webassembly.js:0
[    7371ms] [ERROR] at Nori.LineFont.Get (string) [0x00082] in <d74c70f944404a48bd19ff5e27c91c79>:0 @ http://localhost:8090/_framework/blazor.webassembly.js:0
[    7371ms] [ERROR] at Nori.LineFont.Get (string) [0x00082] in <d74c70f944404a48bd19ff5e27c91c79>:0 @ http://localhost:8090/_framework/blazor.webassembly.js:0
[    7371ms] [ERROR] at Nori.LineFont.Get (string) [0x00082] in <d74c70f944404a48bd19ff5e27c91c79>:0 @ http://localhost:8090/_framework/blazor.webassembly.js:0
[    7371ms] [ERROR] at Nori.LineFont.Get (string) [0x00082] in <d74c70f944404a48bd19ff5e27c91c79>:0 @ http://localhost:8090/_framework/blazor.webassembly.js:0
[    7371ms] [ERROR] at Nori.LineFont.Get (string) [0x00082] in <d74c70f944404a48bd19ff5e27c91c79>:0 @ http://localhost:8090/_framework/blazor.webassembly.js:0
[    7371ms] [ERROR] at Nori.LineFont.Get (string) [0x00082] in <d74c70f944404a48bd19ff5e27c91c79>:0 @ http://localhost:8090/_framework/blazor.webassembly.js:0
[    7371ms] [ERROR] at Nori.LineFont.Get (string) [0x00082] in <d74c70f944404a48bd19ff5e27c91c79>:0 @ http://localhost:8090/_framework/blazor.webassembly.js:0
[    7371ms] [ERROR] at Nori.LineFont.Get (string) [0x00082] in <d74c70f944404a48bd19ff5e27c91c79>:0 @ http://localhost:8090/_framework/blazor.webassembly.js:0
[    7371ms] [ERROR] at Nori.LineFont.Get (string) [0x00082] in <d74c70f944404a48bd19ff5e27c91c79>:0 @ http://localhost:8090/_framework/blazor.webassembly.js:0
[    7371ms] [ERROR] at Nori.LineFont.Get (string) [0x00082] in <d74c70f944404a48bd19ff5e27c91c79>:0 @ http://localhost:8090/_framework/blazor.webassembly.js:0
[    7371ms] [ERROR] at Nori.LineFont.Get (string) [0x00082] in <d74c70f944404a48bd19ff5e27c91c79>:0 @ http://localhost:8090/_framework/blazor.webassembly.js:0
[    7371ms] [ERROR] at Nori.LineFont.Get (string) [0x00082] in <d74c70f944404a48bd19ff5e27c91c79>:0 @ http://localhost:8090/_framework/blazor.webassembly.js:0
[    7371ms] [ERROR] at Nori.LineFont.Get (string) [0x00082] in <d74c70f944404a48bd19ff5e27c91c79>:0 @ http://localhost:8090/_framework/blazor.webassembly.js:0
[    7371ms] [ERROR] at Nori.LineFont.Get (string) [0x00082] in <d74c70f944404a48bd19ff5e27c91c79>:0 @ http://localhost:8090/_framework/blazor.webassembly.js:0
[    7372ms] [ERROR] at Nori.LineFont.Get (string) [0x00082] in <d74c70f944404a48bd19ff5e27c91c79>:0 @ http://localhost:8090/_framework/blazor.webassembly.js:0
[    7372ms] [ERROR] at Nori.LineFont.Get (string) [0x00082] in <d74c70f944404a48bd19ff5e27c91c79>:0 @ http://localhost:8090/_framework/blazor.webassembly.js:0
[    7372ms] [ERROR] at Nori.LineFont.Get (string) [0x00082] in <d74c70f944404a48bd19ff5e27c91c79>:0 @ http://localhost:8090/_framework/blazor.webassembly.js:0
[    7372ms] [ERROR] at Nori.LineFont.Get (string) [0x00082] in <d74c70f944404a48bd19ff5e27c91c79>:0 @ http://localhost:8090/_framework/blazor.webassembly.js:0
[    7372ms] [ERROR] at Nori.LineFont.Get (string) [0x00082] in <d74c70f944404a48bd19ff5e27c91c79>:0 @ http://localhost:8090/_framework/blazor.webassembly.js:0
[    7372ms] [ERROR] at Nori.LineFont.Get (string) [0x00082] in <d74c70f944404a48bd19ff5e27c91c79>:0 @ http://localhost:8090/_framework/blazor.webassembly.js:0
[    7372ms] [ERROR] at Nori.LineFont.Get (string) [0x00082] in <d74c70f944404a48bd19ff5e27c91c79>:0 @ http://localhost:8090/_framework/blazor.webassembly.js:0
[    7372ms] [ERROR] at Nori.LineFont.Get (string) [0x00082] in <d74c70f944404a48bd19ff5e27c91c79>:0 @ http://localhost:8090/_framework/blazor.webassembly.js:0
[    7372ms] [ERROR] at Nori.LineFont.Get (string) [0x00082] in <d74c70f944404a48bd19ff5e27c91c79>:0 @ http://localhost:8090/_framework/blazor.webassembly.js:0
[    7372ms] [ERROR] at Nori.LineFont.Get (string) [0x00082] in <d74c70f944404a48bd19ff5e27c91c79>:0 @ http://localhost:8090/_framework/blazor.webassembly.js:0
[    7372ms] [ERROR] at Nori.LineFont.Get (string) [0x00082] in <d74c70f944404a48bd19ff5e27c91c79>:0 @ http://localhost:8090/_framework/blazor.webassembly.js:0
[    7372ms] [ERROR] at Nori.LineFont.Get (string) [0x00082] in <d74c70f944404a48bd19ff5e27c91c79>:0 @ http://localhost:8090/_framework/blazor.webassembly.js:0
[    7372ms] [ERROR] at Nori.LineFont.Get (string) [0x00082] in <d74c70f944404a48bd19ff5e27c91c79>:0 @ http://localhost:8090/_framework/blazor.webassembly.js:0
[    7372ms] [ERROR] at Nori.LineFont.Get (string) [0x00082] in <d74c70f944404a48bd19ff5e27c91c79>:0 @ http://localhost:8090/_framework/blazor.webassembly.js:0
[    7372ms] [ERROR] at Nori.LineFont.Get (string) [0x00082] in <d74c70f944404a48bd19ff5e27c91c79>:0 @ http://localhost:8090/_framework/blazor.webassembly.js:0
[    7373ms] [ERROR] at Nori.LineFont.Get (string) [0x00082] in <d74c70f944404a48bd19ff5e27c91c79>:0 @ http://localhost:8090/_framework/blazor.webassembly.js:0
[    7373ms] [ERROR] at Nori.LineFont.Get (string) [0x00082] in <d74c70f944404a48bd19ff5e27c91c79>:0 @ http://localhost:8090/_framework/blazor.webassembly.js:0
[    7373ms] [ERROR] at Nori.LineFont.Get (string) [0x00082] in <d74c70f944404a48bd19ff5e27c91c79>:0 @ http://localhost:8090/_framework/blazor.webassembly.js:0
[    7373ms] [ERROR] at Nori.LineFont.Get (string) [0x00082] in <d74c70f944404a48bd19ff5e27c91c79>:0 @ http://localhost:8090/_framework/blazor.webassembly.js:0
[    7373ms] [ERROR] at Nori.LineFont.Get (string) [0x00082] in <d74c70f944404a48bd19ff5e27c91c79>:0 @ http://localhost:8090/_framework/blazor.webassembly.js:0
[    7373ms] [ERROR] at Nori.LineFont.Get (string) [0x00082] in <d74c70f944404a48bd19ff5e27c91c79>:0 @ http://localhost:8090/_framework/blazor.webassembly.js:0
[    7373ms] [ERROR] at Nori.LineFont.Get (string) [0x00082] in <d74c70f944404a48bd19ff5e27c91c79>:0 @ http://localhost:8090/_framework/blazor.webassembly.js:0
[    7373ms] [ERROR] at Nori.LineFont.Get (string) [0x00082] in <d74c70f944404a48bd19ff5e27c91c79>:0 @ http://localhost:8090/_framework/blazor.webassembly.js:0
[    7373ms] [ERROR] at Nori.LineFont.Get (string) [0x00082] in <d74c70f944404a48bd19ff5e27c91c79>:0 @ http://localhost:8090/_framework/blazor.webassembly.js:0
[    7373ms] [ERROR] at Nori.LineFont.Get (string) [0x00082] in <d74c70f944404a48bd19ff5e27c91c79>:0 @ http://localhost:8090/_framework/blazor.webassembly.js:0
[    7373ms] [ERROR] at Nori.LineFont.Get (string) [0x00082] in <d74c70f944404a48bd19ff5e27c91c79>:0 @ http://localhost:8090/_framework/blazor.webassembly.js:0
[    7373ms] [ERROR] at Nori.LineFont.Get (string) [0x00082] in <d74c70f944404a48bd19ff5e27c91c79>:0 @ http://localhost:8090/_framework/blazor.webassembly.js:0
[    7373ms] [ERROR] at Nori.LineFont.Get (string) [0x00082] in <d74c70f944404a48bd19ff5e27c91c79>:0 @ http://localhost:8090/_framework/blazor.webassembly.js:0
[    7373ms] [ERROR] at Nori.LineFont.Get (string) [0x00082] in <d74c70f944404a48bd19ff5e27c91c79>:0 @ http://localhost:8090/_framework/blazor.webassembly.js:0
[    7373ms] [ERROR] at Nori.LineFont.Get (string) [0x00082] in <d74c70f944404a48bd19ff5e27c91c79>:0 @ http://localhost:8090/_framework/blazor.webassembly.js:0
[    7374ms] [ERROR] at Nori.LineFont.Get (string) [0x00082] in <d74c70f944404a48bd19ff5e27c91c79>:0 @ http://localhost:8090/_framework/blazor.webassembly.js:0
[    7374ms] [ERROR] at Nori.LineFont.Get (string) [0x00082] in <d74c70f944404a48bd19ff5e27c91c79>:0 @ http://localhost:8090/_framework/blazor.webassembly.js:0
[    7374ms] [ERROR] at Nori.LineFont.Get (string) [0x00082] in <d74c70f944404a48bd19ff5e27c91c79>:0 @ http://localhost:8090/_framework/blazor.webassembly.js:0
[    7374ms] [ERROR] at Nori.LineFont.Get (string) [0x00082] in <d74c70f944404a48bd19ff5e27c91c79>:0 @ http://localhost:8090/_framework/blazor.webassembly.js:0
[    7374ms] [ERROR] at Nori.LineFont.Get (string) [0x00082] in <d74c70f944404a48bd19ff5e27c91c79>:0 @ http://localhost:8090/_framework/blazor.webassembly.js:0
[    7374ms] [ERROR] at Nori.LineFont.Get (string) [0x00082] in <d74c70f944404a48bd19ff5e27c91c79>:0 @ http://localhost:8090/_framework/blazor.webassembly.js:0
[    7374ms] [ERROR] at Nori.LineFont.Get (string) [0x00082] in <d74c70f944404a48bd19ff5e27c91c79>:0 @ http://localhost:8090/_framework/blazor.webassembly.js:0
[    7374ms] [ERROR] at Nori.LineFont.Get (string) [0x00082] in <d74c70f944404a48bd19ff5e27c91c79>:0 @ http://localhost:8090/_framework/blazor.webassembly.js:0
[    7374ms] [ERROR] at Nori.LineFont.Get (string) [0x00082] in <d74c70f944404a48bd19ff5e27c91c79>:0 @ http://localhost:8090/_framework/blazor.webassembly.js:0
[    7374ms] [ERROR] at Nori.LineFont.Get (string) [0x00082] in <d74c70f944404a48bd19ff5e27c91c79>:0 @ http://localhost:8090/_framework/blazor.webassembly.js:0
[    7374ms] [ERROR] at Nori.LineFont.Get (string) [0x00082] in <d74c70f944404a48bd19ff5e27c91c79>:0 @ http://localhost:8090/_framework/blazor.webassembly.js:0
[    7374ms] [ERROR] at Nori.LineFont.Get (string) [0x00082] in <d74c70f944404a48bd19ff5e27c91c79>:0 @ http://localhost:8090/_framework/blazor.webassembly.js:0
[    7374ms] [ERROR] at Nori.LineFont.Get (string) [0x00082] in <d74c70f944404a48bd19ff5e27c91c79>:0 @ http://localhost:8090/_framework/blazor.webassembly.js:0
[    7374ms] [ERROR] at Nori.LineFont.Get (string) [0x00082] in <d74c70f944404a48bd19ff5e27c91c79>:0 @ http://localhost:8090/_framework/blazor.webassembly.js:0
[    7374ms] [ERROR] at Nori.LineFont.Get (string) [0x00082] in <d74c70f944404a48bd19ff5e27c91c79>:0 @ http://localhost:8090/_framework/blazor.webassembly.js:0
[    7375ms] [ERROR] at Nori.LineFont.Get (string) [0x00082] in <d74c70f944404a48bd19ff5e27c91c79>:0 @ http://localhost:8090/_framework/blazor.webassembly.js:0
[    7375ms] [ERROR] at Nori.LineFont.Get (string) [0x00082] in <d74c70f944404a48bd19ff5e27c91c79>:0 @ http://localhost:8090/_framework/blazor.webassembly.js:0
[    7375ms] [ERROR] at Nori.LineFont.Get (string) [0x00082] in <d74c70f944404a48bd19ff5e27c91c79>:0 @ http://localhost:8090/_framework/blazor.webassembly.js:0
[    7375ms] [ERROR] at Nori.LineFont.Get (string) [0x00082] in <d74c70f944404a48bd19ff5e27c91c79>:0 @ http://localhost:8090/_framework/blazor.webassembly.js:0
[    7375ms] [ERROR] at Nori.LineFont.Get (string) [0x00082] in <d74c70f944404a48bd19ff5e27c91c79>:0 @ http://localhost:8090/_framework/blazor.webassembly.js:0
[    7375ms] [ERROR] at Nori.LineFont.Get (string) [0x00082] in <d74c70f944404a48bd19ff5e27c91c79>:0 @ http://localhost:8090/_framework/blazor.webassembly.js:0
[    7375ms] [ERROR] at Nori.LineFont.Get (string) [0x00082] in <d74c70f944404a48bd19ff5e27c91c79>:0 @ http://localhost:8090/_framework/blazor.webassembly.js:0
[    7375ms] [ERROR] at Nori.LineFont.Get (string) [0x00082] in <d74c70f944404a48bd19ff5e27c91c79>:0 @ http://localhost:8090/_framework/blazor.webassembly.js:0
[    7375ms] [ERROR] at Nori.LineFont.Get (string) [0x00082] in <d74c70f944404a48bd19ff5e27c91c79>:0 @ http://localhost:8090/_framework/blazor.webassembly.js:0
[    7375ms] [ERROR] at Nori.LineFont.Get (string) [0x00082] in <d74c70f944404a48bd19ff5e27c91c79>:0 @ http://localhost:8090/_framework/blazor.webassembly.js:0
[    7375ms] [ERROR] at Nori.LineFont.Get (string) [0x00082] in <d74c70f944404a48bd19ff5e27c91c79>:0 @ http://localhost:8090/_framework/blazor.webassembly.js:0
[    7375ms] [ERROR] at Nori.LineFont.Get (string) [0x00082] in <d74c70f944404a48bd19ff5e27c91c79>:0 @ http://localhost:8090/_framework/blazor.webassembly.js:0
[    7375ms] [ERROR] at Nori.LineFont.Get (string) [0x00082] in <d74c70f944404a48bd19ff5e27c91c79>:0 @ http://localhost:8090/_framework/blazor.webassembly.js:0
[    7375ms] [ERROR] at Nori.LineFont.Get (string) [0x00082] in <d74c70f944404a48bd19ff5e27c91c79>:0 @ http://localhost:8090/_framework/blazor.webassembly.js:0
[    7376ms] [ERROR] at Nori.LineFont.Get (string) [0x00082] in <d74c70f944404a48bd19ff5e27c91c79>:0 @ http://localhost:8090/_framework/blazor.webassembly.js:0
[    7376ms] [ERROR] at Nori.LineFont.Get (string) [0x00082] in <d74c70f944404a48bd19ff5e27c91c79>:0 @ http://localhost:8090/_framework/blazor.webassembly.js:0
[    7376ms] [ERROR] at Nori.LineFont.Get (string) [0x00082] in <d74c70f944404a48bd19ff5e27c91c79>:0 @ http://localhost:8090/_framework/blazor.webassembly.js:0
[    7376ms] [ERROR] at Nori.LineFont.Get (string) [0x00082] in <d74c70f944404a48bd19ff5e27c91c79>:0 @ http://localhost:8090/_framework/blazor.webassembly.js:0
[    7376ms] [ERROR] at Nori.LineFont.Get (string) [0x00082] in <d74c70f944404a48bd19ff5e27c91c79>:0 @ http://localhost:8090/_framework/blazor.webassembly.js:0
[    7376ms] [ERROR] at Nori.LineFont.Get (string) [0x00082] in <d74c70f944404a48bd19ff5e27c91c79>:0 @ http://localhost:8090/_framework/blazor.webassembly.js:0
[    7376ms] [ERROR] at Nori.LineFont.Get (string) [0x00082] in <d74c70f944404a48bd19ff5e27c91c79>:0 @ http://localhost:8090/_framework/blazor.webassembly.js:0
[    7376ms] [ERROR] at Nori.LineFont.Get (string) [0x00082] in <d74c70f944404a48bd19ff5e27c91c79>:0 @ http://localhost:8090/_framework/blazor.webassembly.js:0
[    7376ms] [ERROR] at Nori.LineFont.Get (string) [0x00082] in <d74c70f944404a48bd19ff5e27c91c79>:0 @ http://localhost:8090/_framework/blazor.webassembly.js:0
[    7376ms] [ERROR] at Nori.LineFont.Get (string) [0x00082] in <d74c70f944404a48bd19ff5e27c91c79>:0 @ http://localhost:8090/_framework/blazor.webassembly.js:0
[    7376ms] [ERROR] at Nori.LineFont.Get (string) [0x00082] in <d74c70f944404a48bd19ff5e27c91c79>:0 @ http://localhost:8090/_framework/blazor.webassembly.js:0
[    7376ms] [ERROR] at Nori.LineFont.Get (string) [0x00082] in <d74c70f944404a48bd19ff5e27c91c79>:0 @ http://localhost:8090/_framework/blazor.webassembly.js:0
[    7376ms] [ERROR] at Nori.LineFont.Get (string) [0x00082] in <d74c70f944404a48bd19ff5e27c91c79>:0 @ http://localhost:8090/_framework/blazor.webassembly.js:0
[    7376ms] [ERROR] at Nori.LineFont.Get (string) [0x00082] in <d74c70f944404a48bd19ff5e27c91c79>:0 @ http://localhost:8090/_framework/blazor.webassembly.js:0
[    7376ms] [ERROR] at Nori.LineFont.Get (string) [0x00082] in <d74c70f944404a48bd19ff5e27c91c79>:0 @ http://localhost:8090/_framework/blazor.webassembly.js:0
[    7377ms] [ERROR] at Nori.LineFont.Get (string) [0x00082] in <d74c70f944404a48bd19ff5e27c91c79>:0 @ http://localhost:8090/_framework/blazor.webassembly.js:0
[    7377ms] [ERROR] at Nori.LineFont.Get (string) [0x00082] in <d74c70f944404a48bd19ff5e27c91c79>:0 @ http://localhost:8090/_framework/blazor.webassembly.js:0
[    7377ms] [ERROR] at Nori.LineFont.Get (string) [0x00082] in <d74c70f944404a48bd19ff5e27c91c79>:0 @ http://localhost:8090/_framework/blazor.webassembly.js:0
[    7377ms] [ERROR] at Nori.LineFont.Get (string) [0x00082] in <d74c70f944404a48bd19ff5e27c91c79>:0 @ http://localhost:8090/_framework/blazor.webassembly.js:0
[    7377ms] [ERROR] at Nori.LineFont.Get (string) [0x00082] in <d74c70f944404a48bd19ff5e27c91c79>:0 @ http://localhost:8090/_framework/blazor.webassembly.js:0
[    7377ms] [ERROR] at Nori.LineFont.Get (string) [0x00082] in <d74c70f944404a48bd19ff5e27c91c79>:0 @ http://localhost:8090/_framework/blazor.webassembly.js:0
[    7377ms] [ERROR] at Nori.LineFont.Get (string) [0x00082] in <d74c70f944404a48bd19ff5e27c91c79>:0 @ http://localhost:8090/_framework/blazor.webassembly.js:0
[    7377ms] [ERROR] at Nori.LineFont.Get (string) [0x00082] in <d74c70f944404a48bd19ff5e27c91c79>:0 @ http://localhost:8090/_framework/blazor.webassembly.js:0
[    7377ms] [ERROR] at Nori.LineFont.Get (string) [0x00082] in <d74c70f944404a48bd19ff5e27c91c79>:0 @ http://localhost:8090/_framework/blazor.webassembly.js:0
[    7377ms] [ERROR] at Nori.LineFont.Get (string) [0x00082] in <d74c70f944404a48bd19ff5e27c91c79>:0 @ http://localhost:8090/_framework/blazor.webassembly.js:0
[    7377ms] [ERROR] at Nori.LineFont.Get (string) [0x00082] in <d74c70f944404a48bd19ff5e27c91c79>:0 @ http://localhost:8090/_framework/blazor.webassembly.js:0
[    7377ms] [ERROR] at Nori.LineFont.Get (string) [0x00082] in <d74c70f944404a48bd19ff5e27c91c79>:0 @ http://localhost:8090/_framework/blazor.webassembly.js:0
[    7377ms] [ERROR] at Nori.LineFont.Get (string) [0x00082] in <d74c70f944404a48bd19ff5e27c91c79>:0 @ http://localhost:8090/_framework/blazor.webassembly.js:0
[    7377ms] [ERROR] at Nori.LineFont.Get (string) [0x00082] in <d74c70f944404a48bd19ff5e27c91c79>:0 @ http://localhost:8090/_framework/blazor.webassembly.js:0
[    7377ms] [ERROR] at Nori.LineFont.Get (string) [0x00082] in <d74c70f944404a48bd19ff5e27c91c79>:0 @ http://localhost:8090/_framework/blazor.webassembly.js:0
[    7377ms] [ERROR] at Nori.LineFont.Get (string) [0x00082] in <d74c70f944404a48bd19ff5e27c91c79>:0 @ http://localhost:8090/_framework/blazor.webassembly.js:0
[    7378ms] [ERROR] at Nori.LineFont.Get (string) [0x00082] in <d74c70f944404a48bd19ff5e27c91c79>:0 @ http://localhost:8090/_framework/blazor.webassembly.js:0
[    7378ms] [ERROR] at Nori.LineFont.Get (string) [0x00082] in <d74c70f944404a48bd19ff5e27c91c79>:0 @ http://localhost:8090/_framework/blazor.webassembly.js:0
[    7378ms] [ERROR] at Nori.LineFont.Get (string) [0x00082] in <d74c70f944404a48bd19ff5e27c91c79>:0 @ http://localhost:8090/_framework/blazor.webassembly.js:0
[    7378ms] [ERROR] at Nori.LineFont.Get (string) [0x00082] in <d74c70f944404a48bd19ff5e27c91c79>:0 @ http://localhost:8090/_framework/blazor.webassembly.js:0
[    7378ms] [ERROR] at Nori.LineFont.Get (string) [0x00082] in <d74c70f944404a48bd19ff5e27c91c79>:0 @ http://localhost:8090/_framework/blazor.webassembly.js:0
[    7378ms] [ERROR] at Nori.LineFont.Get (string) [0x00082] in <d74c70f944404a48bd19ff5e27c91c79>:0 @ http://localhost:8090/_framework/blazor.webassembly.js:0
[    7378ms] [ERROR] at Nori.LineFont.Get (string) [0x00082] in <d74c70f944404a48bd19ff5e27c91c79>:0 @ http://localhost:8090/_framework/blazor.webassembly.js:0
[    7378ms] [ERROR] at Nori.LineFont.Get (string) [0x00082] in <d74c70f944404a48bd19ff5e27c91c79>:0 @ http://localhost:8090/_framework/blazor.webassembly.js:0
[    7378ms] [ERROR] at Nori.LineFont.Get (string) [0x00082] in <d74c70f944404a48bd19ff5e27c91c79>:0 @ http://localhost:8090/_framework/blazor.webassembly.js:0
[    7378ms] [ERROR] at Nori.LineFont.Get (string) [0x00082] in <d74c70f944404a48bd19ff5e27c91c79>:0 @ http://localhost:8090/_framework/blazor.webassembly.js:0
[    7378ms] [ERROR] at Nori.LineFont.Get (string) [0x00082] in <d74c70f944404a48bd19ff5e27c91c79>:0 @ http://localhost:8090/_framework/blazor.webassembly.js:0
[    7378ms] [ERROR] at Nori.LineFont.Get (string) [0x00082] in <d74c70f944404a48bd19ff5e27c91c79>:0 @ http://localhost:8090/_framework/blazor.webassembly.js:0
[    7378ms] [ERROR] at Nori.LineFont.Get (string) [0x00082] in <d74c70f944404a48bd19ff5e27c91c79>:0 @ http://localhost:8090/_framework/blazor.webassembly.js:0
[    7378ms] [ERROR] at Nori.LineFont.Get (string) [0x00082] in <d74c70f944404a48bd19ff5e27c91c79>:0 @ http://localhost:8090/_framework/blazor.webassembly.js:0
[    7378ms] [ERROR] at Nori.LineFont.Get (string) [0x00082] in <d74c70f944404a48bd19ff5e27c91c79>:0 @ http://localhost:8090/_framework/blazor.webassembly.js:0
[    7379ms] [ERROR] at Nori.LineFont.Get (string) [0x00082] in <d74c70f944404a48bd19ff5e27c91c79>:0 @ http://localhost:8090/_framework/blazor.webassembly.js:0
[    7379ms] [ERROR] at Nori.LineFont.Get (string) [0x00082] in <d74c70f944404a48bd19ff5e27c91c79>:0 @ http://localhost:8090/_framework/blazor.webassembly.js:0
[    7379ms] [ERROR] at Nori.LineFont.Get (string) [0x00082] in <d74c70f944404a48bd19ff5e27c91c79>:0 @ http://localhost:8090/_framework/blazor.webassembly.js:0
[    7379ms] [ERROR] at Nori.LineFont.Get (string) [0x00082] in <d74c70f944404a48bd19ff5e27c91c79>:0 @ http://localhost:8090/_framework/blazor.webassembly.js:0
[    7379ms] [ERROR] at Nori.LineFont.Get (string) [0x00082] in <d74c70f944404a48bd19ff5e27c91c79>:0 @ http://localhost:8090/_framework/blazor.webassembly.js:0
[    7379ms] [ERROR] at Nori.LineFont.Get (string) [0x00082] in <d74c70f944404a48bd19ff5e27c91c79>:0 @ http://localhost:8090/_framework/blazor.webassembly.js:0
[    7379ms] [ERROR] at Nori.LineFont.Get (string) [0x00082] in <d74c70f944404a48bd19ff5e27c91c79>:0 @ http://localhost:8090/_framework/blazor.webassembly.js:0
[    7379ms] [ERROR] at Nori.LineFont.Get (string) [0x00082] in <d74c70f944404a48bd19ff5e27c91c79>:0 @ http://localhost:8090/_framework/blazor.webassembly.js:0
[    7379ms] [ERROR] at Nori.LineFont.Get (string) [0x00082] in <d74c70f944404a48bd19ff5e27c91c79>:0 @ http://localhost:8090/_framework/blazor.webassembly.js:0
[    7379ms] [ERROR] at Nori.LineFont.Get (string) [0x00082] in <d74c70f944404a48bd19ff5e27c91c79>:0 @ http://localhost:8090/_framework/blazor.webassembly.js:0
[    7379ms] [ERROR] at Nori.LineFont.Get (string) [0x00082] in <d74c70f944404a48bd19ff5e27c91c79>:0 @ http://localhost:8090/_framework/blazor.webassembly.js:0
[    7379ms] [ERROR] at Nori.LineFont.Get (string) [0x00082] in <d74c70f944404a48bd19ff5e27c91c79>:0 @ http://localhost:8090/_framework/blazor.webassembly.js:0
[    7379ms] [ERROR] at Nori.LineFont.Get (string) [0x00082] in <d74c70f944404a48bd19ff5e27c91c79>:0 @ http://localhost:8090/_framework/blazor.webassembly.js:0
[    7379ms] [ERROR] at Nori.LineFont.Get (string) [0x00082] in <d74c70f944404a48bd19ff5e27c91c79>:0 @ http://localhost:8090/_framework/blazor.webassembly.js:0
[    7379ms] [ERROR] at Nori.LineFont.Get (string) [0x00082] in <d74c70f944404a48bd19ff5e27c91c79>:0 @ http://localhost:8090/_framework/blazor.webassembly.js:0
[    7379ms] [ERROR] at Nori.LineFont.Get (string) [0x00082] in <d74c70f944404a48bd19ff5e27c91c79>:0 @ http://localhost:8090/_framework/blazor.webassembly.js:0
[    7379ms] [ERROR] at Nori.LineFont.Get (string) [0x00082] in <d74c70f944404a48bd19ff5e27c91c79>:0 @ http://localhost:8090/_framework/blazor.webassembly.js:0
[    7380ms] [ERROR] at Nori.LineFont.Get (string) [0x00082] in <d74c70f944404a48bd19ff5e27c91c79>:0 @ http://localhost:8090/_framework/blazor.webassembly.js:0
[    7380ms] [ERROR] at Nori.LineFont.Get (string) [0x00082] in <d74c70f944404a48bd19ff5e27c91c79>:0 @ http://localhost:8090/_framework/blazor.webassembly.js:0
[    7380ms] [ERROR] at Nori.LineFont.Get (string) [0x00082] in <d74c70f944404a48bd19ff5e27c91c79>:0 @ http://localhost:8090/_framework/blazor.webassembly.js:0
[    7380ms] [ERROR] at Nori.LineFont.Get (string) [0x00082] in <d74c70f944404a48bd19ff5e27c91c79>:0 @ http://localhost:8090/_framework/blazor.webassembly.js:0
[    7380ms] [ERROR] at Nori.LineFont.Get (string) [0x00082] in <d74c70f944404a48bd19ff5e27c91c79>:0 @ http://localhost:8090/_framework/blazor.webassembly.js:0
[    7380ms] [ERROR] at Nori.LineFont.Get (string) [0x00082] in <d74c70f944404a48bd19ff5e27c91c79>:0 @ http://localhost:8090/_framework/blazor.webassembly.js:0
[    7380ms] [ERROR] at Nori.LineFont.Get (string) [0x00082] in <d74c70f944404a48bd19ff5e27c91c79>:0 @ http://localhost:8090/_framework/blazor.webassembly.js:0
[    7380ms] [ERROR] at Nori.LineFont.Get (string) [0x00082] in <d74c70f944404a48bd19ff5e27c91c79>:0 @ http://localhost:8090/_framework/blazor.webassembly.js:0
[    7380ms] [ERROR] at Nori.LineFont.Get (string) [0x00082] in <d74c70f944404a48bd19ff5e27c91c79>:0 @ http://localhost:8090/_framework/blazor.webassembly.js:0
[    7380ms] [ERROR] at Nori.LineFont.Get (string) [0x00082] in <d74c70f944404a48bd19ff5e27c91c79>:0 @ http://localhost:8090/_framework/blazor.webassembly.js:0
[    7380ms] [ERROR] at Nori.LineFont.Get (string) [0x00082] in <d74c70f944404a48bd19ff5e27c91c79>:0 @ http://localhost:8090/_framework/blazor.webassembly.js:0
[    7380ms] [ERROR] at Nori.LineFont.Get (string) [0x00082] in <d74c70f944404a48bd19ff5e27c91c79>:0 @ http://localhost:8090/_framework/blazor.webassembly.js:0
[    7380ms] [ERROR] at Nori.LineFont.Get (string) [0x00082] in <d74c70f944404a48bd19ff5e27c91c79>:0 @ http://localhost:8090/_framework/blazor.webassembly.js:0
[    7380ms] [ERROR] at Nori.LineFont.Get (string) [0x00082] in <d74c70f944404a48bd19ff5e27c91c79>:0 @ http://localhost:8090/_framework/blazor.webassembly.js:0
[    7380ms] [ERROR] at Nori.LineFont.Get (string) [0x00082] in <d74c70f944404a48bd19ff5e27c91c79>:0 @ http://localhost:8090/_framework/blazor.webassembly.js:0
[    7380ms] [ERROR] at Nori.LineFont.Get (string) [0x00082] in <d74c70f944404a48bd19ff5e27c91c79>:0 @ http://localhost:8090/_framework/blazor.webassembly.js:0
[    7381ms] [ERROR] at Nori.LineFont.Get (string) [0x00082] in <d74c70f944404a48bd19ff5e27c91c79>:0 @ http://localhost:8090/_framework/blazor.webassembly.js:0
[    7381ms] [ERROR] at Nori.LineFont.Get (string) [0x00082] in <d74c70f944404a48bd19ff5e27c91c79>:0 @ http://localhost:8090/_framework/blazor.webassembly.js:0
[    7381ms] [ERROR] at Nori.LineFont.Get (string) [0x00082] in <d74c70f944404a48bd19ff5e27c91c79>:0 @ http://localhost:8090/_framework/blazor.webassembly.js:0
[    7381ms] [ERROR] at Nori.LineFont.Get (string) [0x00082] in <d74c70f944404a48bd19ff5e27c91c79>:0 @ http://localhost:8090/_framework/blazor.webassembly.js:0
[    7381ms] [ERROR] at Nori.LineFont.Get (string) [0x00082] in <d74c70f944404a48bd19ff5e27c91c79>:0 @ http://localhost:8090/_framework/blazor.webassembly.js:0
[    7381ms] [ERROR] at Nori.LineFont.Get (string) [0x00082] in <d74c70f944404a48bd19ff5e27c91c79>:0 @ http://localhost:8090/_framework/blazor.webassembly.js:0
[    7381ms] [ERROR] at Nori.LineFont.Get (string) [0x00082] in <d74c70f944404a48bd19ff5e27c91c79>:0 @ http://localhost:8090/_framework/blazor.webassembly.js:0
[    7381ms] [ERROR] at Nori.LineFont.Get (string) [0x00082] in <d74c70f944404a48bd19ff5e27c91c79>:0 @ http://localhost:8090/_framework/blazor.webassembly.js:0
[    7381ms] [ERROR] at Nori.LineFont.Get (string) [0x00082] in <d74c70f944404a48bd19ff5e27c91c79>:0 @ http://localhost:8090/_framework/blazor.webassembly.js:0
[    7381ms] [ERROR] at Nori.LineFont.Get (string) [0x00082] in <d74c70f944404a48bd19ff5e27c91c79>:0 @ http://localhost:8090/_framework/blazor.webassembly.js:0
[    7381ms] [ERROR] at Nori.LineFont.Get (string) [0x00082] in <d74c70f944404a48bd19ff5e27c91c79>:0 @ http://localhost:8090/_framework/blazor.webassembly.js:0
[    7381ms] [ERROR] at Nori.LineFont.Get (string) [0x00082] in <d74c70f944404a48bd19ff5e27c91c79>:0 @ http://localhost:8090/_framework/blazor.webassembly.js:0
[    7381ms] [ERROR] at Nori.LineFont.Get (string) [0x00082] in <d74c70f944404a48bd19ff5e27c91c79>:0 @ http://localhost:8090/_framework/blazor.webassembly.js:0
[    7381ms] [ERROR] at Nori.LineFont.Get (string) [0x00082] in <d74c70f944404a48bd19ff5e27c91c79>:0 @ http://localhost:8090/_framework/blazor.webassembly.js:0
[    7381ms] [ERROR] at Nori.LineFont.Get (string) [0x00082] in <d74c70f944404a48bd19ff5e27c91c79>:0 @ http://localhost:8090/_framework/blazor.webassembly.js:0
[    7381ms] [ERROR] at Nori.LineFont.Get (string) [0x00082] in <d74c70f944404a48bd19ff5e27c91c79>:0 @ http://localhost:8090/_framework/blazor.webassembly.js:0
[    7382ms] [ERROR] at Nori.LineFont.Get (string) [0x00082] in <d74c70f944404a48bd19ff5e27c91c79>:0 @ http://localhost:8090/_framework/blazor.webassembly.js:0
[    7382ms] [ERROR] at Nori.LineFont.Get (string) [0x00082] in <d74c70f944404a48bd19ff5e27c91c79>:0 @ http://localhost:8090/_framework/blazor.webassembly.js:0
[    7382ms] [ERROR] at Nori.LineFont.Get (string) [0x00082] in <d74c70f944404a48bd19ff5e27c91c79>:0 @ http://localhost:8090/_framework/blazor.webassembly.js:0
[    7382ms] [ERROR] at Nori.LineFont.Get (string) [0x00082] in <d74c70f944404a48bd19ff5e27c91c79>:0 @ http://localhost:8090/_framework/blazor.webassembly.js:0
[    7382ms] [ERROR] at Nori.LineFont.Get (string) [0x00082] in <d74c70f944404a48bd19ff5e27c91c79>:0 @ http://localhost:8090/_framework/blazor.webassembly.js:0
[    7382ms] [ERROR] at Nori.LineFont.Get (string) [0x00082] in <d74c70f944404a48bd19ff5e27c91c79>:0 @ http://localhost:8090/_framework/blazor.webassembly.js:0
[    7382ms] [ERROR] at Nori.LineFont.Get (string) [0x00082] in <d74c70f944404a48bd19ff5e27c91c79>:0 @ http://localhost:8090/_framework/blazor.webassembly.js:0
[    7382ms] [ERROR] at Nori.LineFont.Get (string) [0x00082] in <d74c70f944404a48bd19ff5e27c91c79>:0 @ http://localhost:8090/_framework/blazor.webassembly.js:0
[    7382ms] [ERROR] at Nori.LineFont.Get (string) [0x00082] in <d74c70f944404a48bd19ff5e27c91c79>:0 @ http://localhost:8090/_framework/blazor.webassembly.js:0
[    7382ms] [ERROR] at Nori.LineFont.Get (string) [0x00082] in <d74c70f944404a48bd19ff5e27c91c79>:0 @ http://localhost:8090/_framework/blazor.webassembly.js:0
[    7382ms] [ERROR] at Nori.LineFont.Get (string) [0x00082] in <d74c70f944404a48bd19ff5e27c91c79>:0 @ http://localhost:8090/_framework/blazor.webassembly.js:0
[    7382ms] [ERROR] at Nori.LineFont.Get (string) [0x00082] in <d74c70f944404a48bd19ff5e27c91c79>:0 @ http://localhost:8090/_framework/blazor.webassembly.js:0
[    7382ms] [ERROR] at Nori.LineFont.Get (string) [0x00082] in <d74c70f944404a48bd19ff5e27c91c79>:0 @ http://localhost:8090/_framework/blazor.webassembly.js:0
[    7382ms] [ERROR] at Nori.LineFont.Get (string) [0x00082] in <d74c70f944404a48bd19ff5e27c91c79>:0 @ http://localhost:8090/_framework/blazor.webassembly.js:0
[    7382ms] [ERROR] at Nori.LineFont.Get (string) [0x00082] in <d74c70f944404a48bd19ff5e27c91c79>:0 @ http://localhost:8090/_framework/blazor.webassembly.js:0
[    7382ms] [ERROR] at Nori.LineFont.Get (string) [0x00082] in <d74c70f944404a48bd19ff5e27c91c79>:0 @ http://localhost:8090/_framework/blazor.webassembly.js:0
[    7383ms] [ERROR] at Nori.LineFont.Get (string) [0x00082] in <d74c70f944404a48bd19ff5e27c91c79>:0 @ http://localhost:8090/_framework/blazor.webassembly.js:0
[    7383ms] [ERROR] at Nori.LineFont.Get (string) [0x00082] in <d74c70f944404a48bd19ff5e27c91c79>:0 @ http://localhost:8090/_framework/blazor.webassembly.js:0
[    7383ms] [ERROR] at Nori.LineFont.Get (string) [0x00082] in <d74c70f944404a48bd19ff5e27c91c79>:0 @ http://localhost:8090/_framework/blazor.webassembly.js:0
[    7383ms] [ERROR] at Nori.LineFont.Get (string) [0x00082] in <d74c70f944404a48bd19ff5e27c91c79>:0 @ http://localhost:8090/_framework/blazor.webassembly.js:0
[    7383ms] [ERROR] at Nori.LineFont.Get (string) [0x00082] in <d74c70f944404a48bd19ff5e27c91c79>:0 @ http://localhost:8090/_framework/blazor.webassembly.js:0
[    7383ms] [ERROR] at Nori.LineFont.Get (string) [0x00082] in <d74c70f944404a48bd19ff5e27c91c79>:0 @ http://localhost:8090/_framework/blazor.webassembly.js:0
[    7383ms] [ERROR] at Nori.LineFont.Get (string) [0x00082] in <d74c70f944404a48bd19ff5e27c91c79>:0 @ http://localhost:8090/_framework/blazor.webassembly.js:0
[    7383ms] [ERROR] at Nori.LineFont.Get (string) [0x00082] in <d74c70f944404a48bd19ff5e27c91c79>:0 @ http://localhost:8090/_framework/blazor.webassembly.js:0
[    7383ms] [ERROR] at Nori.LineFont.Get (string) [0x00082] in <d74c70f944404a48bd19ff5e27c91c79>:0 @ http://localhost:8090/_framework/blazor.webassembly.js:0
[    7383ms] [ERROR] at Nori.LineFont.Get (string) [0x00082] in <d74c70f944404a48bd19ff5e27c91c79>:0 @ http://localhost:8090/_framework/blazor.webassembly.js:0
[    7383ms] [ERROR] at Nori.LineFont.Get (string) [0x00082] in <d74c70f944404a48bd19ff5e27c91c79>:0 @ http://localhost:8090/_framework/blazor.webassembly.js:0
[    7383ms] [ERROR] at Nori.LineFont.Get (string) [0x00082] in <d74c70f944404a48bd19ff5e27c91c79>:0 @ http://localhost:8090/_framework/blazor.webassembly.js:0
[    7383ms] [ERROR] at Nori.LineFont.Get (string) [0x00082] in <d74c70f944404a48bd19ff5e27c91c79>:0 @ http://localhost:8090/_framework/blazor.webassembly.js:0
[    7383ms] [ERROR] at Nori.LineFont.Get (string) [0x00082] in <d74c70f944404a48bd19ff5e27c91c79>:0 @ http://localhost:8090/_framework/blazor.webassembly.js:0
[    7383ms] [ERROR] at Nori.LineFont.Get (string) [0x00082] in <d74c70f944404a48bd19ff5e27c91c79>:0 @ http://localhost:8090/_framework/blazor.webassembly.js:0
[    7383ms] [ERROR] at Nori.LineFont.Get (string) [0x00082] in <d74c70f944404a48bd19ff5e27c91c79>:0 @ http://localhost:8090/_framework/blazor.webassembly.js:0
[    7384ms] [ERROR] at Nori.LineFont.Get (string) [0x00082] in <d74c70f944404a48bd19ff5e27c91c79>:0 @ http://localhost:8090/_framework/blazor.webassembly.js:0
[    7384ms] [ERROR] at Nori.LineFont.Get (string) [0x00082] in <d74c70f944404a48bd19ff5e27c91c79>:0 @ http://localhost:8090/_framework/blazor.webassembly.js:0
[    7384ms] [ERROR] at Nori.LineFont.Get (string) [0x00082] in <d74c70f944404a48bd19ff5e27c91c79>:0 @ http://localhost:8090/_framework/blazor.webassembly.js:0
[    7384ms] [ERROR] at Nori.LineFont.Get (string) [0x00082] in <d74c70f944404a48bd19ff5e27c91c79>:0 @ http://localhost:8090/_framework/blazor.webassembly.js:0
[    7384ms] [ERROR] at Nori.LineFont.Get (string) [0x00082] in <d74c70f944404a48bd19ff5e27c91c79>:0 @ http://localhost:8090/_framework/blazor.webassembly.js:0
[    7384ms] [ERROR] at Nori.LineFont.Get (string) [0x00082] in <d74c70f944404a48bd19ff5e27c91c79>:0 @ http://localhost:8090/_framework/blazor.webassembly.js:0
[    7384ms] [ERROR] at Nori.LineFont.Get (string) [0x00082] in <d74c70f944404a48bd19ff5e27c91c79>:0 @ http://localhost:8090/_framework/blazor.webassembly.js:0
[    7384ms] [ERROR] at Nori.LineFont.Get (string) [0x00082] in <d74c70f944404a48bd19ff5e27c91c79>:0 @ http://localhost:8090/_framework/blazor.webassembly.js:0
[    7384ms] [ERROR] at Nori.LineFont.Get (string) [0x00082] in <d74c70f944404a48bd19ff5e27c91c79>:0 @ http://localhost:8090/_framework/blazor.webassembly.js:0
[    7384ms] [ERROR] at Nori.LineFont.Get (string) [0x00082] in <d74c70f944404a48bd19ff5e27c91c79>:0 @ http://localhost:8090/_framework/blazor.webassembly.js:0
[    7384ms] [ERROR] at Nori.LineFont.Get (string) [0x00082] in <d74c70f944404a48bd19ff5e27c91c79>:0 @ http://localhost:8090/_framework/blazor.webassembly.js:0
[    7384ms] [ERROR] at Nori.LineFont.Get (string) [0x00082] in <d74c70f944404a48bd19ff5e27c91c79>:0 @ http://localhost:8090/_framework/blazor.webassembly.js:0
[    7384ms] [ERROR] at Nori.LineFont.Get (string) [0x00082] in <d74c70f944404a48bd19ff5e27c91c79>:0 @ http://localhost:8090/_framework/blazor.webassembly.js:0
[    7384ms] [ERROR] at Nori.LineFont.Get (string) [0x00082] in <d74c70f944404a48bd19ff5e27c91c79>:0 @ http://localhost:8090/_framework/blazor.webassembly.js:0
[    7384ms] [ERROR] at Nori.LineFont.Get (string) [0x00082] in <d74c70f944404a48bd19ff5e27c91c79>:0 @ http://localhost:8090/_framework/blazor.webassembly.js:0
[    7384ms] [ERROR] at Nori.LineFont.Get (string) [0x00082] in <d74c70f944404a48bd19ff5e27c91c79>:0 @ http://localhost:8090/_framework/blazor.webassembly.js:0
[    7385ms] [ERROR] at Nori.LineFont.Get (string) [0x00082] in <d74c70f944404a48bd19ff5e27c91c79>:0 @ http://localhost:8090/_framework/blazor.webassembly.js:0
[    7385ms] [ERROR] at Nori.LineFont.Get (string) [0x00082] in <d74c70f944404a48bd19ff5e27c91c79>:0 @ http://localhost:8090/_framework/blazor.webassembly.js:0
[    7385ms] [ERROR] at Nori.LineFont.Get (string) [0x00082] in <d74c70f944404a48bd19ff5e27c91c79>:0 @ http://localhost:8090/_framework/blazor.webassembly.js:0
[    7385ms] [ERROR] at Nori.LineFont.Get (string) [0x00082] in <d74c70f944404a48bd19ff5e27c91c79>:0 @ http://localhost:8090/_framework/blazor.webassembly.js:0
[    7385ms] [ERROR] at Nori.LineFont.Get (string) [0x00082] in <d74c70f944404a48bd19ff5e27c91c79>:0 @ http://localhost:8090/_framework/blazor.webassembly.js:0
[    7385ms] [ERROR] at Nori.LineFont.Get (string) [0x00082] in <d74c70f944404a48bd19ff5e27c91c79>:0 @ http://localhost:8090/_framework/blazor.webassembly.js:0
[    7385ms] [ERROR] at Nori.LineFont.Get (string) [0x00082] in <d74c70f944404a48bd19ff5e27c91c79>:0 @ http://localhost:8090/_framework/blazor.webassembly.js:0
[    7385ms] [ERROR] at Nori.LineFont.Get (string) [0x00082] in <d74c70f944404a48bd19ff5e27c91c79>:0 @ http://localhost:8090/_framework/blazor.webassembly.js:0
[    7385ms] [ERROR] at Nori.LineFont.Get (string) [0x00082] in <d74c70f944404a48bd19ff5e27c91c79>:0 @ http://localhost:8090/_framework/blazor.webassembly.js:0
[    7385ms] [ERROR] at Nori.LineFont.Get (string) [0x00082] in <d74c70f944404a48bd19ff5e27c91c79>:0 @ http://localhost:8090/_framework/blazor.webassembly.js:0
[    7385ms] [ERROR] at Nori.LineFont.Get (string) [0x00082] in <d74c70f944404a48bd19ff5e27c91c79>:0 @ http://localhost:8090/_framework/blazor.webassembly.js:0
[    7385ms] [ERROR] at Nori.LineFont.Get (string) [0x00082] in <d74c70f944404a48bd19ff5e27c91c79>:0 @ http://localhost:8090/_framework/blazor.webassembly.js:0
[    7385ms] [ERROR] at Nori.LineFont.Get (string) [0x00082] in <d74c70f944404a48bd19ff5e27c91c79>:0 @ http://localhost:8090/_framework/blazor.webassembly.js:0
[    7385ms] [ERROR] at Nori.LineFont.Get (string) [0x00082] in <d74c70f944404a48bd19ff5e27c91c79>:0 @ http://localhost:8090/_framework/blazor.webassembly.js:0
[    7385ms] [ERROR] at Nori.LineFont.Get (string) [0x00082] in <d74c70f944404a48bd19ff5e27c91c79>:0 @ http://localhost:8090/_framework/blazor.webassembly.js:0
[    7385ms] [ERROR] at Nori.LineFont.Get (string) [0x00082] in <d74c70f944404a48bd19ff5e27c91c79>:0 @ http://localhost:8090/_framework/blazor.webassembly.js:0
[    7386ms] [ERROR] at Nori.LineFont.Get (string) [0x00082] in <d74c70f944404a48bd19ff5e27c91c79>:0 @ http://localhost:8090/_framework/blazor.webassembly.js:0
[    7386ms] [ERROR] at Nori.LineFont.Get (string) [0x00082] in <d74c70f944404a48bd19ff5e27c91c79>:0 @ http://localhost:8090/_framework/blazor.webassembly.js:0
[    7386ms] [ERROR] at Nori.LineFont.Get (string) [0x00082] in <d74c70f944404a48bd19ff5e27c91c79>:0 @ http://localhost:8090/_framework/blazor.webassembly.js:0
[    7386ms] [ERROR] at Nori.LineFont.Get (string) [0x00082] in <d74c70f944404a48bd19ff5e27c91c79>:0 @ http://localhost:8090/_framework/blazor.webassembly.js:0
[    7386ms] [ERROR] at Nori.LineFont.Get (string) [0x00082] in <d74c70f944404a48bd19ff5e27c91c79>:0 @ http://localhost:8090/_framework/blazor.webassembly.js:0
[    7386ms] [ERROR] at Nori.LineFont.Get (string) [0x00082] in <d74c70f944404a48bd19ff5e27c91c79>:0 @ http://localhost:8090/_framework/blazor.webassembly.js:0
[    7386ms] [ERROR] at Nori.LineFont.Get (string) [0x00082] in <d74c70f944404a48bd19ff5e27c91c79>:0 @ http://localhost:8090/_framework/blazor.webassembly.js:0
[    7386ms] [ERROR] at Nori.LineFont.Get (string) [0x00082] in <d74c70f944404a48bd19ff5e27c91c79>:0 @ http://localhost:8090/_framework/blazor.webassembly.js:0
[    7386ms] [ERROR] at Nori.LineFont.Get (string) [0x00082] in <d74c70f944404a48bd19ff5e27c91c79>:0 @ http://localhost:8090/_framework/blazor.webassembly.js:0
[    7386ms] [ERROR] at Nori.LineFont.Get (string) [0x00082] in <d74c70f944404a48bd19ff5e27c91c79>:0 @ http://localhost:8090/_framework/blazor.webassembly.js:0
[    7386ms] [ERROR] at Nori.LineFont.Get (string) [0x00082] in <d74c70f944404a48bd19ff5e27c91c79>:0 @ http://localhost:8090/_framework/blazor.webassembly.js:0
[    7386ms] [ERROR] at Nori.LineFont.Get (string) [0x00082] in <d74c70f944404a48bd19ff5e27c91c79>:0 @ http://localhost:8090/_framework/blazor.webassembly.js:0
[    7386ms] [ERROR] at Nori.LineFont.Get (string) [0x00082] in <d74c70f944404a48bd19ff5e27c91c79>:0 @ http://localhost:8090/_framework/blazor.webassembly.js:0
[    7386ms] [ERROR] at Nori.LineFont.Get (string) [0x00082] in <d74c70f944404a48bd19ff5e27c91c79>:0 @ http://localhost:8090/_framework/blazor.webassembly.js:0
[    7386ms] [ERROR] at Nori.LineFont.Get (string) [0x00082] in <d74c70f944404a48bd19ff5e27c91c79>:0 @ http://localhost:8090/_framework/blazor.webassembly.js:0
[    7386ms] [ERROR] at Nori.LineFont.Get (string) [0x00082] in <d74c70f944404a48bd19ff5e27c91c79>:0 @ http://localhost:8090/_framework/blazor.webassembly.js:0
[    7387ms] [ERROR] at Nori.LineFont.Get (string) [0x00082] in <d74c70f944404a48bd19ff5e27c91c79>:0 @ http://localhost:8090/_framework/blazor.webassembly.js:0
[    7387ms] [ERROR] at Nori.LineFont.Get (string) [0x00082] in <d74c70f944404a48bd19ff5e27c91c79>:0 @ http://localhost:8090/_framework/blazor.webassembly.js:0
[    7387ms] [ERROR] at Nori.LineFont.Get (string) [0x00082] in <d74c70f944404a48bd19ff5e27c91c79>:0 @ http://localhost:8090/_framework/blazor.webassembly.js:0
[    7387ms] [ERROR] at Nori.LineFont.Get (string) [0x00082] in <d74c70f944404a48bd19ff5e27c91c79>:0 @ http://localhost:8090/_framework/blazor.webassembly.js:0
[    7387ms] [ERROR] at Nori.LineFont.Get (string) [0x00082] in <d74c70f944404a48bd19ff5e27c91c79>:0 @ http://localhost:8090/_framework/blazor.webassembly.js:0
[    7387ms] [ERROR] at Nori.LineFont.Get (string) [0x00082] in <d74c70f944404a48bd19ff5e27c91c79>:0 @ http://localhost:8090/_framework/blazor.webassembly.js:0
[    7387ms] [ERROR] at Nori.LineFont.Get (string) [0x00082] in <d74c70f944404a48bd19ff5e27c91c79>:0 @ http://localhost:8090/_framework/blazor.webassembly.js:0
[    7387ms] [ERROR] at Nori.LineFont.Get (string) [0x00082] in <d74c70f944404a48bd19ff5e27c91c79>:0 @ http://localhost:8090/_framework/blazor.webassembly.js:0
[    7387ms] [ERROR] at Nori.LineFont.Get (string) [0x00082] in <d74c70f944404a48bd19ff5e27c91c79>:0 @ http://localhost:8090/_framework/blazor.webassembly.js:0
[    7387ms] [ERROR] at Nori.LineFont.Get (string) [0x00082] in <d74c70f944404a48bd19ff5e27c91c79>:0 @ http://localhost:8090/_framework/blazor.webassembly.js:0
[    7387ms] [ERROR] at Nori.LineFont.Get (string) [0x00082] in <d74c70f944404a48bd19ff5e27c91c79>:0 @ http://localhost:8090/_framework/blazor.webassembly.js:0
[    7387ms] [ERROR] at Nori.LineFont.Get (string) [0x00082] in <d74c70f944404a48bd19ff5e27c91c79>:0 @ http://localhost:8090/_framework/blazor.webassembly.js:0
[    7387ms] [ERROR] at Nori.LineFont.Get (string) [0x00082] in <d74c70f944404a48bd19ff5e27c91c79>:0 @ http://localhost:8090/_framework/blazor.webassembly.js:0
[    7387ms] [ERROR] at Nori.LineFont.Get (string) [0x00082] in <d74c70f944404a48bd19ff5e27c91c79>:0 @ http://localhost:8090/_framework/blazor.webassembly.js:0
[    7388ms] [ERROR] at Nori.LineFont.Get (string) [0x00082] in <d74c70f944404a48bd19ff5e27c91c79>:0 @ http://localhost:8090/_framework/blazor.webassembly.js:0
[    7388ms] [ERROR] at Nori.LineFont.Get (string) [0x00082] in <d74c70f944404a48bd19ff5e27c91c79>:0 @ http://localhost:8090/_framework/blazor.webassembly.js:0
[    7388ms] [ERROR] at Nori.LineFont.Get (string) [0x00082] in <d74c70f944404a48bd19ff5e27c91c79>:0 @ http://localhost:8090/_framework/blazor.webassembly.js:0
[    7388ms] [ERROR] at Nori.LineFont.Get (string) [0x00082] in <d74c70f944404a48bd19ff5e27c91c79>:0 @ http://localhost:8090/_framework/blazor.webassembly.js:0
[    7388ms] [ERROR] at Nori.LineFont.Get (string) [0x00082] in <d74c70f944404a48bd19ff5e27c91c79>:0 @ http://localhost:8090/_framework/blazor.webassembly.js:0
[    7388ms] [ERROR] at Nori.LineFont.Get (string) [0x00082] in <d74c70f944404a48bd19ff5e27c91c79>:0 @ http://localhost:8090/_framework/blazor.webassembly.js:0
[    7388ms] [ERROR] at Nori.LineFont.Get (string) [0x00082] in <d74c70f944404a48bd19ff5e27c91c79>:0 @ http://localhost:8090/_framework/blazor.webassembly.js:0
[    7388ms] [ERROR] at Nori.LineFont.Get (string) [0x00082] in <d74c70f944404a48bd19ff5e27c91c79>:0 @ http://localhost:8090/_framework/blazor.webassembly.js:0
[    7388ms] [ERROR] at Nori.LineFont.Get (string) [0x00082] in <d74c70f944404a48bd19ff5e27c91c79>:0 @ http://localhost:8090/_framework/blazor.webassembly.js:0
[    7388ms] [ERROR] at Nori.LineFont.Get (string) [0x00082] in <d74c70f944404a48bd19ff5e27c91c79>:0 @ http://localhost:8090/_framework/blazor.webassembly.js:0
[    7388ms] [ERROR] at Nori.LineFont.Get (string) [0x00082] in <d74c70f944404a48bd19ff5e27c91c79>:0 @ http://localhost:8090/_framework/blazor.webassembly.js:0
[    7388ms] [ERROR] at Nori.LineFont.Get (string) [0x00082] in <d74c70f944404a48bd19ff5e27c91c79>:0 @ http://localhost:8090/_framework/blazor.webassembly.js:0
[    7388ms] [ERROR] at Nori.LineFont.Get (string) [0x00082] in <d74c70f944404a48bd19ff5e27c91c79>:0 @ http://localhost:8090/_framework/blazor.webassembly.js:0
[    7388ms] [ERROR] at Nori.LineFont.Get (string) [0x00082] in <d74c70f944404a48bd19ff5e27c91c79>:0 @ http://localhost:8090/_framework/blazor.webassembly.js:0
[    7388ms] [ERROR] at Nori.LineFont.Get (string) [0x00082] in <d74c70f944404a48bd19ff5e27c91c79>:0 @ http://localhost:8090/_framework/blazor.webassembly.js:0
[    7388ms] [ERROR] at Nori.LineFont.Get (string) [0x00082] in <d74c70f944404a48bd19ff5e27c91c79>:0 @ http://localhost:8090/_framework/blazor.webassembly.js:0
[    7389ms] [ERROR] at Nori.LineFont.Get (string) [0x00082] in <d74c70f944404a48bd19ff5e27c91c79>:0 @ http://localhost:8090/_framework/blazor.webassembly.js:0
[    7389ms] [ERROR] at Nori.LineFont.Get (string) [0x00082] in <d74c70f944404a48bd19ff5e27c91c79>:0 @ http://localhost:8090/_framework/blazor.webassembly.js:0
[    7389ms] [ERROR] at Nori.LineFont.Get (string) [0x00082] in <d74c70f944404a48bd19ff5e27c91c79>:0 @ http://localhost:8090/_framework/blazor.webassembly.js:0
[    7389ms] [ERROR] at Nori.LineFont.Get (string) [0x00082] in <d74c70f944404a48bd19ff5e27c91c79>:0 @ http://localhost:8090/_framework/blazor.webassembly.js:0
[    7389ms] [ERROR] at Nori.LineFont.Get (string) [0x00082] in <d74c70f944404a48bd19ff5e27c91c79>:0 @ http://localhost:8090/_framework/blazor.webassembly.js:0
[    7389ms] [ERROR] at Nori.LineFont.Get (string) [0x00082] in <d74c70f944404a48bd19ff5e27c91c79>:0 @ http://localhost:8090/_framework/blazor.webassembly.js:0
[    7389ms] [ERROR] at Nori.LineFont.Get (string) [0x00082] in <d74c70f944404a48bd19ff5e27c91c79>:0 @ http://localhost:8090/_framework/blazor.webassembly.js:0
[    7389ms] [ERROR] at Nori.LineFont.Get (string) [0x00082] in <d74c70f944404a48bd19ff5e27c91c79>:0 @ http://localhost:8090/_framework/blazor.webassembly.js:0
[    7389ms] [ERROR] at Nori.LineFont.Get (string) [0x00082] in <d74c70f944404a48bd19ff5e27c91c79>:0 @ http://localhost:8090/_framework/blazor.webassembly.js:0
[    7389ms] [ERROR] at Nori.LineFont.Get (string) [0x00082] in <d74c70f944404a48bd19ff5e27c91c79>:0 @ http://localhost:8090/_framework/blazor.webassembly.js:0
[    7389ms] [ERROR] at Nori.LineFont.Get (string) [0x00082] in <d74c70f944404a48bd19ff5e27c91c79>:0 @ http://localhost:8090/_framework/blazor.webassembly.js:0
[    7389ms] [ERROR] at Nori.LineFont.Get (string) [0x00082] in <d74c70f944404a48bd19ff5e27c91c79>:0 @ http://localhost:8090/_framework/blazor.webassembly.js:0
[    7389ms] [ERROR] at Nori.LineFont.Get (string) [0x00082] in <d74c70f944404a48bd19ff5e27c91c79>:0 @ http://localhost:8090/_framework/blazor.webassembly.js:0
[    7389ms] [ERROR] at Nori.LineFont.Get (string) [0x00082] in <d74c70f944404a48bd19ff5e27c91c79>:0 @ http://localhost:8090/_framework/blazor.webassembly.js:0
[    7389ms] [ERROR] at Nori.LineFont.Get (string) [0x00082] in <d74c70f944404a48bd19ff5e27c91c79>:0 @ http://localhost:8090/_framework/blazor.webassembly.js:0
[    7389ms] [ERROR] at Nori.LineFont.Get (string) [0x00082] in <d74c70f944404a48bd19ff5e27c91c79>:0 @ http://localhost:8090/_framework/blazor.webassembly.js:0
[    7390ms] [ERROR] at Nori.LineFont.Get (string) [0x00082] in <d74c70f944404a48bd19ff5e27c91c79>:0 @ http://localhost:8090/_framework/blazor.webassembly.js:0
[    7390ms] [ERROR] at Nori.LineFont.Get (string) [0x00082] in <d74c70f944404a48bd19ff5e27c91c79>:0 @ http://localhost:8090/_framework/blazor.webassembly.js:0
[    7390ms] [ERROR] at Nori.LineFont.Get (string) [0x00082] in <d74c70f944404a48bd19ff5e27c91c79>:0 @ http://localhost:8090/_framework/blazor.webassembly.js:0
[    7390ms] [ERROR] at Nori.LineFont.Get (string) [0x00082] in <d74c70f944404a48bd19ff5e27c91c79>:0 @ http://localhost:8090/_framework/blazor.webassembly.js:0
[    7390ms] [ERROR] at Nori.LineFont.Get (string) [0x00082] in <d74c70f944404a48bd19ff5e27c91c79>:0 @ http://localhost:8090/_framework/blazor.webassembly.js:0
[    7390ms] [ERROR] at Nori.LineFont.Get (string) [0x00082] in <d74c70f944404a48bd19ff5e27c91c79>:0 @ http://localhost:8090/_framework/blazor.webassembly.js:0
[    7390ms] [ERROR] at Nori.LineFont.Get (string) [0x00082] in <d74c70f944404a48bd19ff5e27c91c79>:0 @ http://localhost:8090/_framework/blazor.webassembly.js:0
[    7390ms] [ERROR] at Nori.LineFont.Get (string) [0x00082] in <d74c70f944404a48bd19ff5e27c91c79>:0 @ http://localhost:8090/_framework/blazor.webassembly.js:0
[    7390ms] [ERROR] at Nori.LineFont.Get (string) [0x00082] in <d74c70f944404a48bd19ff5e27c91c79>:0 @ http://localhost:8090/_framework/blazor.webassembly.js:0
[    7390ms] [ERROR] at Nori.LineFont.Get (string) [0x00082] in <d74c70f944404a48bd19ff5e27c91c79>:0 @ http://localhost:8090/_framework/blazor.webassembly.js:0
[    7390ms] [ERROR] at Nori.LineFont.Get (string) [0x00082] in <d74c70f944404a48bd19ff5e27c91c79>:0 @ http://localhost:8090/_framework/blazor.webassembly.js:0
[    7390ms] [ERROR] at Nori.LineFont.Get (string) [0x00082] in <d74c70f944404a48bd19ff5e27c91c79>:0 @ http://localhost:8090/_framework/blazor.webassembly.js:0
[    7390ms] [ERROR] at Nori.LineFont.Get (string) [0x00082] in <d74c70f944404a48bd19ff5e27c91c79>:0 @ http://localhost:8090/_framework/blazor.webassembly.js:0
[    7390ms] [ERROR] at Nori.LineFont.Get (string) [0x00082] in <d74c70f944404a48bd19ff5e27c91c79>:0 @ http://localhost:8090/_framework/blazor.webassembly.js:0
[    7390ms] [ERROR] at Nori.LineFont.Get (string) [0x00082] in <d74c70f944404a48bd19ff5e27c91c79>:0 @ http://localhost:8090/_framework/blazor.webassembly.js:0
[    7390ms] [ERROR] at Nori.LineFont.Get (string) [0x00082] in <d74c70f944404a48bd19ff5e27c91c79>:0 @ http://localhost:8090/_framework/blazor.webassembly.js:0
[    7390ms] [ERROR] at Nori.LineFont.Get (string) [0x00082] in <d74c70f944404a48bd19ff5e27c91c79>:0 @ http://localhost:8090/_framework/blazor.webassembly.js:0
[    7391ms] [ERROR] at Nori.LineFont.Get (string) [0x00082] in <d74c70f944404a48bd19ff5e27c91c79>:0 @ http://localhost:8090/_framework/blazor.webassembly.js:0
[    7391ms] [ERROR] at Nori.LineFont.Get (string) [0x00082] in <d74c70f944404a48bd19ff5e27c91c79>:0 @ http://localhost:8090/_framework/blazor.webassembly.js:0
[    7391ms] [ERROR] at Nori.LineFont.Get (string) [0x00082] in <d74c70f944404a48bd19ff5e27c91c79>:0 @ http://localhost:8090/_framework/blazor.webassembly.js:0
[    7391ms] [ERROR] at Nori.LineFont.Get (string) [0x00082] in <d74c70f944404a48bd19ff5e27c91c79>:0 @ http://localhost:8090/_framework/blazor.webassembly.js:0
[    7391ms] [ERROR] at Nori.LineFont.Get (string) [0x00082] in <d74c70f944404a48bd19ff5e27c91c79>:0 @ http://localhost:8090/_framework/blazor.webassembly.js:0
[    7391ms] [ERROR] at Nori.LineFont.Get (string) [0x00082] in <d74c70f944404a48bd19ff5e27c91c79>:0 @ http://localhost:8090/_framework/blazor.webassembly.js:0
[    7391ms] [ERROR] at Nori.LineFont.Get (string) [0x00082] in <d74c70f944404a48bd19ff5e27c91c79>:0 @ http://localhost:8090/_framework/blazor.webassembly.js:0
[    7391ms] [ERROR] at Nori.LineFont.Get (string) [0x00082] in <d74c70f944404a48bd19ff5e27c91c79>:0 @ http://localhost:8090/_framework/blazor.webassembly.js:0
[    7391ms] [ERROR] at Nori.LineFont.Get (string) [0x00082] in <d74c70f944404a48bd19ff5e27c91c79>:0 @ http://localhost:8090/_framework/blazor.webassembly.js:0
[    7391ms] [ERROR] at Nori.LineFont.Get (string) [0x00082] in <d74c70f944404a48bd19ff5e27c91c79>:0 @ http://localhost:8090/_framework/blazor.webassembly.js:0
[    7391ms] [ERROR] at Nori.LineFont.Get (string) [0x00082] in <d74c70f944404a48bd19ff5e27c91c79>:0 @ http://localhost:8090/_framework/blazor.webassembly.js:0
[    7391ms] [ERROR] at Nori.LineFont.Get (string) [0x00082] in <d74c70f944404a48bd19ff5e27c91c79>:0 @ http://localhost:8090/_framework/blazor.webassembly.js:0
[    7391ms] [ERROR] at Nori.LineFont.Get (string) [0x00082] in <d74c70f944404a48bd19ff5e27c91c79>:0 @ http://localhost:8090/_framework/blazor.webassembly.js:0
[    7391ms] [ERROR] at Nori.LineFont.Get (string) [0x00082] in <d74c70f944404a48bd19ff5e27c91c79>:0 @ http://localhost:8090/_framework/blazor.webassembly.js:0
[    7391ms] [ERROR] at Nori.LineFont.Get (string) [0x00082] in <d74c70f944404a48bd19ff5e27c91c79>:0 @ http://localhost:8090/_framework/blazor.webassembly.js:0
[    7391ms] [ERROR] at Nori.LineFont.Get (string) [0x00082] in <d74c70f944404a48bd19ff5e27c91c79>:0 @ http://localhost:8090/_framework/blazor.webassembly.js:0
[    7392ms] [ERROR] at Nori.LineFont.Get (string) [0x00082] in <d74c70f944404a48bd19ff5e27c91c79>:0 @ http://localhost:8090/_framework/blazor.webassembly.js:0
[    7392ms] [ERROR] at Nori.LineFont.Get (string) [0x00082] in <d74c70f944404a48bd19ff5e27c91c79>:0 @ http://localhost:8090/_framework/blazor.webassembly.js:0
[    7392ms] [ERROR] at Nori.LineFont.Get (string) [0x00082] in <d74c70f944404a48bd19ff5e27c91c79>:0 @ http://localhost:8090/_framework/blazor.webassembly.js:0
[    7392ms] [ERROR] at Nori.LineFont.Get (string) [0x00082] in <d74c70f944404a48bd19ff5e27c91c79>:0 @ http://localhost:8090/_framework/blazor.webassembly.js:0
[    7392ms] [ERROR] at Nori.LineFont.Get (string) [0x00082] in <d74c70f944404a48bd19ff5e27c91c79>:0 @ http://localhost:8090/_framework/blazor.webassembly.js:0
[    7392ms] [ERROR] at Nori.LineFont.Get (string) [0x00082] in <d74c70f944404a48bd19ff5e27c91c79>:0 @ http://localhost:8090/_framework/blazor.webassembly.js:0
[    7392ms] [ERROR] at Nori.LineFont.Get (string) [0x00082] in <d74c70f944404a48bd19ff5e27c91c79>:0 @ http://localhost:8090/_framework/blazor.webassembly.js:0
[    7392ms] [ERROR] at Nori.LineFont.Get (string) [0x00082] in <d74c70f944404a48bd19ff5e27c91c79>:0 @ http://localhost:8090/_framework/blazor.webassembly.js:0
[    7392ms] [ERROR] at Nori.LineFont.Get (string) [0x00082] in <d74c70f944404a48bd19ff5e27c91c79>:0 @ http://localhost:8090/_framework/blazor.webassembly.js:0
[    7392ms] [ERROR] at Nori.LineFont.Get (string) [0x00082] in <d74c70f944404a48bd19ff5e27c91c79>:0 @ http://localhost:8090/_framework/blazor.webassembly.js:0
[    7392ms] [ERROR] at Nori.LineFont.Get (string) [0x00082] in <d74c70f944404a48bd19ff5e27c91c79>:0 @ http://localhost:8090/_framework/blazor.webassembly.js:0
[    7392ms] [ERROR] at Nori.LineFont.Get (string) [0x00082] in <d74c70f944404a48bd19ff5e27c91c79>:0 @ http://localhost:8090/_framework/blazor.webassembly.js:0
[    7392ms] [ERROR] at Nori.LineFont.Get (string) [0x00082] in <d74c70f944404a48bd19ff5e27c91c79>:0 @ http://localhost:8090/_framework/blazor.webassembly.js:0
[    7392ms] [ERROR] at Nori.LineFont.Get (string) [0x00082] in <d74c70f944404a48bd19ff5e27c91c79>:0 @ http://localhost:8090/_framework/blazor.webassembly.js:0
[    7392ms] [ERROR] at Nori.LineFont.Get (string) [0x00082] in <d74c70f944404a48bd19ff5e27c91c79>:0 @ http://localhost:8090/_framework/blazor.webassembly.js:0
[    7392ms] [ERROR] at Nori.LineFont.Get (string) [0x00082] in <d74c70f944404a48bd19ff5e27c91c79>:0 @ http://localhost:8090/_framework/blazor.webassembly.js:0
[    7393ms] [ERROR] at Nori.LineFont.Get (string) [0x00082] in <d74c70f944404a48bd19ff5e27c91c79>:0 @ http://localhost:8090/_framework/blazor.webassembly.js:0
[    7393ms] [ERROR] at Nori.LineFont.Get (string) [0x00082] in <d74c70f944404a48bd19ff5e27c91c79>:0 @ http://localhost:8090/_framework/blazor.webassembly.js:0
[    7393ms] [ERROR] at Nori.LineFont.Get (string) [0x00082] in <d74c70f944404a48bd19ff5e27c91c79>:0 @ http://localhost:8090/_framework/blazor.webassembly.js:0
[    7393ms] [ERROR] at Nori.LineFont.Get (string) [0x00082] in <d74c70f944404a48bd19ff5e27c91c79>:0 @ http://localhost:8090/_framework/blazor.webassembly.js:0
[    7393ms] [ERROR] at Nori.LineFont.Get (string) [0x00082] in <d74c70f944404a48bd19ff5e27c91c79>:0 @ http://localhost:8090/_framework/blazor.webassembly.js:0
[    7393ms] [ERROR] at Nori.LineFont.Get (string) [0x00082] in <d74c70f944404a48bd19ff5e27c91c79>:0 @ http://localhost:8090/_framework/blazor.webassembly.js:0
[    7393ms] [ERROR] at Nori.LineFont.Get (string) [0x00082] in <d74c70f944404a48bd19ff5e27c91c79>:0 @ http://localhost:8090/_framework/blazor.webassembly.js:0
[    7393ms] [ERROR] at Nori.LineFont.Get (string) [0x00082] in <d74c70f944404a48bd19ff5e27c91c79>:0 @ http://localhost:8090/_framework/blazor.webassembly.js:0
[    7393ms] [ERROR] at Nori.LineFont.Get (string) [0x00082] in <d74c70f944404a48bd19ff5e27c91c79>:0 @ http://localhost:8090/_framework/blazor.webassembly.js:0
[    7393ms] [ERROR] at Nori.LineFont.Get (string) [0x00082] in <d74c70f944404a48bd19ff5e27c91c79>:0 @ http://localhost:8090/_framework/blazor.webassembly.js:0
[    7393ms] [ERROR] at Nori.LineFont.Get (string) [0x00082] in <d74c70f944404a48bd19ff5e27c91c79>:0 @ http://localhost:8090/_framework/blazor.webassembly.js:0
[    7393ms] [ERROR] at Nori.LineFont.Get (string) [0x00082] in <d74c70f944404a48bd19ff5e27c91c79>:0 @ http://localhost:8090/_framework/blazor.webassembly.js:0
[    7393ms] [ERROR] at Nori.LineFont.Get (string) [0x00082] in <d74c70f944404a48bd19ff5e27c91c79>:0 @ http://localhost:8090/_framework/blazor.webassembly.js:0
[    7393ms] [ERROR] at Nori.LineFont.Get (string) [0x00082] in <d74c70f944404a48bd19ff5e27c91c79>:0 @ http://localhost:8090/_framework/blazor.webassembly.js:0
[    7393ms] [ERROR] at Nori.LineFont.Get (string) [0x00082] in <d74c70f944404a48bd19ff5e27c91c79>:0 @ http://localhost:8090/_framework/blazor.webassembly.js:0
[    7393ms] [ERROR] at Nori.LineFont.Get (string) [0x00082] in <d74c70f944404a48bd19ff5e27c91c79>:0 @ http://localhost:8090/_framework/blazor.webassembly.js:0
[    7394ms] [ERROR] at Nori.LineFont.Get (string) [0x00082] in <d74c70f944404a48bd19ff5e27c91c79>:0 @ http://localhost:8090/_framework/blazor.webassembly.js:0
[    7394ms] [ERROR] at Nori.LineFont.Get (string) [0x00082] in <d74c70f944404a48bd19ff5e27c91c79>:0 @ http://localhost:8090/_framework/blazor.webassembly.js:0
[    7394ms] [ERROR] at Nori.LineFont.Get (string) [0x00082] in <d74c70f944404a48bd19ff5e27c91c79>:0 @ http://localhost:8090/_framework/blazor.webassembly.js:0
[    7394ms] [ERROR] at Nori.LineFont.Get (string) [0x00082] in <d74c70f944404a48bd19ff5e27c91c79>:0 @ http://localhost:8090/_framework/blazor.webassembly.js:0
[    7394ms] [ERROR] at Nori.LineFont.Get (string) [0x00082] in <d74c70f944404a48bd19ff5e27c91c79>:0 @ http://localhost:8090/_framework/blazor.webassembly.js:0
[    7394ms] [ERROR] at Nori.LineFont.Get (string) [0x00082] in <d74c70f944404a48bd19ff5e27c91c79>:0 @ http://localhost:8090/_framework/blazor.webassembly.js:0
[    7394ms] [ERROR] at Nori.LineFont.Get (string) [0x00082] in <d74c70f944404a48bd19ff5e27c91c79>:0 @ http://localhost:8090/_framework/blazor.webassembly.js:0
[    7394ms] [ERROR] at Nori.LineFont.Get (string) [0x00082] in <d74c70f944404a48bd19ff5e27c91c79>:0 @ http://localhost:8090/_framework/blazor.webassembly.js:0
[    7394ms] [ERROR] at Nori.LineFont.Get (string) [0x00082] in <d74c70f944404a48bd19ff5e27c91c79>:0 @ http://localhost:8090/_framework/blazor.webassembly.js:0
[    7394ms] [ERROR] at Nori.LineFont.Get (string) [0x00082] in <d74c70f944404a48bd19ff5e27c91c79>:0 @ http://localhost:8090/_framework/blazor.webassembly.js:0
[    7394ms] [ERROR] at Nori.LineFont.Get (string) [0x00082] in <d74c70f944404a48bd19ff5e27c91c79>:0 @ http://localhost:8090/_framework/blazor.webassembly.js:0
[    7394ms] [ERROR] at Nori.LineFont.Get (string) [0x00082] in <d74c70f944404a48bd19ff5e27c91c79>:0 @ http://localhost:8090/_framework/blazor.webassembly.js:0
[    7394ms] [ERROR] at Nori.LineFont.Get (string) [0x00082] in <d74c70f944404a48bd19ff5e27c91c79>:0 @ http://localhost:8090/_framework/blazor.webassembly.js:0
[    7394ms] [ERROR] at Nori.LineFont.Get (string) [0x00082] in <d74c70f944404a48bd19ff5e27c91c79>:0 @ http://localhost:8090/_framework/blazor.webassembly.js:0
[    7394ms] [ERROR] at Nori.LineFont.Get (string) [0x00082] in <d74c70f944404a48bd19ff5e27c91c79>:0 @ http://localhost:8090/_framework/blazor.webassembly.js:0
[    7394ms] [ERROR] at Nori.LineFont.Get (string) [0x00082] in <d74c70f944404a48bd19ff5e27c91c79>:0 @ http://localhost:8090/_framework/blazor.webassembly.js:0
[    7395ms] [ERROR] at Nori.LineFont.Get (string) [0x00082] in <d74c70f944404a48bd19ff5e27c91c79>:0 @ http://localhost:8090/_framework/blazor.webassembly.js:0
[    7395ms] [ERROR] at Nori.LineFont.Get (string) [0x00082] in <d74c70f944404a48bd19ff5e27c91c79>:0 @ http://localhost:8090/_framework/blazor.webassembly.js:0
[    7395ms] [ERROR] at Nori.LineFont.Get (string) [0x00082] in <d74c70f944404a48bd19ff5e27c91c79>:0 @ http://localhost:8090/_framework/blazor.webassembly.js:0
[    7395ms] [ERROR] at Nori.LineFont.Get (string) [0x00082] in <d74c70f944404a48bd19ff5e27c91c79>:0 @ http://localhost:8090/_framework/blazor.webassembly.js:0
[    7395ms] [ERROR] at Nori.LineFont.Get (string) [0x00082] in <d74c70f944404a48bd19ff5e27c91c79>:0 @ http://localhost:8090/_framework/blazor.webassembly.js:0
[    7395ms] [ERROR] at Nori.LineFont.Get (string) [0x00082] in <d74c70f944404a48bd19ff5e27c91c79>:0 @ http://localhost:8090/_framework/blazor.webassembly.js:0
[    7395ms] [ERROR] at Nori.LineFont.Get (string) [0x00082] in <d74c70f944404a48bd19ff5e27c91c79>:0 @ http://localhost:8090/_framework/blazor.webassembly.js:0
[    7395ms] [ERROR] at Nori.LineFont.Get (string) [0x00082] in <d74c70f944404a48bd19ff5e27c91c79>:0 @ http://localhost:8090/_framework/blazor.webassembly.js:0
[    7395ms] [ERROR] at Nori.LineFont.Get (string) [0x00082] in <d74c70f944404a48bd19ff5e27c91c79>:0 @ http://localhost:8090/_framework/blazor.webassembly.js:0
[    7395ms] [ERROR] at Nori.LineFont.Get (string) [0x00082] in <d74c70f944404a48bd19ff5e27c91c79>:0 @ http://localhost:8090/_framework/blazor.webassembly.js:0
[    7395ms] [ERROR] at Nori.LineFont.Get (string) [0x00082] in <d74c70f944404a48bd19ff5e27c91c79>:0 @ http://localhost:8090/_framework/blazor.webassembly.js:0
[    7395ms] [ERROR] at Nori.LineFont.Get (string) [0x00082] in <d74c70f944404a48bd19ff5e27c91c79>:0 @ http://localhost:8090/_framework/blazor.webassembly.js:0
[    7395ms] [ERROR] at Nori.LineFont.Get (string) [0x00082] in <d74c70f944404a48bd19ff5e27c91c79>:0 @ http://localhost:8090/_framework/blazor.webassembly.js:0
[    7395ms] [ERROR] at Nori.LineFont.Get (string) [0x00082] in <d74c70f944404a48bd19ff5e27c91c79>:0 @ http://localhost:8090/_framework/blazor.webassembly.js:0
[    7395ms] [ERROR] at Nori.LineFont.Get (string) [0x00082] in <d74c70f944404a48bd19ff5e27c91c79>:0 @ http://localhost:8090/_framework/blazor.webassembly.js:0
[    7395ms] [ERROR] at Nori.LineFont.Get (string) [0x00082] in <d74c70f944404a48bd19ff5e27c91c79>:0 @ http://localhost:8090/_framework/blazor.webassembly.js:0
[    7396ms] [ERROR] at Nori.LineFont.Get (string) [0x00082] in <d74c70f944404a48bd19ff5e27c91c79>:0 @ http://localhost:8090/_framework/blazor.webassembly.js:0
[    7396ms] [ERROR] at Nori.LineFont.Get (string) [0x00082] in <d74c70f944404a48bd19ff5e27c91c79>:0 @ http://localhost:8090/_framework/blazor.webassembly.js:0
[    7396ms] [ERROR] at Nori.LineFont.Get (string) [0x00082] in <d74c70f944404a48bd19ff5e27c91c79>:0 @ http://localhost:8090/_framework/blazor.webassembly.js:0
[    7396ms] [ERROR] at Nori.LineFont.Get (string) [0x00082] in <d74c70f944404a48bd19ff5e27c91c79>:0 @ http://localhost:8090/_framework/blazor.webassembly.js:0
[    7396ms] [ERROR] at Nori.LineFont.Get (string) [0x00082] in <d74c70f944404a48bd19ff5e27c91c79>:0 @ http://localhost:8090/_framework/blazor.webassembly.js:0
[    7396ms] [ERROR] at Nori.LineFont.Get (string) [0x00082] in <d74c70f944404a48bd19ff5e27c91c79>:0 @ http://localhost:8090/_framework/blazor.webassembly.js:0
[    7396ms] [ERROR] at Nori.LineFont.Get (string) [0x00082] in <d74c70f944404a48bd19ff5e27c91c79>:0 @ http://localhost:8090/_framework/blazor.webassembly.js:0
[    7396ms] [ERROR] at Nori.LineFont.Get (string) [0x00082] in <d74c70f944404a48bd19ff5e27c91c79>:0 @ http://localhost:8090/_framework/blazor.webassembly.js:0
[    7396ms] [ERROR] at Nori.LineFont.Get (string) [0x00082] in <d74c70f944404a48bd19ff5e27c91c79>:0 @ http://localhost:8090/_framework/blazor.webassembly.js:0
[    7396ms] [ERROR] at Nori.LineFont.Get (string) [0x00082] in <d74c70f944404a48bd19ff5e27c91c79>:0 @ http://localhost:8090/_framework/blazor.webassembly.js:0
[    7396ms] [ERROR] at Nori.LineFont.Get (string) [0x00082] in <d74c70f944404a48bd19ff5e27c91c79>:0 @ http://localhost:8090/_framework/blazor.webassembly.js:0
[    7396ms] [ERROR] at Nori.LineFont.Get (string) [0x00082] in <d74c70f944404a48bd19ff5e27c91c79>:0 @ http://localhost:8090/_framework/blazor.webassembly.js:0
[    7396ms] [ERROR] at Nori.LineFont.Get (string) [0x00082] in <d74c70f944404a48bd19ff5e27c91c79>:0 @ http://localhost:8090/_framework/blazor.webassembly.js:0
[    7396ms] [ERROR] at Nori.LineFont.Get (string) [0x00082] in <d74c70f944404a48bd19ff5e27c91c79>:0 @ http://localhost:8090/_framework/blazor.webassembly.js:0
[    7396ms] [ERROR] at Nori.LineFont.Get (string) [0x00082] in <d74c70f944404a48bd19ff5e27c91c79>:0 @ http://localhost:8090/_framework/blazor.webassembly.js:0
[    7396ms] [ERROR] at Nori.LineFont.Get (string) [0x00082] in <d74c70f944404a48bd19ff5e27c91c79>:0 @ http://localhost:8090/_framework/blazor.webassembly.js:0
[    7397ms] [ERROR] at Nori.LineFont.Get (string) [0x00082] in <d74c70f944404a48bd19ff5e27c91c79>:0 @ http://localhost:8090/_framework/blazor.webassembly.js:0
[    7397ms] [ERROR] at Nori.LineFont.Get (string) [0x00082] in <d74c70f944404a48bd19ff5e27c91c79>:0 @ http://localhost:8090/_framework/blazor.webassembly.js:0
[    7397ms] [ERROR] at Nori.LineFont.Get (string) [0x00082] in <d74c70f944404a48bd19ff5e27c91c79>:0 @ http://localhost:8090/_framework/blazor.webassembly.js:0
[    7397ms] [ERROR] at Nori.LineFont.Get (string) [0x00082] in <d74c70f944404a48bd19ff5e27c91c79>:0 @ http://localhost:8090/_framework/blazor.webassembly.js:0
[    7397ms] [ERROR] at Nori.LineFont.Get (string) [0x00082] in <d74c70f944404a48bd19ff5e27c91c79>:0 @ http://localhost:8090/_framework/blazor.webassembly.js:0
[    7397ms] [ERROR] at Nori.LineFont.Get (string) [0x00082] in <d74c70f944404a48bd19ff5e27c91c79>:0 @ http://localhost:8090/_framework/blazor.webassembly.js:0
[    7397ms] [ERROR] at Nori.LineFont.Get (string) [0x00082] in <d74c70f944404a48bd19ff5e27c91c79>:0 @ http://localhost:8090/_framework/blazor.webassembly.js:0
[    7397ms] [ERROR] at Nori.LineFont.Get (string) [0x00082] in <d74c70f944404a48bd19ff5e27c91c79>:0 @ http://localhost:8090/_framework/blazor.webassembly.js:0
[    7397ms] [ERROR] at Nori.LineFont.Get (string) [0x00082] in <d74c70f944404a48bd19ff5e27c91c79>:0 @ http://localhost:8090/_framework/blazor.webassembly.js:0
[    7397ms] [ERROR] at Nori.LineFont.Get (string) [0x00082] in <d74c70f944404a48bd19ff5e27c91c79>:0 @ http://localhost:8090/_framework/blazor.webassembly.js:0
[    7397ms] [ERROR] at Nori.LineFont.Get (string) [0x00082] in <d74c70f944404a48bd19ff5e27c91c79>:0 @ http://localhost:8090/_framework/blazor.webassembly.js:0
[    7397ms] [ERROR] at Nori.LineFont.Get (string) [0x00082] in <d74c70f944404a48bd19ff5e27c91c79>:0 @ http://localhost:8090/_framework/blazor.webassembly.js:0
[    7397ms] [ERROR] at Nori.LineFont.Get (string) [0x00082] in <d74c70f944404a48bd19ff5e27c91c79>:0 @ http://localhost:8090/_framework/blazor.webassembly.js:0
[    7397ms] [ERROR] at Nori.LineFont.Get (string) [0x00082] in <d74c70f944404a48bd19ff5e27c91c79>:0 @ http://localhost:8090/_framework/blazor.webassembly.js:0
[    7397ms] [ERROR] at Nori.LineFont.Get (string) [0x00082] in <d74c70f944404a48bd19ff5e27c91c79>:0 @ http://localhost:8090/_framework/blazor.webassembly.js:0
[    7397ms] [ERROR] at Nori.LineFont.Get (string) [0x00082] in <d74c70f944404a48bd19ff5e27c91c79>:0 @ http://localhost:8090/_framework/blazor.webassembly.js:0
[    7398ms] [ERROR] at Nori.LineFont.Get (string) [0x00082] in <d74c70f944404a48bd19ff5e27c91c79>:0 @ http://localhost:8090/_framework/blazor.webassembly.js:0
[    7398ms] [ERROR] at Nori.LineFont.Get (string) [0x00082] in <d74c70f944404a48bd19ff5e27c91c79>:0 @ http://localhost:8090/_framework/blazor.webassembly.js:0
[    7398ms] [ERROR] at Nori.LineFont.Get (string) [0x00082] in <d74c70f944404a48bd19ff5e27c91c79>:0 @ http://localhost:8090/_framework/blazor.webassembly.js:0
[    7398ms] [ERROR] at Nori.LineFont.Get (string) [0x00082] in <d74c70f944404a48bd19ff5e27c91c79>:0 @ http://localhost:8090/_framework/blazor.webassembly.js:0
[    7398ms] [ERROR] at Nori.LineFont.Get (string) [0x00082] in <d74c70f944404a48bd19ff5e27c91c79>:0 @ http://localhost:8090/_framework/blazor.webassembly.js:0
[    7398ms] [ERROR] at Nori.LineFont.Get (string) [0x00082] in <d74c70f944404a48bd19ff5e27c91c79>:0 @ http://localhost:8090/_framework/blazor.webassembly.js:0
[    7398ms] [ERROR] at Nori.LineFont.Get (string) [0x00082] in <d74c70f944404a48bd19ff5e27c91c79>:0 @ http://localhost:8090/_framework/blazor.webassembly.js:0
[    7398ms] [ERROR] at Nori.LineFont.Get (string) [0x00082] in <d74c70f944404a48bd19ff5e27c91c79>:0 @ http://localhost:8090/_framework/blazor.webassembly.js:0
[    7398ms] [ERROR] at Nori.LineFont.Get (string) [0x00082] in <d74c70f944404a48bd19ff5e27c91c79>:0 @ http://localhost:8090/_framework/blazor.webassembly.js:0
[    7398ms] [ERROR] at Nori.LineFont.Get (string) [0x00082] in <d74c70f944404a48bd19ff5e27c91c79>:0 @ http://localhost:8090/_framework/blazor.webassembly.js:0
[    7398ms] [ERROR] at Nori.LineFont.Get (string) [0x00082] in <d74c70f944404a48bd19ff5e27c91c79>:0 @ http://localhost:8090/_framework/blazor.webassembly.js:0
[    7398ms] [ERROR] at Nori.LineFont.Get (string) [0x00082] in <d74c70f944404a48bd19ff5e27c91c79>:0 @ http://localhost:8090/_framework/blazor.webassembly.js:0
[    7398ms] [ERROR] at Nori.LineFont.Get (string) [0x00082] in <d74c70f944404a48bd19ff5e27c91c79>:0 @ http://localhost:8090/_framework/blazor.webassembly.js:0
[    7398ms] [ERROR] at Nori.LineFont.Get (string) [0x00082] in <d74c70f944404a48bd19ff5e27c91c79>:0 @ http://localhost:8090/_framework/blazor.webassembly.js:0
[    7399ms] [ERROR] at Nori.LineFont.Get (string) [0x00082] in <d74c70f944404a48bd19ff5e27c91c79>:0 @ http://localhost:8090/_framework/blazor.webassembly.js:0
[    7399ms] [ERROR] at Nori.LineFont.Get (string) [0x00082] in <d74c70f944404a48bd19ff5e27c91c79>:0 @ http://localhost:8090/_framework/blazor.webassembly.js:0
[    7399ms] [ERROR] at Nori.LineFont.Get (string) [0x00082] in <d74c70f944404a48bd19ff5e27c91c79>:0 @ http://localhost:8090/_framework/blazor.webassembly.js:0
[    7399ms] [ERROR] at Nori.LineFont.Get (string) [0x00082] in <d74c70f944404a48bd19ff5e27c91c79>:0 @ http://localhost:8090/_framework/blazor.webassembly.js:0
[    7399ms] [ERROR] at Nori.LineFont.Get (string) [0x00082] in <d74c70f944404a48bd19ff5e27c91c79>:0 @ http://localhost:8090/_framework/blazor.webassembly.js:0
[    7399ms] [ERROR] at Nori.LineFont.Get (string) [0x00082] in <d74c70f944404a48bd19ff5e27c91c79>:0 @ http://localhost:8090/_framework/blazor.webassembly.js:0
[    7399ms] [ERROR] at Nori.LineFont.Get (string) [0x00082] in <d74c70f944404a48bd19ff5e27c91c79>:0 @ http://localhost:8090/_framework/blazor.webassembly.js:0
[    7399ms] [ERROR] at Nori.LineFont.Get (string) [0x00082] in <d74c70f944404a48bd19ff5e27c91c79>:0 @ http://localhost:8090/_framework/blazor.webassembly.js:0
[    7399ms] [ERROR] at Nori.LineFont.Get (string) [0x00082] in <d74c70f944404a48bd19ff5e27c91c79>:0 @ http://localhost:8090/_framework/blazor.webassembly.js:0
[    7399ms] [ERROR] at Nori.LineFont.Get (string) [0x00082] in <d74c70f944404a48bd19ff5e27c91c79>:0 @ http://localhost:8090/_framework/blazor.webassembly.js:0
[    7399ms] [ERROR] at Nori.LineFont.Get (string) [0x00082] in <d74c70f944404a48bd19ff5e27c91c79>:0 @ http://localhost:8090/_framework/blazor.webassembly.js:0
[    7399ms] [ERROR] at Nori.LineFont.Get (string) [0x00082] in <d74c70f944404a48bd19ff5e27c91c79>:0 @ http://localhost:8090/_framework/blazor.webassembly.js:0
[    7399ms] [ERROR] at Nori.LineFont.Get (string) [0x00082] in <d74c70f944404a48bd19ff5e27c91c79>:0 @ http://localhost:8090/_framework/blazor.webassembly.js:0
[    7399ms] [ERROR] at Nori.LineFont.Get (string) [0x00082] in <d74c70f944404a48bd19ff5e27c91c79>:0 @ http://localhost:8090/_framework/blazor.webassembly.js:0
[    7399ms] [ERROR] at Nori.LineFont.Get (string) [0x00082] in <d74c70f944404a48bd19ff5e27c91c79>:0 @ http://localhost:8090/_framework/blazor.webassembly.js:0
[    7399ms] [ERROR] at Nori.LineFont.Get (string) [0x00082] in <d74c70f944404a48bd19ff5e27c91c79>:0 @ http://localhost:8090/_framework/blazor.webassembly.js:0
[    7400ms] [ERROR] at Nori.LineFont.Get (string) [0x00082] in <d74c70f944404a48bd19ff5e27c91c79>:0 @ http://localhost:8090/_framework/blazor.webassembly.js:0
[    7400ms] [ERROR] at Nori.LineFont.Get (string) [0x00082] in <d74c70f944404a48bd19ff5e27c91c79>:0 @ http://localhost:8090/_framework/blazor.webassembly.js:0
[    7400ms] [ERROR] at Nori.LineFont.Get (string) [0x00082] in <d74c70f944404a48bd19ff5e27c91c79>:0 @ http://localhost:8090/_framework/blazor.webassembly.js:0
[    7400ms] [ERROR] at Nori.LineFont.Get (string) [0x00082] in <d74c70f944404a48bd19ff5e27c91c79>:0 @ http://localhost:8090/_framework/blazor.webassembly.js:0
[    7400ms] [ERROR] at Nori.LineFont.Get (string) [0x00082] in <d74c70f944404a48bd19ff5e27c91c79>:0 @ http://localhost:8090/_framework/blazor.webassembly.js:0
[    7400ms] [ERROR] at Nori.LineFont.Get (string) [0x00082] in <d74c70f944404a48bd19ff5e27c91c79>:0 @ http://localhost:8090/_framework/blazor.webassembly.js:0
[    7400ms] [ERROR] at Nori.LineFont.Get (string) [0x00082] in <d74c70f944404a48bd19ff5e27c91c79>:0 @ http://localhost:8090/_framework/blazor.webassembly.js:0
[    7400ms] [ERROR] at Nori.LineFont.Get (string) [0x00082] in <d74c70f944404a48bd19ff5e27c91c79>:0 @ http://localhost:8090/_framework/blazor.webassembly.js:0
[    7400ms] [ERROR] at Nori.LineFont.Get (string) [0x00082] in <d74c70f944404a48bd19ff5e27c91c79>:0 @ http://localhost:8090/_framework/blazor.webassembly.js:0
[    7400ms] [ERROR] at Nori.LineFont.Get (string) [0x00082] in <d74c70f944404a48bd19ff5e27c91c79>:0 @ http://localhost:8090/_framework/blazor.webassembly.js:0
[    7400ms] [ERROR] at Nori.LineFont.Get (string) [0x00082] in <d74c70f944404a48bd19ff5e27c91c79>:0 @ http://localhost:8090/_framework/blazor.webassembly.js:0
[    7400ms] [ERROR] at Nori.LineFont.Get (string) [0x00082] in <d74c70f944404a48bd19ff5e27c91c79>:0 @ http://localhost:8090/_framework/blazor.webassembly.js:0
[    7400ms] [ERROR] at Nori.LineFont.Get (string) [0x00082] in <d74c70f944404a48bd19ff5e27c91c79>:0 @ http://localhost:8090/_framework/blazor.webassembly.js:0
[    7400ms] [ERROR] at Nori.LineFont.Get (string) [0x00082] in <d74c70f944404a48bd19ff5e27c91c79>:0 @ http://localhost:8090/_framework/blazor.webassembly.js:0
[    7400ms] [ERROR] at Nori.LineFont.Get (string) [0x00082] in <d74c70f944404a48bd19ff5e27c91c79>:0 @ http://localhost:8090/_framework/blazor.webassembly.js:0
[    7401ms] [ERROR] at Nori.LineFont.Get (string) [0x00082] in <d74c70f944404a48bd19ff5e27c91c79>:0 @ http://localhost:8090/_framework/blazor.webassembly.js:0
[    7401ms] [ERROR] at Nori.LineFont.Get (string) [0x00082] in <d74c70f944404a48bd19ff5e27c91c79>:0 @ http://localhost:8090/_framework/blazor.webassembly.js:0
[    7401ms] [ERROR] at Nori.LineFont.Get (string) [0x00082] in <d74c70f944404a48bd19ff5e27c91c79>:0 @ http://localhost:8090/_framework/blazor.webassembly.js:0
[    7401ms] [ERROR] at Nori.LineFont.Get (string) [0x00082] in <d74c70f944404a48bd19ff5e27c91c79>:0 @ http://localhost:8090/_framework/blazor.webassembly.js:0
[    7401ms] [ERROR] at Nori.LineFont.Get (string) [0x00082] in <d74c70f944404a48bd19ff5e27c91c79>:0 @ http://localhost:8090/_framework/blazor.webassembly.js:0
[    7401ms] [ERROR] at Nori.LineFont.Get (string) [0x00082] in <d74c70f944404a48bd19ff5e27c91c79>:0 @ http://localhost:8090/_framework/blazor.webassembly.js:0
[    7401ms] [ERROR] at Nori.LineFont.Get (string) [0x00082] in <d74c70f944404a48bd19ff5e27c91c79>:0 @ http://localhost:8090/_framework/blazor.webassembly.js:0
[    7401ms] [ERROR] at Nori.LineFont.Get (string) [0x00082] in <d74c70f944404a48bd19ff5e27c91c79>:0 @ http://localhost:8090/_framework/blazor.webassembly.js:0
[    7401ms] [ERROR] at Nori.LineFont.Get (string) [0x00082] in <d74c70f944404a48bd19ff5e27c91c79>:0 @ http://localhost:8090/_framework/blazor.webassembly.js:0
[    7401ms] [ERROR] at Nori.LineFont.Get (string) [0x00082] in <d74c70f944404a48bd19ff5e27c91c79>:0 @ http://localhost:8090/_framework/blazor.webassembly.js:0
[    7401ms] [ERROR] at Nori.LineFont.Get (string) [0x00082] in <d74c70f944404a48bd19ff5e27c91c79>:0 @ http://localhost:8090/_framework/blazor.webassembly.js:0
[    7401ms] [ERROR] at Nori.LineFont.Get (string) [0x00082] in <d74c70f944404a48bd19ff5e27c91c79>:0 @ http://localhost:8090/_framework/blazor.webassembly.js:0
[    7401ms] [ERROR] at Nori.LineFont.Get (string) [0x00082] in <d74c70f944404a48bd19ff5e27c91c79>:0 @ http://localhost:8090/_framework/blazor.webassembly.js:0
[    7401ms] [ERROR] at Nori.LineFont.Get (string) [0x00082] in <d74c70f944404a48bd19ff5e27c91c79>:0 @ http://localhost:8090/_framework/blazor.webassembly.js:0
[    7401ms] [ERROR] at Nori.LineFont.Get (string) [0x00082] in <d74c70f944404a48bd19ff5e27c91c79>:0 @ http://localhost:8090/_framework/blazor.webassembly.js:0
[    7401ms] [ERROR] at Nori.LineFont.Get (string) [0x00082] in <d74c70f944404a48bd19ff5e27c91c79>:0 @ http://localhost:8090/_framework/blazor.webassembly.js:0
[    7402ms] [ERROR] at Nori.LineFont.Get (string) [0x00082] in <d74c70f944404a48bd19ff5e27c91c79>:0 @ http://localhost:8090/_framework/blazor.webassembly.js:0
[    7402ms] [ERROR] at Nori.LineFont.Get (string) [0x00082] in <d74c70f944404a48bd19ff5e27c91c79>:0 @ http://localhost:8090/_framework/blazor.webassembly.js:0
[    7402ms] [ERROR] at Nori.LineFont.Get (string) [0x00082] in <d74c70f944404a48bd19ff5e27c91c79>:0 @ http://localhost:8090/_framework/blazor.webassembly.js:0
[    7402ms] [ERROR] at Nori.LineFont.Get (string) [0x00082] in <d74c70f944404a48bd19ff5e27c91c79>:0 @ http://localhost:8090/_framework/blazor.webassembly.js:0
[    7402ms] [ERROR] at Nori.LineFont.Get (string) [0x00082] in <d74c70f944404a48bd19ff5e27c91c79>:0 @ http://localhost:8090/_framework/blazor.webassembly.js:0
[    7402ms] [ERROR] at Nori.LineFont.Get (string) [0x00082] in <d74c70f944404a48bd19ff5e27c91c79>:0 @ http://localhost:8090/_framework/blazor.webassembly.js:0
[    7402ms] [ERROR] at Nori.LineFont.Get (string) [0x00082] in <d74c70f944404a48bd19ff5e27c91c79>:0 @ http://localhost:8090/_framework/blazor.webassembly.js:0
[    7402ms] [ERROR] at Nori.LineFont.Get (string) [0x00082] in <d74c70f944404a48bd19ff5e27c91c79>:0 @ http://localhost:8090/_framework/blazor.webassembly.js:0
[    7402ms] [ERROR] at Nori.LineFont.Get (string) [0x00082] in <d74c70f944404a48bd19ff5e27c91c79>:0 @ http://localhost:8090/_framework/blazor.webassembly.js:0
[    7402ms] [ERROR] at Nori.LineFont.Get (string) [0x00082] in <d74c70f944404a48bd19ff5e27c91c79>:0 @ http://localhost:8090/_framework/blazor.webassembly.js:0
[    7402ms] [ERROR] at Nori.LineFont.Get (string) [0x00082] in <d74c70f944404a48bd19ff5e27c91c79>:0 @ http://localhost:8090/_framework/blazor.webassembly.js:0
[    7402ms] [ERROR] at Nori.LineFont.Get (string) [0x00082] in <d74c70f944404a48bd19ff5e27c91c79>:0 @ http://localhost:8090/_framework/blazor.webassembly.js:0
[    7403ms] [ERROR] at Nori.LineFont.Get (string) [0x00082] in <d74c70f944404a48bd19ff5e27c91c79>:0 @ http://localhost:8090/_framework/blazor.webassembly.js:0
[    7403ms] [ERROR] at Nori.LineFont.Get (string) [0x00082] in <d74c70f944404a48bd19ff5e27c91c79>:0 @ http://localhost:8090/_framework/blazor.webassembly.js:0
[    7403ms] [ERROR] at Nori.LineFont.Get (string) [0x00082] in <d74c70f944404a48bd19ff5e27c91c79>:0 @ http://localhost:8090/_framework/blazor.webassembly.js:0
[    7403ms] [ERROR] at Nori.LineFont.Get (string) [0x00082] in <d74c70f944404a48bd19ff5e27c91c79>:0 @ http://localhost:8090/_framework/blazor.webassembly.js:0
[    7403ms] [ERROR] at Nori.LineFont.Get (string) [0x00082] in <d74c70f944404a48bd19ff5e27c91c79>:0 @ http://localhost:8090/_framework/blazor.webassembly.js:0
[    7403ms] [ERROR] at Nori.LineFont.Get (string) [0x00082] in <d74c70f944404a48bd19ff5e27c91c79>:0 @ http://localhost:8090/_framework/blazor.webassembly.js:0
[    7403ms] [ERROR] at Nori.LineFont.Get (string) [0x00082] in <d74c70f944404a48bd19ff5e27c91c79>:0 @ http://localhost:8090/_framework/blazor.webassembly.js:0
[    7403ms] [ERROR] at Nori.LineFont.Get (string) [0x00082] in <d74c70f944404a48bd19ff5e27c91c79>:0 @ http://localhost:8090/_framework/blazor.webassembly.js:0
[    7403ms] [ERROR] at Nori.LineFont.Get (string) [0x00082] in <d74c70f944404a48bd19ff5e27c91c79>:0 @ http://localhost:8090/_framework/blazor.webassembly.js:0
[    7403ms] [ERROR] at Nori.LineFont.Get (string) [0x00082] in <d74c70f944404a48bd19ff5e27c91c79>:0 @ http://localhost:8090/_framework/blazor.webassembly.js:0
[    7403ms] [ERROR] at Nori.LineFont.Get (string) [0x00082] in <d74c70f944404a48bd19ff5e27c91c79>:0 @ http://localhost:8090/_framework/blazor.webassembly.js:0
[    7403ms] [ERROR] at Nori.LineFont.Get (string) [0x00082] in <d74c70f944404a48bd19ff5e27c91c79>:0 @ http://localhost:8090/_framework/blazor.webassembly.js:0
[    7403ms] [ERROR] at Nori.LineFont.Get (string) [0x00082] in <d74c70f944404a48bd19ff5e27c91c79>:0 @ http://localhost:8090/_framework/blazor.webassembly.js:0
[    7403ms] [ERROR] at Nori.LineFont.Get (string) [0x00082] in <d74c70f944404a48bd19ff5e27c91c79>:0 @ http://localhost:8090/_framework/blazor.webassembly.js:0
[    7404ms] [ERROR] at Nori.LineFont.Get (string) [0x00082] in <d74c70f944404a48bd19ff5e27c91c79>:0 @ http://localhost:8090/_framework/blazor.webassembly.js:0
[    7404ms] [ERROR] at Nori.LineFont.Get (string) [0x00082] in <d74c70f944404a48bd19ff5e27c91c79>:0 @ http://localhost:8090/_framework/blazor.webassembly.js:0
[    7404ms] [ERROR] at Nori.LineFont.Get (string) [0x00082] in <d74c70f944404a48bd19ff5e27c91c79>:0 @ http://localhost:8090/_framework/blazor.webassembly.js:0
[    7404ms] [ERROR] at Nori.LineFont.Get (string) [0x00082] in <d74c70f944404a48bd19ff5e27c91c79>:0 @ http://localhost:8090/_framework/blazor.webassembly.js:0
[    7404ms] [ERROR] at Nori.LineFont.Get (string) [0x00082] in <d74c70f944404a48bd19ff5e27c91c79>:0 @ http://localhost:8090/_framework/blazor.webassembly.js:0
[    7404ms] [ERROR] at Nori.LineFont.Get (string) [0x00082] in <d74c70f944404a48bd19ff5e27c91c79>:0 @ http://localhost:8090/_framework/blazor.webassembly.js:0
[    7404ms] [ERROR] at Nori.LineFont.Get (string) [0x00082] in <d74c70f944404a48bd19ff5e27c91c79>:0 @ http://localhost:8090/_framework/blazor.webassembly.js:0
[    7404ms] [ERROR] at Nori.LineFont.Get (string) [0x00082] in <d74c70f944404a48bd19ff5e27c91c79>:0 @ http://localhost:8090/_framework/blazor.webassembly.js:0
[    7404ms] [ERROR] at Nori.LineFont.Get (string) [0x00082] in <d74c70f944404a48bd19ff5e27c91c79>:0 @ http://localhost:8090/_framework/blazor.webassembly.js:0
[    7404ms] [ERROR] at Nori.LineFont.Get (string) [0x00082] in <d74c70f944404a48bd19ff5e27c91c79>:0 @ http://localhost:8090/_framework/blazor.webassembly.js:0
[    7404ms] [ERROR] at Nori.LineFont.Get (string) [0x00082] in <d74c70f944404a48bd19ff5e27c91c79>:0 @ http://localhost:8090/_framework/blazor.webassembly.js:0
[    7404ms] [ERROR] at Nori.LineFont.Get (string) [0x00082] in <d74c70f944404a48bd19ff5e27c91c79>:0 @ http://localhost:8090/_framework/blazor.webassembly.js:0
[    7404ms] [ERROR] at Nori.LineFont.Get (string) [0x00082] in <d74c70f944404a48bd19ff5e27c91c79>:0 @ http://localhost:8090/_framework/blazor.webassembly.js:0
[    7404ms] [ERROR] at Nori.LineFont.Get (string) [0x00082] in <d74c70f944404a48bd19ff5e27c91c79>:0 @ http://localhost:8090/_framework/blazor.webassembly.js:0
[    7405ms] [ERROR] at Nori.LineFont.Get (string) [0x00082] in <d74c70f944404a48bd19ff5e27c91c79>:0 @ http://localhost:8090/_framework/blazor.webassembly.js:0
[    7405ms] [ERROR] at Nori.LineFont.Get (string) [0x00082] in <d74c70f944404a48bd19ff5e27c91c79>:0 @ http://localhost:8090/_framework/blazor.webassembly.js:0
[    7405ms] [ERROR] at Nori.LineFont.Get (string) [0x00082] in <d74c70f944404a48bd19ff5e27c91c79>:0 @ http://localhost:8090/_framework/blazor.webassembly.js:0
[    7405ms] [ERROR] at Nori.LineFont.Get (string) [0x00082] in <d74c70f944404a48bd19ff5e27c91c79>:0 @ http://localhost:8090/_framework/blazor.webassembly.js:0
[    7405ms] [ERROR] at Nori.LineFont.Get (string) [0x00082] in <d74c70f944404a48bd19ff5e27c91c79>:0 @ http://localhost:8090/_framework/blazor.webassembly.js:0
[    7405ms] [ERROR] at Nori.LineFont.Get (string) [0x00082] in <d74c70f944404a48bd19ff5e27c91c79>:0 @ http://localhost:8090/_framework/blazor.webassembly.js:0
[    7405ms] [ERROR] at Nori.LineFont.Get (string) [0x00082] in <d74c70f944404a48bd19ff5e27c91c79>:0 @ http://localhost:8090/_framework/blazor.webassembly.js:0
[    7405ms] [ERROR] at Nori.LineFont.Get (string) [0x00082] in <d74c70f944404a48bd19ff5e27c91c79>:0 @ http://localhost:8090/_framework/blazor.webassembly.js:0
[    7405ms] [ERROR] at Nori.LineFont.Get (string) [0x00082] in <d74c70f944404a48bd19ff5e27c91c79>:0 @ http://localhost:8090/_framework/blazor.webassembly.js:0
[    7405ms] [ERROR] at Nori.LineFont.Get (string) [0x00082] in <d74c70f944404a48bd19ff5e27c91c79>:0 @ http://localhost:8090/_framework/blazor.webassembly.js:0
[    7405ms] [ERROR] at Nori.LineFont.Get (string) [0x00082] in <d74c70f944404a48bd19ff5e27c91c79>:0 @ http://localhost:8090/_framework/blazor.webassembly.js:0
[    7405ms] [ERROR] at Nori.LineFont.Get (string) [0x00082] in <d74c70f944404a48bd19ff5e27c91c79>:0 @ http://localhost:8090/_framework/blazor.webassembly.js:0
[    7405ms] [ERROR] at Nori.LineFont.Get (string) [0x00082] in <d74c70f944404a48bd19ff5e27c91c79>:0 @ http://localhost:8090/_framework/blazor.webassembly.js:0
[    7405ms] [ERROR] at Nori.LineFont.Get (string) [0x00082] in <d74c70f944404a48bd19ff5e27c91c79>:0 @ http://localhost:8090/_framework/blazor.webassembly.js:0
[    7406ms] [ERROR] at Nori.LineFont.Get (string) [0x00082] in <d74c70f944404a48bd19ff5e27c91c79>:0 @ http://localhost:8090/_framework/blazor.webassembly.js:0
[    7406ms] [ERROR] at Nori.LineFont.Get (string) [0x00082] in <d74c70f944404a48bd19ff5e27c91c79>:0 @ http://localhost:8090/_framework/blazor.webassembly.js:0
[    7406ms] [ERROR] at Nori.LineFont.Get (string) [0x00082] in <d74c70f944404a48bd19ff5e27c91c79>:0 @ http://localhost:8090/_framework/blazor.webassembly.js:0
[    7406ms] [ERROR] at Nori.LineFont.Get (string) [0x00082] in <d74c70f944404a48bd19ff5e27c91c79>:0 @ http://localhost:8090/_framework/blazor.webassembly.js:0
[    7406ms] [ERROR] at Nori.LineFont.Get (string) [0x00082] in <d74c70f944404a48bd19ff5e27c91c79>:0 @ http://localhost:8090/_framework/blazor.webassembly.js:0
[    7406ms] [ERROR] at Nori.LineFont.Get (string) [0x00082] in <d74c70f944404a48bd19ff5e27c91c79>:0 @ http://localhost:8090/_framework/blazor.webassembly.js:0
[    7406ms] [ERROR] at Nori.LineFont.Get (string) [0x00082] in <d74c70f944404a48bd19ff5e27c91c79>:0 @ http://localhost:8090/_framework/blazor.webassembly.js:0
[    7406ms] [ERROR] at Nori.LineFont.Get (string) [0x00082] in <d74c70f944404a48bd19ff5e27c91c79>:0 @ http://localhost:8090/_framework/blazor.webassembly.js:0
[    7406ms] [ERROR] at Nori.LineFont.Get (string) [0x00082] in <d74c70f944404a48bd19ff5e27c91c79>:0 @ http://localhost:8090/_framework/blazor.webassembly.js:0
[    7406ms] [ERROR] at Nori.LineFont.Get (string) [0x00082] in <d74c70f944404a48bd19ff5e27c91c79>:0 @ http://localhost:8090/_framework/blazor.webassembly.js:0
[    7406ms] [ERROR] at Nori.LineFont.Get (string) [0x00082] in <d74c70f944404a48bd19ff5e27c91c79>:0 @ http://localhost:8090/_framework/blazor.webassembly.js:0
[    7406ms] [ERROR] at Nori.LineFont.Get (string) [0x00082] in <d74c70f944404a48bd19ff5e27c91c79>:0 @ http://localhost:8090/_framework/blazor.webassembly.js:0
[    7406ms] [ERROR] at Nori.LineFont.Get (string) [0x00082] in <d74c70f944404a48bd19ff5e27c91c79>:0 @ http://localhost:8090/_framework/blazor.webassembly.js:0
[    7406ms] [ERROR] at Nori.LineFont.Get (string) [0x00082] in <d74c70f944404a48bd19ff5e27c91c79>:0 @ http://localhost:8090/_framework/blazor.webassembly.js:0
[    7407ms] [ERROR] at Nori.LineFont.Get (string) [0x00082] in <d74c70f944404a48bd19ff5e27c91c79>:0 @ http://localhost:8090/_framework/blazor.webassembly.js:0
[    7407ms] [ERROR] at Nori.LineFont.Get (string) [0x00082] in <d74c70f944404a48bd19ff5e27c91c79>:0 @ http://localhost:8090/_framework/blazor.webassembly.js:0
[    7407ms] [ERROR] at Nori.LineFont.Get (string) [0x00082] in <d74c70f944404a48bd19ff5e27c91c79>:0 @ http://localhost:8090/_framework/blazor.webassembly.js:0
[    7407ms] [ERROR] at Nori.LineFont.Get (string) [0x00082] in <d74c70f944404a48bd19ff5e27c91c79>:0 @ http://localhost:8090/_framework/blazor.webassembly.js:0
[    7407ms] [ERROR] at Nori.LineFont.Get (string) [0x00082] in <d74c70f944404a48bd19ff5e27c91c79>:0 @ http://localhost:8090/_framework/blazor.webassembly.js:0
[    7407ms] [ERROR] at Nori.LineFont.Get (string) [0x00082] in <d74c70f944404a48bd19ff5e27c91c79>:0 @ http://localhost:8090/_framework/blazor.webassembly.js:0
[    7407ms] [ERROR] at Nori.LineFont.Get (string) [0x00082] in <d74c70f944404a48bd19ff5e27c91c79>:0 @ http://localhost:8090/_framework/blazor.webassembly.js:0
[    7407ms] [ERROR] at Nori.LineFont.Get (string) [0x00082] in <d74c70f944404a48bd19ff5e27c91c79>:0 @ http://localhost:8090/_framework/blazor.webassembly.js:0
[    7407ms] [ERROR] at Nori.LineFont.Get (string) [0x00082] in <d74c70f944404a48bd19ff5e27c91c79>:0 @ http://localhost:8090/_framework/blazor.webassembly.js:0
[    7407ms] [ERROR] at Nori.LineFont.Get (string) [0x00082] in <d74c70f944404a48bd19ff5e27c91c79>:0 @ http://localhost:8090/_framework/blazor.webassembly.js:0
[    7407ms] [ERROR] at Nori.LineFont.Get (string) [0x00082] in <d74c70f944404a48bd19ff5e27c91c79>:0 @ http://localhost:8090/_framework/blazor.webassembly.js:0
[    7407ms] [ERROR] at Nori.LineFont.Get (string) [0x00082] in <d74c70f944404a48bd19ff5e27c91c79>:0 @ http://localhost:8090/_framework/blazor.webassembly.js:0
[    7407ms] [ERROR] at Nori.LineFont.Get (string) [0x00082] in <d74c70f944404a48bd19ff5e27c91c79>:0 @ http://localhost:8090/_framework/blazor.webassembly.js:0
[    7407ms] [ERROR] at Nori.LineFont.Get (string) [0x00082] in <d74c70f944404a48bd19ff5e27c91c79>:0 @ http://localhost:8090/_framework/blazor.webassembly.js:0
[    7407ms] [ERROR] at Nori.LineFont.Get (string) [0x00082] in <d74c70f944404a48bd19ff5e27c91c79>:0 @ http://localhost:8090/_framework/blazor.webassembly.js:0
[    7408ms] [ERROR] at Nori.LineFont.Get (string) [0x00082] in <d74c70f944404a48bd19ff5e27c91c79>:0 @ http://localhost:8090/_framework/blazor.webassembly.js:0
[    7408ms] [ERROR] at Nori.LineFont.Get (string) [0x00082] in <d74c70f944404a48bd19ff5e27c91c79>:0 @ http://localhost:8090/_framework/blazor.webassembly.js:0
[    7408ms] [ERROR] at Nori.LineFont.Get (string) [0x00082] in <d74c70f944404a48bd19ff5e27c91c79>:0 @ http://localhost:8090/_framework/blazor.webassembly.js:0
[    7408ms] [ERROR] at Nori.LineFont.Get (string) [0x00082] in <d74c70f944404a48bd19ff5e27c91c79>:0 @ http://localhost:8090/_framework/blazor.webassembly.js:0
[    7408ms] [ERROR] at Nori.LineFont.Get (string) [0x00082] in <d74c70f944404a48bd19ff5e27c91c79>:0 @ http://localhost:8090/_framework/blazor.webassembly.js:0
[    7408ms] [ERROR] at Nori.LineFont.Get (string) [0x00082] in <d74c70f944404a48bd19ff5e27c91c79>:0 @ http://localhost:8090/_framework/blazor.webassembly.js:0
[    7408ms] [ERROR] at Nori.LineFont.Get (string) [0x00082] in <d74c70f944404a48bd19ff5e27c91c79>:0 @ http://localhost:8090/_framework/blazor.webassembly.js:0
[    7408ms] [ERROR] at Nori.LineFont.Get (string) [0x00082] in <d74c70f944404a48bd19ff5e27c91c79>:0 @ http://localhost:8090/_framework/blazor.webassembly.js:0
[    7408ms] [ERROR] at Nori.LineFont.Get (string) [0x00082] in <d74c70f944404a48bd19ff5e27c91c79>:0 @ http://localhost:8090/_framework/blazor.webassembly.js:0
[    7408ms] [ERROR] at Nori.LineFont.Get (string) [0x00082] in <d74c70f944404a48bd19ff5e27c91c79>:0 @ http://localhost:8090/_framework/blazor.webassembly.js:0
[    7409ms] [ERROR] at Nori.LineFont.Get (string) [0x00082] in <d74c70f944404a48bd19ff5e27c91c79>:0 @ http://localhost:8090/_framework/blazor.webassembly.js:0
[    7409ms] [ERROR] at Nori.LineFont.Get (string) [0x00082] in <d74c70f944404a48bd19ff5e27c91c79>:0 @ http://localhost:8090/_framework/blazor.webassembly.js:0
[    7409ms] [ERROR] at Nori.LineFont.Get (string) [0x00082] in <d74c70f944404a48bd19ff5e27c91c79>:0 @ http://localhost:8090/_framework/blazor.webassembly.js:0
[    7409ms] [ERROR] at Nori.LineFont.Get (string) [0x00082] in <d74c70f944404a48bd19ff5e27c91c79>:0 @ http://localhost:8090/_framework/blazor.webassembly.js:0
[    7409ms] [ERROR] at Nori.LineFont.Get (string) [0x00082] in <d74c70f944404a48bd19ff5e27c91c79>:0 @ http://localhost:8090/_framework/blazor.webassembly.js:0
[    7409ms] [ERROR] at Nori.LineFont.Get (string) [0x00082] in <d74c70f944404a48bd19ff5e27c91c79>:0 @ http://localhost:8090/_framework/blazor.webassembly.js:0
[    7409ms] [ERROR] at Nori.LineFont.Get (string) [0x00082] in <d74c70f944404a48bd19ff5e27c91c79>:0 @ http://localhost:8090/_framework/blazor.webassembly.js:0
[    7409ms] [ERROR] at Nori.LineFont.Get (string) [0x00082] in <d74c70f944404a48bd19ff5e27c91c79>:0 @ http://localhost:8090/_framework/blazor.webassembly.js:0
[    7409ms] [ERROR] at Nori.LineFont.Get (string) [0x00082] in <d74c70f944404a48bd19ff5e27c91c79>:0 @ http://localhost:8090/_framework/blazor.webassembly.js:0
[    7409ms] [ERROR] at Nori.LineFont.Get (string) [0x00082] in <d74c70f944404a48bd19ff5e27c91c79>:0 @ http://localhost:8090/_framework/blazor.webassembly.js:0
[    7409ms] [ERROR] at Nori.LineFont.Get (string) [0x00082] in <d74c70f944404a48bd19ff5e27c91c79>:0 @ http://localhost:8090/_framework/blazor.webassembly.js:0
[    7409ms] [ERROR] at Nori.LineFont.Get (string) [0x00082] in <d74c70f944404a48bd19ff5e27c91c79>:0 @ http://localhost:8090/_framework/blazor.webassembly.js:0
[    7409ms] [ERROR] at Nori.LineFont.Get (string) [0x00082] in <d74c70f944404a48bd19ff5e27c91c79>:0 @ http://localhost:8090/_framework/blazor.webassembly.js:0
[    7409ms] [ERROR] at Nori.LineFont.Get (string) [0x00082] in <d74c70f944404a48bd19ff5e27c91c79>:0 @ http://localhost:8090/_framework/blazor.webassembly.js:0
[    7409ms] [ERROR] at Nori.LineFont.Get (string) [0x00082] in <d74c70f944404a48bd19ff5e27c91c79>:0 @ http://localhost:8090/_framework/blazor.webassembly.js:0
[    7410ms] [ERROR] (null) @ http://localhost:8090/_framework/blazor.webassembly.js:0
[    7410ms] [ERROR] (null) @ http://localhost:8090/_framework/blazor.webassembly.js:0
[    7462ms] ExitStatus
